step,time_s,phase,wall_step_ms,outer_euler_residual_norm,inner_euler_residual_norm,euler_residual_norm_max,contact_current_error,contact_current_iterations,theta_beta_rad,theta_beta_deg,theta_tip_rad,theta_tip_deg,inner_interp_frame_0,inner_interp_frame_1,inner_interp_alpha,inner_to_outer_tip_distance_m,outer_tip_x_m,outer_tip_y_m,outer_tip_z_m,inner_pseudo_tip_x_m,inner_pseudo_tip_y_m,inner_pseudo_tip_z_m
1,0.005,initializing,19.528199918568134,0.0,4.036609130652379e-06,4.036609130652379e-06,0.0,0.0,0.0,0.0,0.0,0.0,59,60,1.0,4.951260580807909e-05,0.16968873188886147,0.0037284655940565807,-0.0,0.16964080483436267,0.0037160359689224296,0.0
2,0.01,initializing,13.907999964430928,0.0,4.089314261864204e-06,4.089314261864204e-06,0.0,0.0,0.0,0.0,0.0,0.0,59,60,1.0,0.00017174373625442984,0.16968873188886147,0.0037284655940565807,-0.0,0.1695374022199875,0.0036472544971477947,0.0
3,0.015,initializing,20.80739999655634,0.0,4.2497191114732675e-06,4.2497191114732675e-06,1.497979456603209e-06,501.0,0.0,0.0,0.0,0.0,59,60,0.9780444585504583,0.0014478703203850026,0.169689578030207,0.003675975497112725,-0.0,0.1692551278109633,0.00505712772320906,0.0
4,0.02,initializing,19.35010007582605,0.00011559236690742602,0.00011316486888796973,0.00011559236690742602,1.1331049999414008e-05,501.0,0.0,0.0,0.0,0.0,59,60,1.0,0.0009379771616484835,0.16967600580612824,0.003960350071789841,-0.0,0.1693296922052055,0.004832054176168195,0.0
5,0.025,initializing,20.963499904610217,0.0004464372947178508,0.00044565193133635133,0.0004464372947178508,3.5798572152086735e-06,501.0,0.0,0.0,0.0,0.0,59,60,1.0,0.0009260672061129356,0.16966930011367162,0.004017488567573324,-0.0,0.16930923319365426,0.004870689765033237,0.0
6,0.030000000000000002,initializing,22.580499993637204,0.00019952237780319164,0.0001988872290149807,0.00019952237780319164,1.3494231460825966e-06,501.0,0.0,0.0,0.0,0.0,59,60,1.0,0.0009318020613974741,0.16966214700371063,0.004156924551909256,-0.0,0.16927793791793433,0.005005828822149148,0.0
7,0.035,initializing,20.447000046260655,0.00021155890155269262,0.00021148222135139268,0.00021155890155269262,4.829973510133186e-07,315.0,0.0,0.0,0.0,0.0,59,60,1.0,0.0009418408033244251,0.16965455194827217,0.004316585042294942,-0.0,0.1692425212848521,0.005163517643632504,0.0
8,0.04,initializing,22.552000009454787,0.00035326704606026665,0.000353102293312636,0.00035326704606026665,2.0147885475932583e-06,501.0,0.0,0.0,0.0,0.0,59,60,1.0,0.0009473664850328178,0.16964714013875482,0.004444696481793343,-0.0,0.1692200605770345,0.005290336065140898,0.0
9,0.045,initializing,20.35569993313402,0.00031748689978362295,0.0003173919322620047,0.00031748689978362295,7.638911291912741e-07,501.0,0.0,0.0,0.0,0.0,59,60,1.0,0.0009517287401605179,0.1696397810021364,0.004580105815715766,-0.0,0.16919696730889305,0.005422544910204929,0.0
10,0.049999999999999996,initializing,20.000599906779826,0.0004652769266448821,0.00046517724011981167,0.0004652769266448821,2.8611358606297513e-06,501.0,0.0,0.0,0.0,0.0,59,60,1.0,0.0009557154125879525,0.16963253859226976,0.004710504678560323,-0.0,0.16917478202084632,0.005549462884418528,0.0
11,0.05499999999999999,initializing,19.79140006005764,0.0006003039645220288,0.0006002062513142107,0.0006003039645220288,1.3974301318570952e-06,501.0,0.0,0.0,0.0,0.0,59,60,1.0,0.0009593077361434957,0.16962542948063147,0.00483619378209607,-0.0,0.16915390013125298,0.005671616672193924,0.0
12,0.05999999999999999,initializing,21.46249997895211,0.0007255924776717091,0.0007254967017758376,0.0007255924776717091,4.212071929198977e-06,501.0,0.0,0.0,0.0,0.0,59,60,1.0,0.0009639854024740746,0.16961849242435598,0.004955797526653486,-0.0,0.16913502617866863,0.005789780887077473,0.0
13,0.06499999999999999,initializing,21.71020000241697,0.0008310832258556435,0.0008309889672982154,0.0008310832258556435,6.917185874389965e-06,501.0,0.0,0.0,0.0,0.0,59,60,1.0,0.0009677015787172067,0.1696117439238068,0.005069777753859853,-0.0,0.1691180605008298,0.0059020775936588915,0.0
14,0.06999999999999999,initializing,19.73349996842444,0.0009384192410669929,0.0009383272621475591,0.0009384192410669929,7.689310982055376e-06,501.0,0.0,0.0,0.0,0.0,59,60,1.0,0.0009708053273945041,0.16960520534405188,0.005178305913708513,-0.0,0.1691023421412177,0.006008722425425913,0.0
15,0.075,initializing,19.778199959546328,0.00104177091876548,0.0010416817974226802,0.00104177091876548,8.681160467656683e-06,501.0,0.0,0.0,0.0,0.0,59,60,1.0,0.0009724039795416972,0.16959888058097414,0.005281552500871057,-0.0,0.16908760921552077,0.006108698854484477,0.0
16,0.08,initializing,20.30259999446571,0.0011431457826748563,0.0011430597076276718,0.0011431457826748563,7.245438843530407e-06,501.0,0.0,0.0,0.0,0.0,59,60,1.0,0.0009759532891219195,0.16959281114020253,0.005378992416397809,-0.0,0.16907334023323606,0.006205209578748802,0.0
17,0.085,initializing,19.647200009785593,0.0012378804742477344,0.0012377975375179513,0.0012378804742477344,7.96475119753645e-06,501.0,0.0,0.0,0.0,0.0,59,60,1.0,0.0009774214629982953,0.16958695927476525,0.00547157878489167,-0.0,0.16905993006181727,0.006294739112549147,0.0
18,0.09000000000000001,initializing,19.53769999090582,0.0013435946417713867,0.0013435146985631317,0.0013435946417713867,7.018588669521851e-06,501.0,0.0,0.0,0.0,0.0,59,60,1.0,0.0009805154222632523,0.1695813638221151,0.005558732456261065,-0.0,0.16904680711304257,0.006380717625276673,0.0
19,0.09500000000000001,initializing,19.38079996034503,0.001429439942661193,0.0014293630904096445,0.001429439942661193,7.812739203615996e-06,501.0,0.0,0.0,0.0,0.0,59,60,1.0,0.000981888581831015,0.16957599047259864,0.005641359125730945,-0.0,0.16903445506948328,0.006460410158513891,0.0
20,0.10000000000000002,initializing,19.85319994855672,0.0015287478809999746,0.001528673892603124,0.0015287478809999746,7.014984049639667e-06,501.0,0.0,0.0,0.0,0.0,59,60,1.0,0.000984844827396372,0.1695708677478771,0.005718979643559664,-0.0,0.16902236449971803,0.006536942675003216,0.0
21,0.10500000000000002,initializing,21.255800034850836,0.0016064022712359441,0.0016063311968166096,0.0016064022712359441,1.1178275760834276e-05,501.0,0.0,0.0,0.0,0.0,59,60,1.0,0.0009861505555647978,0.16956595973335634,0.00579248878793898,-0.0,0.16901102010066074,0.006607678902148198,0.0
22,0.11000000000000003,initializing,28.389399987645447,0.0016969036189523248,0.0016968352283521619,0.0016969036189523248,7.716686397614904e-06,501.0,0.0,0.0,0.0,0.0,59,60,1.0,0.0009888574777060712,0.16956130057636648,0.00586153230766513,-0.0,0.16900029959504573,0.00667585227559688,0.0
23,0.11500000000000003,initializing,24.791099946014583,0.0017746592394335885,0.0017745929833672923,0.0017746592394335885,7.67831321702714e-06,501.0,0.0,0.0,0.0,0.0,59,60,1.0,0.0009898420301705597,0.1695568453710663,0.00592689615696488,-0.0,0.16899033100264643,0.006738591121262438,0.0
24,0.12000000000000004,initializing,22.255000076256692,0.001864134982052963,0.0018640713590511587,0.001864134982052963,6.611866750157345e-06,501.0,0.0,0.0,0.0,0.0,59,60,1.0,0.0009924650898967158,0.16955261538149957,0.005988142301869977,-0.0,0.1689804884054451,0.006799103261432439,0.0
25,0.12500000000000003,initializing,22.007899940945208,0.0019340631015567931,0.0019340021622069096,0.0019340631015567931,7.122024989196196e-06,501.0,0.0,0.0,0.0,0.0,59,60,1.0,0.0009935074952910593,0.16954856909680058,0.006046221349101103,-0.0,0.16897128016429122,0.006854797029913803,0.0
26,0.13000000000000003,initializing,20.591799984686077,0.0020218383408688563,0.002021779828189216,0.0020218383408688563,6.484297262918283e-06,501.0,0.0,0.0,0.0,0.0,59,60,1.0,0.0009959204788715019,0.16954472828175507,0.006100687332642345,-0.0,0.16896217417604548,0.006908454820324622,0.0
27,0.13500000000000004,initializing,20.71720000822097,0.0020848716831627294,0.0020848155711672154,0.0020848716831627294,6.998604358180442e-06,501.0,0.0,0.0,0.0,0.0,59,60,1.0,0.0009969620349357282,0.16954106285183726,0.006152339963820464,-0.0,0.16895371645031496,0.006957918950464225,0.0
28,0.14000000000000004,initializing,20.918999915011227,0.0021694527276792863,0.0021693987650734953,0.0021694527276792863,6.495514519178428e-06,501.0,0.0,0.0,0.0,0.0,59,60,1.0,0.000999246520371513,0.1695375875187123,0.006200738300038569,-0.0,0.16894537160661582,0.007005582335820845,0.0
29,0.14500000000000005,initializing,20.651299972087145,0.002226025426513901,0.0022259736630363203,0.002226025426513901,6.9404828373161154e-06,501.0,0.0,0.0,0.0,0.0,59,60,1.0,0.0010002483009468781,0.16953427672897994,0.006246630048762035,-0.0,0.1689376834534746,0.007049483165570407,0.0
30,0.15000000000000005,initializing,20.621499978005886,0.0023074617444824074,0.0023074119340785876,0.0023074617444824074,6.593073803555661e-06,501.0,0.0,0.0,0.0,0.0,59,60,1.0,0.001002370212408986,0.16953114269933084,0.00628955393741214,-0.0,0.16893017909265542,0.007091793793176308,0.0
31,0.15500000000000005,initializing,19.946100073866546,0.00236018971358657,0.002360141639460799,0.00236018971358657,7.373737988868066e-06,501.0,0.0,0.0,0.0,0.0,59,60,1.0,0.001003109296621231,0.16952816066143697,0.006330169009100717,-0.0,0.16892338360939468,0.0071304645659364275,0.0
32,0.16000000000000006,initializing,20.727500086650252,0.0024350084609646087,0.002434961974323385,0.0024350084609646087,6.785389724990812e-06,501.0,0.0,0.0,0.0,0.0,59,60,1.0,0.0010051511753834633,0.16952534541196923,0.006368064643177732,-0.0,0.16891669163392672,0.007167983053923067,0.0
33,0.16500000000000006,initializing,19.924000022001565,0.002484192313592541,0.0024841476609450664,0.002484192313592541,7.234613100159069e-06,501.0,0.0,0.0,0.0,0.0,59,60,1.0,0.0010057763189679023,0.16952266631535043,0.006403996286271691,-0.0,0.16891062047845226,0.0072021102488937245,0.0
34,0.17000000000000007,initializing,20.7983999280259,0.002556371233978049,0.002556328289936626,0.002556371233978049,6.656513319190299e-06,501.0,0.0,0.0,0.0,0.0,59,60,1.0,0.0010076700603775897,0.1695201391790421,0.006437469376334094,-0.0,0.16890456816702915,0.00723526087776208,0.0
35,0.17500000000000007,initializing,22.140700020827353,0.002600485765673187,0.0026004446226838966,0.002600485765673187,7.000136856659496e-06,501.0,0.0,0.0,0.0,0.0,59,60,1.0,0.0010082439929821245,0.16951773655925792,0.006469239447096603,-0.0,0.16889909704159725,0.007265380826860972,0.0
36,0.18000000000000008,initializing,22.18129998072982,0.0026703108402029684,0.002670271316684534,0.0026703108402029684,6.593102140693835e-06,501.0,0.0,0.0,0.0,0.0,59,60,1.0,0.0010099930777749682,0.16951547025881128,0.006498818727869801,-0.0,0.16889360710862567,0.007294665597307997,0.0
37,0.18500000000000008,initializing,21.360000013373792,0.002709237497337947,0.0027091996722226537,0.002709237497337947,6.822785403771709e-06,501.0,0.0,0.0,0.0,0.0,59,60,1.0,0.0010105253258972564,0.1695133186217482,0.006526916276882809,-0.0,0.1688886797147871,0.007321263600281206,0.0
38,0.19000000000000009,initializing,23.333100019954145,0.0027769965321925985,0.0027769601671408443,0.0027769965321925985,7.023629266982333e-06,501.0,0.0,0.0,0.0,0.0,59,60,1.0,0.001012160813147995,0.16951128692177655,0.006553040920057341,-0.0,0.16888376595080068,0.007347198928678991,0.0
39,0.1950000000000001,initializing,22.412699996493757,0.0028111900930293293,0.002811155274909125,0.0028111900930293293,6.493752319106761e-06,501.0,0.0,0.0,0.0,0.0,59,60,1.0,0.0010126853740145528,0.16950936655477825,0.006577920542135325,-0.0,0.16887931429070144,0.007370741966716348,0.0
40,0.2000000000000001,initializing,21.59879996906966,0.00288148463289717,0.002881451184892864,0.00288148463289717,7.404189663294169e-06,501.0,0.0,0.0,0.0,0.0,59,60,1.0,0.0010131254214659992,0.16950753928381274,0.006601208340789876,-0.0,0.16887501189780268,0.007392619880741089,0.0
41,0.2050000000000001,initializing,29.712499934248626,0.0029180932014238707,0.0029180611688275912,0.0029180932014238707,6.4188937651206e-06,501.0,0.0,0.0,0.0,0.0,59,60,1.0,0.0010149908567205462,0.16950582758494506,0.006622834174562437,-0.0,0.16887062016382196,0.007414489384471675,0.0
42,0.2100000000000001,initializing,28.20710011292249,0.0029459082565463724,0.0029458775726968274,0.0029459082565463724,6.141426191559318e-06,501.0,0.0,0.0,0.0,0.0,59,60,1.0,0.0010154431330640708,0.16950419786782467,0.0066435491823867154,-0.0,0.16886685298241946,0.007434065629739205,0.0
43,0.2150000000000001,initializing,30.55080003105104,0.003008834453580426,0.003008804938287628,0.003008834453580426,7.168799863691344e-06,501.0,0.0,0.0,0.0,0.0,59,60,1.0,0.0010158329165714667,0.1695026530981362,0.006662877665017168,-0.0,0.16886318691258445,0.007452180846263761,0.0
44,0.2200000000000001,initializing,26.90289996098727,0.0030231059226267835,0.003023077680157861,0.0030231059226267835,6.352112829125412e-06,501.0,0.0,0.0,0.0,0.0,59,60,1.0,0.001017545324267336,0.16950120657045958,0.0066808408710658405,-0.0,0.16885938941167103,0.007470441543319167,0.0
45,0.22500000000000012,initializing,26.966199977323413,0.003046091362072156,0.0030460643590638696,0.003046091362072156,5.963505050132713e-06,501.0,0.0,0.0,0.0,0.0,59,60,1.0,0.0010179418826194934,0.16949983095960214,0.006698094981165967,-0.0,0.1688562063809957,0.007486734999301357,0.0
46,0.23000000000000012,initializing,25.710599962621927,0.0031074717383709847,0.0031074457160247355,0.0031074717383709847,6.890848560519446e-06,501.0,0.0,0.0,0.0,0.0,59,60,1.0,0.0010182736088147886,0.16949852655085149,0.006714213639473246,-0.0,0.16885312918156956,0.007501832442024745,0.0
47,0.23500000000000013,initializing,26.04509994853288,0.0031392571024862095,0.003139232205292487,0.0031392571024862095,4.2138321665630704e-06,501.0,0.0,0.0,0.0,0.0,59,60,1.0,0.0010200616290736734,0.169497306984693,0.006729130485067355,-0.0,0.16885029618889877,0.007517738598919946,0.0
48,0.24000000000000013,initializing,26.1313000228256,0.003159563459664333,0.0031595395986545403,0.003159563459664333,4.662787982517058e-06,501.0,0.0,0.0,0.0,0.0,59,60,1.0,0.00102022072685526,0.16949613833871863,0.006743519176362133,-0.0,0.16884806111041192,0.007531457141975782,0.0
49,0.24500000000000013,initializing,25.406099972315133,0.003218593740598816,0.0032185707963364547,0.003218593740598816,4.848901530407047e-06,501.0,0.0,0.0,0.0,0.0,59,60,1.0,0.0010203257028159809,0.16949503471096936,0.006757038054855882,-0.0,0.16884596734446236,0.007544296648688048,0.0
50,0.2500000000000001,initializing,25.580799905583262,0.0032561328328377117,0.0032561108631142957,0.0032561328328377117,5.610519534857794e-06,501.0,0.0,0.0,0.0,0.0,59,60,1.0,0.0010204243253422404,0.16949398930139709,0.006769638673929045,-0.0,0.16884396550032732,0.007556235687521761,0.0
51,0.2550000000000001,initializing,24.993399973027408,0.0032711891363514083,0.0032711681160992826,0.0032711891363514083,3.6340256277157184e-06,501.0,0.0,0.0,0.0,0.0,59,60,1.0,0.0010218380843906407,0.16949301286188623,0.006781276669459017,-0.0,0.16884186058801456,0.007568775105611684,0.0
52,0.2600000000000001,initializing,26.24639996793121,0.003278744581341345,0.00327872449205062,0.003278744581341345,3.3130713900851538e-06,501.0,0.0,0.0,0.0,0.0,59,60,1.0,0.001021972108563964,0.1694920899119213,0.0067925293498922075,-0.0,0.16884014224100735,0.007579543469887873,0.0
53,0.2650000000000001,initializing,26.090300059877336,0.0033351548717079596,0.0033351354924610883,0.0033351548717079596,3.556898921896627e-06,501.0,0.0,0.0,0.0,0.0,59,60,1.0,0.0010220454008916953,0.16949121829432617,0.00680309742528262,-0.0,0.1688385648142676,0.007589621573959119,0.0
54,0.27000000000000013,initializing,26.60830004606396,0.003377771748964878,0.003377753209229978,0.003377771748964878,4.2931514076654226e-06,501.0,0.0,0.0,0.0,0.0,59,60,1.0,0.0010221166150652752,0.1694903970407182,0.006812917352051757,-0.0,0.16883704941469813,0.007598957589168431,0.0
55,0.27500000000000013,initializing,26.322399964556098,0.0034031055311549963,0.0034030877820453867,0.0034031055311549963,4.376302858934037e-06,501.0,0.0,0.0,0.0,0.0,59,60,1.0,0.001022198598624259,0.16948961806360247,0.006822155686638906,-0.0,0.16883557207588906,0.007607721610661453,0.0
56,0.28000000000000014,initializing,25.711700087413192,0.0034212464805483023,0.003421229503056449,0.0034212464805483023,4.709755191455713e-06,501.0,0.0,0.0,0.0,0.0,59,60,1.0,0.0010222750140808624,0.1694888774048101,0.006830791842875865,-0.0,0.1688341461960418,0.007615886263107488,0.0
57,0.28500000000000014,initializing,25.091300019994378,0.0034265870801830104,0.003426570836520695,0.0034265870801830104,5.433973418661054e-06,501.0,0.0,0.0,0.0,0.0,59,60,1.0,0.0010223576651205888,0.16948817243976042,0.0068388757912439145,-0.0,0.16883275848032664,0.007623508021789004,0.0
58,0.29000000000000015,initializing,24.19429994188249,0.0034183324862812566,0.0034183169824000647,0.0034183324862812566,3.0136910597956984e-06,501.0,0.0,0.0,0.0,0.0,59,60,1.0,0.00102382170274942,0.16948752066135947,0.006846300348430364,-0.0,0.16883122413747104,0.007632102964710483,0.0
59,0.29500000000000015,initializing,23.61799997743219,0.0034121866368006276,0.0034121718210544,0.0034121866368006276,2.4667052346730547e-06,501.0,0.0,0.0,0.0,0.0,59,60,1.0,0.0010239280929438062,0.16948690282328585,0.006853651308932481,-0.0,0.16883008988895892,0.007639161021679809,0.0
60,0.30000000000000016,initializing,25.47009999398142,0.0034607933791705315,0.0034607790536769233,0.0034607933791705315,3.2265368957594223e-06,501.0,0.0,0.0,0.0,0.0,59,60,1.0,0.001023983429119144,0.1694863248882083,0.006860488072129656,-0.0,0.16882907199676372,0.007645701864544396,0.0
61,0.30500000000000016,initializing,32.759000081568956,0.0034957384843681463,0.0034957247654344406,0.0034957384843681463,3.2247423636214794e-06,501.0,0.0,0.0,0.0,0.0,59,60,1.0,0.0010240481454387284,0.1694857828438296,0.006866906798934182,-0.0,0.1688280832943372,0.007651830939710868,0.0
62,0.31000000000000016,initializing,28.10640004463494,0.0035278807831275985,0.003527867661388749,0.0035278807831275985,3.4453617001333616e-06,501.0,0.0,0.0,0.0,0.0,59,60,1.0,0.0010241040519022731,0.1694852712941922,0.006872868530586689,-0.0,0.16882713928406984,0.007657503073781777,0.0
63,0.31500000000000017,initializing,33.777100034058094,0.003551158372089824,0.0035511458094145743,0.003551158372089824,3.680498748781221e-06,501.0,0.0,0.0,0.0,0.0,59,60,1.0,0.0010241620008581123,0.16948478691378904,0.006878442998739425,-0.0,0.16882622455639712,0.007662792044399637,0.0
64,0.3200000000000002,initializing,26.133500039577484,0.0035678387747461564,0.003567826757670906,0.0035678387747461564,3.930459598153508e-06,501.0,0.0,0.0,0.0,0.0,59,60,1.0,0.0010242216399847213,0.16948432685212816,0.006883665824692222,-0.0,0.1688253368371885,0.0076677335054588895,0.0
65,0.3250000000000002,initializing,23.776100017130375,0.0035776532734314572,0.00357764177787442,0.0035776532734314572,4.1436361025043856e-06,501.0,0.0,0.0,0.0,0.0,59,60,1.0,0.00102428503717835,0.16948388894962071,0.0068885690782395405,-0.0,0.16882447065690376,0.007672359453670183,0.0
66,0.3300000000000002,initializing,23.67610007058829,0.0035805668658636467,0.003580555875428965,0.0035805668658636467,4.346862574401925e-06,501.0,0.0,0.0,0.0,0.0,59,60,1.0,0.0010243504600903849,0.16948347116527135,0.006893180397886996,-0.0,0.168823626904501,0.007676697734399612,0.0
67,0.3350000000000002,initializing,24.144800030626357,0.0035767853279102353,0.0035767748250644313,0.0035767853279102353,4.5413490141347445e-06,501.0,0.0,0.0,0.0,0.0,59,60,1.0,0.0010244177285763131,0.1694830719228639,0.006897524618612621,-0.0,0.16882280461062424,0.007680773467324991,0.0
68,0.3400000000000002,initializing,23.664699983783066,0.0035666975902488886,0.003566687558715919,0.0035666975902488886,4.725716075328034e-06,501.0,0.0,0.0,0.0,0.0,59,60,1.0,0.0010244866545619596,0.16948268986435577,0.006901623434162962,-0.0,0.16882200302217032,0.007684608620445926,0.0
69,0.3450000000000002,initializing,24.378599948249757,0.00355073288247794,0.00355072330664835,0.00355073288247794,4.898997060086406e-06,501.0,0.0,0.0,0.0,0.0,59,60,1.0,0.0010245579117603024,0.16948232380282138,0.006905496316036409,-0.0,0.16882122055075197,0.007688223219019737,0.0
70,0.3500000000000002,initializing,24.68959998805076,0.0035292502967539524,0.003529241161255714,0.0035292502967539524,3.6226720109421767e-06,501.0,0.0,0.0,0.0,0.0,59,60,1.0,0.0010259276749371468,0.1694819899365937,0.006908917283815399,-0.0,0.16882032124441923,0.0076929594612510765,0.0
71,0.3550000000000002,initializing,25.134600000455976,0.003505012567553923,0.0035050038437354626,0.003505012567553923,1.959601673992739e-06,501.0,0.0,0.0,0.0,0.0,59,60,1.0,0.0010260525306982503,0.16948168150782122,0.006912562454594043,-0.0,0.16881971117901756,0.0076965133966407084,0.0
72,0.3600000000000002,initializing,25.052799959667027,0.0035470941043323962,0.0035470856305923233,0.0035470941043323962,2.237637848215702e-06,501.0,0.0,0.0,0.0,0.0,59,60,1.0,0.001026093601654136,0.16948139510127982,0.006915923919220734,-0.0,0.16881925624121832,0.007699786285552996,0.0
73,0.3650000000000002,initializing,24.35289998538792,0.0035849057509984563,0.0035848976284961636,0.0035849057509984563,2.34909003477965e-06,501.0,0.0,0.0,0.0,0.0,59,60,1.0,0.001026137373653607,0.1694811330691463,0.006919021028915978,-0.0,0.16881882357048406,0.007702796530951147,0.0
74,0.3700000000000002,initializing,25.092200026847422,0.003619084025681959,0.0036190762445770866,0.003619084025681959,2.4474622320162894e-06,501.0,0.0,0.0,0.0,0.0,59,60,1.0,0.0010261804964216774,0.16948088993062216,0.006921871428505781,-0.0,0.16881841383234275,0.007705562586070247,0.0
75,0.3750000000000002,initializing,24.81670002453029,0.0036498900171001492,0.0036498825728741345,0.0036498900171001492,2.5255095392602346e-06,501.0,0.0,0.0,0.0,0.0,59,60,1.0,0.0010262225477427514,0.1694806629714161,0.006924500720112324,-0.0,0.16881802439458915,0.007708109572791,0.0
76,0.3800000000000002,initializing,24.089899961836636,0.003677545498167127,0.0036775383901930694,0.003677545498167127,2.587844247409184e-06,501.0,0.0,0.0,0.0,0.0,59,60,1.0,0.0010262638229542613,0.1694804503432261,0.0069269336251905275,-0.0,0.16881765294187165,0.0077104622073510595,0.0
77,0.38500000000000023,initializing,24.119499954394996,0.003702294809527465,0.00370228802080319,0.003702294809527465,2.639135472216425e-06,501.0,0.0,0.0,0.0,0.0,59,60,1.0,0.0010263045051811138,0.16948025058017274,0.00692919170175211,-0.0,0.16881729794642159,0.0077126422380066045,0.0
78,0.39000000000000024,initializing,23.748899926431477,0.00372435270055654,0.0037243462066047293,0.00372435270055654,2.6822395350402555e-06,501.0,0.0,0.0,0.0,0.0,59,60,1.0,0.0010263446752501245,0.16948006246963887,0.006931293263534449,-0.0,0.16881695829538124,0.007714668171542349,0.0
79,0.39500000000000024,initializing,23.11170008033514,0.0037439092526182637,0.0037439030455059816,0.0037439092526182637,2.7189447713782216e-06,501.0,0.0,0.0,0.0,0.0,59,60,1.0,0.001026384363935136,0.16947988499215447,0.006933253809723158,-0.0,0.16881663309408332,0.007716555655907342,0.0
80,0.40000000000000024,initializing,22.85840001422912,0.003761140399075512,0.0037611344677437606,0.003761140399075512,2.750425237539316e-06,501.0,0.0,0.0,0.0,0.0,59,60,1.0,0.001026423584733913,0.16947971728130218,0.006935086511490703,-0.0,0.16881632157761617,0.00771831796874262,0.0
81,0.40500000000000025,initializing,26.696600019931793,0.003776215035172181,0.003776209368343503,0.003776215035172181,2.777505380950695e-06,501.0,0.0,0.0,0.0,0.0,59,60,1.0,0.001026462346230029,0.16947955859348748,0.006936802637979234,-0.0,0.16881602307284344,0.0077199664529449714,0.0
82,0.41000000000000025,initializing,27.227999991737306,0.003789295430076443,0.0037892900230500023,0.003789295430076443,2.8007680743134237e-06,501.0,0.0,0.0,0.0,0.0,59,60,1.0,0.0010265006575721745,0.16947940828509972,0.006938411910967319,-0.0,0.16881573698021202,0.007721510882403727,0.0
83,0.41500000000000026,initializing,28.291999944485724,0.003800539891813051,0.0038005347249110977,0.003800539891813051,2.8206702110604557e-06,501.0,0.0,0.0,0.0,0.0,59,60,1.0,0.0010265385273168924,0.16947926579419456,0.0069399227851305555,-0.0,0.16881546276331816,0.00772295974739047,0.0
84,0.42000000000000026,initializing,24.995699990540743,0.0038101020593534936,0.003810097131837012,0.0038101020593534936,2.8388478996873563e-06,501.0,0.0,0.0,0.0,0.0,59,60,1.0,0.001026575937612841,0.1694791306270175,0.0069413426300407805,-0.0,0.1688151999711112,0.007724320432940392,0.0
85,0.42500000000000027,initializing,25.08819999638945,0.0038181318564419965,0.00381812714021896,0.0038181318564419965,2.8527248827444785e-06,501.0,0.0,0.0,0.0,0.0,59,60,1.0,0.0010266129611286544,0.16947900234738078,0.006942677980457083,-0.0,0.1688149481021918,0.007725599516374854,0.0
86,0.43000000000000027,initializing,25.728599983267486,0.00382473864874973,0.0038247341388767714,0.00382473864874973,2.8639627801226717e-06,501.0,0.0,0.0,0.0,0.0,59,60,1.0,0.0010266496001700423,0.1694788805660442,0.006943934526792998,-0.0,0.16881470677158206,0.007726802697227237,0.0
87,0.4350000000000003,initializing,25.8662000996992,0.0038300517947656093,0.0038300474843668726,0.0038300517947656093,2.8725792404242533e-06,501.0,0.0,0.0,0.0,0.0,59,60,1.0,0.0010266858557107551,0.16947876493316255,0.006945117410399882,-0.0,0.16881447563197025,0.007727935122666259,0.0
88,0.4400000000000003,initializing,25.949800037778914,0.003834201490811125,0.0038341973808931956,0.003834201490811125,2.8786284693403036e-06,501.0,0.0,0.0,0.0,0.0,59,60,1.0,0.0010267217329509527,0.16947865513190444,0.006946231305282361,-0.0,0.16881425436302083,0.007729001472841576,0.0
89,0.4450000000000003,initializing,25.28059994801879,0.003837316553571988,0.0038373126310595612,0.003837316553571988,2.8821725640502012e-06,501.0,0.0,0.0,0.0,0.0,59,60,1.0,0.0010267572367774302,0.1694785508737526,0.006947280456009414,-0.0,0.16881404267145522,0.007730005996894804,0.0
90,0.4500000000000003,initializing,24.722500005736947,0.003839520234571679,0.003839516486072471,0.003839520234571679,2.883264149624343e-06,501.0,0.0,0.0,0.0,0.0,59,60,1.0,0.0010267923710487134,0.1694784518946148,0.006948268735033942,-0.0,0.16881384028831348,0.00773095257031701,0.0
91,0.4550000000000003,initializing,25.880999979563057,0.003840930065300351,0.003840926479382152,0.003840930065300351,2.8819254345517476e-06,501.0,0.0,0.0,0.0,0.0,59,60,1.0,0.0010268271376571948,0.16947835795164032,0.006949199695625926,-0.0,0.16881364696693207,0.00773184474763703,0.0
92,0.4600000000000003,initializing,24.312600027769804,0.0038416598951042666,0.003841656480611281,0.0038416598951042666,2.878203395295205e-06,501.0,0.0,0.0,0.0,0.0,59,60,1.0,0.001026861536319555,0.16947826882069925,0.006950076610198232,-0.0,0.16881346248122905,0.007732685801156785,0.0
93,0.4650000000000003,initializing,23.422099999152124,0.0038418187419372676,0.003841815474292684,0.0038418187419372676,2.872130891402378e-06,501.0,0.0,0.0,0.0,0.0,59,60,1.0,0.001026895564608247,0.16947818429446168,0.006950902499108523,-0.0,0.16881328662294262,0.007733478749080768,0.0
94,0.4700000000000003,initializing,24.162299931049347,0.003841510423969879,0.0038415073100500313,0.003841510423969879,2.8637279896044258e-06,501.0,0.0,0.0,0.0,0.0,59,60,1.0,0.0010269292188895662,0.16947810418010106,0.006951680161956289,-0.0,0.16881311919818778,0.007734226387069495,0.0
95,0.4750000000000003,initializing,23.160799988545477,0.003840834468097853,0.0038408314936841234,0.003840834468097853,2.853034342097467e-06,501.0,0.0,0.0,0.0,0.0,59,60,1.0,0.0010269624935495376,0.16947802829791997,0.006952412199787799,-0.0,0.16881296002711194,0.007734931310303252,0.0
96,0.4800000000000003,initializing,22.744700079783797,0.003839885799531862,0.003839882951194708,0.003839885799531862,2.8401329007425765e-06,501.0,0.0,0.0,0.0,0.0,59,60,1.0,0.001026995380665593,0.16947795648025285,0.006953101033708003,-0.0,0.16881280894293396,0.007735595931778964,0.0
97,0.4850000000000003,initializing,22.78860006481409,0.003838755033019867,0.003838752306325151,0.003838755033019867,2.825029291269458e-06,501.0,0.0,0.0,0.0,0.0,59,60,1.0,0.0010270278729053565,0.16947788857003654,0.0069537489242456774,-0.0,0.16881266578766052,0.007736222503053556,0.0
98,0.4900000000000003,initializing,23.310799966566265,0.0038375279318018807,0.0038375253256190235,0.0038375279318018807,2.8077736505655067e-06,501.0,0.0,0.0,0.0,0.0,59,60,1.0,0.0010270599603932403,0.16947782441985948,0.006954357980347876,-0.0,0.1688125304141607,0.007736813121697352,0.0
99,0.49500000000000033,initializing,23.934800061397254,0.0038362853411767397,0.0038362828488091895,0.0038362853411767397,2.7884050017787156e-06,501.0,0.0,0.0,0.0,0.0,59,60,1.0,0.001027091631854106,0.16947776389095082,0.006954930174540943,-0.0,0.16881240268206427,0.007737369745328208,0.0
100,0.5000000000000003,initializing,23.48350000102073,0.0038351032931811337,0.003835100913833822,0.0038351032931811337,2.766975035639978e-06,501.0,0.0,0.0,0.0,0.0,59,60,1.0,0.0010271228750817836,0.16947770685260138,0.006955467355300626,-0.0,0.1688122824579562,0.0077378942052536235,0.0
101,0.5050000000000003,initializing,28.401199961081147,0.003834053760099042,0.0038340514784756035,0.003834053760099042,2.743549610096837e-06,501.0,0.0,0.0,0.0,0.0,59,60,1.0,0.0010271536769531928,0.16947765318166244,0.006955971256574562,-0.0,0.16881216961560247,0.007738388216630112,0.0
102,0.5100000000000003,initializing,25.995900039561093,0.003833204889082732,0.003833202711784207,0.003833204889082732,2.718189564269019e-06,501.0,0.0,0.0,0.0,0.0,59,60,1.0,0.001027184023678859,0.16947760276154947,0.006956443505473649,-0.0,0.16881206403305862,0.007738853384871833,0.0
103,0.5150000000000003,initializing,27.77249994687736,0.003832620137053901,0.003832618050405553,0.003832620137053901,2.6909561431497452e-06,501.0,0.0,0.0,0.0,0.0,59,60,1.0,0.001027213900192831,0.16947755548159413,0.0069568856300241955,-0.0,0.16881196559181297,0.00773929121242406,0.0
104,0.5200000000000004,initializing,24.752099998295307,0.003832358273166627,0.0038323562679572895,0.003832358273166627,2.661985294643861e-06,501.0,0.0,0.0,0.0,0.0,59,60,1.0,0.0010272432897629087,0.16947751123700225,0.0069572990672434835,-0.0,0.1688118741804008,0.007739703109437727,0.0
105,0.5250000000000004,initializing,22.97659998293966,0.0038324748908807665,0.0038324729738266755,0.0038324748908807665,2.631189469194865e-06,501.0,0.0,0.0,0.0,0.0,59,60,1.0,0.0010272721575138206,0.169477469926844,0.006957685168263264,-0.0,0.16881178970904967,0.007740090391431144,0.0
106,0.5300000000000004,initializing,22.30560011230409,0.0038330202239460548,0.003833018392559248,0.0038330202239460548,2.598659433353938e-06,501.0,0.0,0.0,0.0,0.0,59,60,1.0,0.0010273005475744863,0.16947743145294797,0.006958045216946057,-0.0,0.16881171199596773,0.007740454329651663,0.0
107,0.5350000000000004,initializing,22.15129998512566,0.0038340266637111675,0.0038340249163152634,0.0038340266637111675,2.564579011924168e-06,501.0,0.0,0.0,0.0,0.0,59,60,1.0,0.0010273284148857446,0.16947739571839626,0.0069583803964022,-0.0,0.16881164095971773,0.007740796061716074,0.0
108,0.5400000000000004,initializing,22.78890006709844,0.0038355297670619654,0.003835528100097295,0.0038355297670619654,2.5289648584618943e-06,501.0,0.0,0.0,0.0,0.0,59,60,1.0,0.0010273557418677816,0.16947736263440635,0.006958691865246204,-0.0,0.16881157649177586,0.007741116706767682,0.0
109,0.5450000000000004,initializing,23.14699999988079,0.003837569135216773,0.0038375675521658105,0.003837569135216773,2.491887281923993e-06,501.0,0.0,0.0,0.0,0.0,59,60,1.0,0.0010273825101976396,0.16947733211650975,0.00695898071392481,-0.0,0.1688115184858319,0.0077414173129304875,0.0
110,0.5500000000000004,initializing,23.073400021530688,0.0038401811566954377,0.003840179633066796,0.0038401811566954377,2.4534234791339204e-06,501.0,0.0,0.0,0.0,0.0,59,60,1.0,0.001027408701163955,0.1694773040838522,0.0069592479706818994,-0.0,0.16881146683549664,0.00774169886238674,0.0
111,0.5550000000000004,initializing,22.90560002438724,0.003843398774672878,0.0038433973171125187,0.003843398774672878,2.4136512998654203e-06,501.0,0.0,0.0,0.0,0.0,59,60,1.0,0.0010274342958891737,0.1694772784587522,0.006959494605660724,-0.0,0.16881142143299835,0.007741962275039786,0.0
112,0.5600000000000004,initializing,23.569999961182475,0.0038472513450103904,0.00384724995644291,0.0038472513450103904,2.372766742246066e-06,501.0,0.0,0.0,0.0,0.0,59,60,1.0,0.001027459275211786,0.16947725516619935,0.006959721537270581,-0.0,0.1688113821691566,0.007742208415133726,0.0
113,0.5650000000000004,initializing,23.64929998293519,0.00385176481245603,0.003851763475357207,0.00385176481245603,2.3496195321937415e-06,501.0,0.0,0.0,0.0,0.0,59,60,1.0,0.0010274836046097213,0.16947723413468327,0.00695992963219088,-0.0,0.1688113489519964,0.007742438086598791,0.0
114,0.5700000000000004,initializing,22.805799962952733,0.0038569659211594143,0.003856964644506378,0.0038569659211594143,2.339826282116758e-06,501.0,0.0,0.0,0.0,0.0,59,60,1.0,0.0010275072657471218,0.16947721530156024,0.006960119753039012,-0.0,0.16881132166942783,0.007742652085820631,0.0
115,0.5750000000000004,initializing,22.715499973855913,0.003862897478981579,0.003862896250357479,0.003862897478981579,2.3298131253354714e-06,501.0,0.0,0.0,0.0,0.0,59,60,1.0,0.001027530244417724,0.16947719860104907,0.006960292658634743,-0.0,0.16881130019876683,0.00774285110439526,0.0
116,0.5800000000000004,initializing,22.17520005069673,0.0038695721558002676,0.0038695709772986475,0.0038695721558002676,2.319721295134282e-06,501.0,0.0,0.0,0.0,0.0,59,60,1.0,0.0010275525160748562,0.16947718396622155,0.006960449063010547,-0.0,0.1688112844222765,0.007743035780675457,0.0
117,0.5850000000000004,initializing,22.02379994560033,0.003876998762017574,0.0038769976378994326,0.003876998762017574,2.3095555347538535e-06,501.0,0.0,0.0,0.0,0.0,59,60,1.0,0.001027574060218921,0.16947717133038323,0.0069605896650368655,-0.0,0.16881127420941933,0.007743206732015846,0.0
118,0.5900000000000004,initializing,22.047300008125603,0.0038851835163274786,0.0038851824358972363,0.0038851835163274786,2.2993113605595456e-06,501.0,0.0,0.0,0.0,0.0,59,60,1.0,0.0010275948554638533,0.1694771606266676,0.006960715137353491,-0.0,0.1688112694198121,0.007743364540092862,0.0
119,0.5950000000000004,initializing,23.186700069345534,0.003894127835024568,0.003894126800900709,0.003894127835024568,2.2889862523068844e-06,501.0,0.0,0.0,0.0,0.0,59,60,1.0,0.0010276148794900162,0.1694771517876222,0.006960826130886723,-0.0,0.16881126990312348,0.007743509755632826,0.0
120,0.6000000000000004,initializing,22.95739995315671,0.003903828614727813,0.003903827624409538,0.003903828614727813,2.2785736954720663e-06,501.0,0.0,0.0,0.0,0.0,59,60,1.0,0.0010276341069363141,0.16947714474410633,0.006960923275155026,-0.0,0.16881127549409974,0.007743642892664684,0.0
121,0.6050000000000004,initializing,26.946900063194335,0.003914276221952911,0.00391427527524458,0.003914276221952911,2.26813593990332e-06,501.0,0.0,0.0,0.0,0.0,59,60,1.0,0.0010276525096712182,0.16947713942505743,0.006961007183623626,-0.0,0.16881128601259335,0.007743764434464196,0.0
122,0.6100000000000004,initializing,26.80500003043562,0.003925455518493762,0.003925454612628376,0.003925455518493762,2.2575165655470607e-06,501.0,0.0,0.0,0.0,0.0,59,60,1.0,0.0010276700678920067,0.1694771357576515,0.006961078456086741,-0.0,0.16881130125345878,0.007743874841788411,0.0
123,0.6150000000000004,initializing,29.60199990775436,0.003937342200253471,0.003937341336456671,0.003937342200253471,2.2468313443461506e-06,501.0,0.0,0.0,0.0,0.0,59,60,1.0,0.0010276867536587256,0.16947713366674552,0.006961137674270213,-0.0,0.1688113210032465,0.0077439745415484144,0.0
124,0.6200000000000004,initializing,24.874199996702373,0.003949909008613372,0.0039499081764924355,0.003949909008613372,2.2362804481567743e-06,501.0,0.0,0.0,0.0,0.0,59,60,1.0,0.00102770255492827,0.16947713308023324,0.006961185441708295,-0.0,0.16881134505699433,0.007744064007973662,0.0
125,0.6250000000000004,initializing,24.24950001295656,0.003963137119662324,0.0039631363143055025,0.003963137119662324,2.2260337932111632e-06,501.0,0.0,0.0,0.0,0.0,59,60,1.0,0.0010277174622786288,0.16947713392818078,0.006961222357235288,-0.0,0.16881137322094592,0.007744143721725076,0.0
126,0.6300000000000004,initializing,22.81829994171858,0.0039770079112296545,0.003977007139617741,0.0039770079112296545,2.2162867848632195e-06,501.0,0.0,0.0,0.0,0.0,59,60,1.0,0.001027731461447102,0.1694771361402425,0.006961248997071398,-0.0,0.1688114052986965,0.007744214132605955,0.0
127,0.6350000000000005,initializing,25.48479998949915,0.0039914967338023,0.0039914959913419585,0.0039914967338023,2.207335680593708e-06,501.0,0.0,0.0,0.0,0.0,59,60,1.0,0.0010277445298397618,0.1694771396426886,0.006961265912128627,-0.0,0.16881144107301252,0.007744275639365,0.0
128,0.6400000000000005,initializing,25.44959995429963,0.004006568861736677,0.004006568146855503,0.004006568861736677,2.1997059814327054e-06,501.0,0.0,0.0,0.0,0.0,59,60,1.0,0.001027756625739059,0.16947714435201533,0.0069612736250726755,-0.0,0.16881148027433177,0.0077443285512638245,0.0
129,0.6450000000000005,initializing,24.00039997883141,0.004022168806352947,0.004022168122065052,0.004022168806352947,2.202672474075457e-06,501.0,0.0,0.0,0.0,0.0,59,60,1.0,0.0010277563372743327,0.16947714981017403,0.006961274015832018,-0.0,0.16881152312841696,0.0077443603516473124,0.0
130,0.6500000000000005,initializing,24.846200016327202,0.004037766394605755,0.004037765735625964,0.004037766394605755,2.212226218164459e-06,501.0,0.0,0.0,0.0,0.0,59,60,1.0,0.0010277448868093472,0.1694771557370771,0.006961267114475333,-0.0,0.16881156725113727,0.007744370887769187,0.0
131,0.6550000000000005,initializing,26.250399998389184,0.0040529233507388745,0.004052922721297011,0.0040529233507388745,2.221037032182646e-06,501.0,0.0,0.0,0.0,0.0,59,60,1.0,0.001027731556834594,0.16947716203255367,0.0069612524704670605,-0.0,0.16881161021230245,0.0077443699121537805,0.0
132,0.6600000000000005,initializing,25.531499995850027,0.004067444371079011,0.004067443760241031,0.004067444371079011,2.2282547007075015e-06,501.0,0.0,0.0,0.0,0.0,59,60,1.0,0.0010277182994408442,0.1694771685259868,0.006961231637097892,-0.0,0.16881165168084772,0.007744361404021429,0.0
133,0.6650000000000005,initializing,24.85130005516112,0.004081347012877801,0.004081346435764416,0.004081347012877801,2.2338005381562138e-06,501.0,0.0,0.0,0.0,0.0,59,60,1.0,0.0010277055471862283,0.16947717509144788,0.006961206333666058,-0.0,0.16881169158828663,0.007744347699408901,0.0
134,0.6700000000000005,initializing,24.524100008420646,0.004094658464931798,0.004094657906577528,0.004094658464931798,2.2379608934331056e-06,501.0,0.0,0.0,0.0,0.0,59,60,1.0,0.0010276933756213026,0.16947718163861852,0.006961178032086464,-0.0,0.16881172993064214,0.007744330442953737,0.0
135,0.6750000000000005,initializing,25.87810007389635,0.004107407348568242,0.004107406816533668,0.004107407348568242,2.2410638921698584e-06,501.0,0.0,0.0,0.0,0.0,59,60,1.0,0.0010276817742210641,0.16947718810270546,0.006961147896105313,-0.0,0.1688117667314999,0.007744310859867683,0.0
136,0.6800000000000005,initializing,24.7222000034526,0.004119620745301778,0.004119620227604597,0.004119620745301778,2.2433866426437573e-06,501.0,0.0,0.0,0.0,0.0,59,60,1.0,0.0010276707122997629,0.1694771944375015,0.006961116813659197,-0.0,0.16881180202910295,0.007744289869735743,0.0
137,0.6850000000000005,initializing,25.019099935889244,0.0041313235919486005,0.004131323092430902,0.0041313235919486005,2.2451401811054703e-06,501.0,0.0,0.0,0.0,0.0,59,60,1.0,0.0010276601570342887,0.16947720061061503,0.006961085447965115,-0.0,0.16881183586863524,0.007744268158758652,0.0
138,0.6900000000000005,initializing,24.84800003003329,0.004142538777459512,0.00414253830977908,0.004142538777459512,2.246480925916077e-06,501.0,0.0,0.0,0.0,0.0,59,60,1.0,0.0010276500779508994,0.16947720660001925,0.006961054286383824,-0.0,0.16881186829830708,0.007744246234112639,0.0
139,0.6950000000000005,initializing,25.397000019438565,0.0041532875629567735,0.004153287113093832,0.0041532875629567735,2.247523028049955e-06,501.0,0.0,0.0,0.0,0.0,59,60,1.0,0.0010276404481099819,0.16947721239146837,0.006961023681112393,-0.0,0.16881189936736735,0.007744224466705226,0.0
140,0.7000000000000005,initializing,24.701599963009357,0.004163589881891939,0.004163589445181498,0.004163589881891939,2.2483477603711306e-06,501.0,0.0,0.0,0.0,0.0,59,60,1.0,0.0010276312432404096,0.16947721797657225,0.006960993881675577,-0.0,0.16881192912514548,0.00774420312335437,0.0
141,0.7050000000000005,initializing,25.096499943174422,0.004173464652664756,0.004173464235761694,0.004173464652664756,2.249015027692561e-06,501.0,0.0,0.0,0.0,0.0,59,60,1.0,0.0010276224417552565,0.16947722335129456,0.006960965059495871,-0.0,0.16881195762056952,0.0077441823922470825,0.0
142,0.7100000000000005,initializing,30.864399974234402,0.004182929790591729,0.004182929401457831,0.004182929790591729,2.249569363547763e-06,501.0,0.0,0.0,0.0,0.0,59,60,1.0,0.0010276140237429952,0.16947722851485386,0.006960937327128727,-0.0,0.16881198490177096,0.0077441624014500735,0.0
143,0.7150000000000005,initializing,31.183000071905553,0.004192002350418252,0.004192001984573451,0.004192002350418252,2.2500414089296237e-06,501.0,0.0,0.0,0.0,0.0,59,60,1.0,0.0010276059712151027,0.16947723346886026,0.006960910753041083,-0.0,0.1688120110159423,0.007744143234626678,0.0
144,0.7200000000000005,initializing,30.097599956206977,0.004200698620426848,0.0042006982779980865,0.004200698620426848,2.250453119673971e-06,501.0,0.0,0.0,0.0,0.0,59,60,1.0,0.0010275982672203578,0.16947723821669414,0.006960885372780851,-0.0,0.16881203600940226,0.00774412494162827,0.0
145,0.7250000000000005,initializing,27.30300009716302,0.004209034234647595,0.004209033922345967,0.004209034234647595,2.250819682003893e-06,501.0,0.0,0.0,0.0,0.0,59,60,1.0,0.00102759089599866,0.16947724276293097,0.006960861197312092,-0.0,0.1688120599271016,0.007744107547100799,0.0
146,0.7300000000000005,initializing,28.5521000623703,0.004217024082324792,0.004217023794939947,0.004217024082324792,2.2511529019476358e-06,501.0,0.0,0.0,0.0,0.0,59,60,1.0,0.0010275838426582105,0.1694772471130717,0.006960838219602455,-0.0,0.16881208281258306,0.007744091056844482,0.0
147,0.7350000000000005,initializing,27.119599981233478,0.0042246824444264735,0.004224682162461294,0.0042246824444264735,2.2514616566300737e-06,501.0,0.0,0.0,0.0,0.0,59,60,1.0,0.0010275770932487147,0.1694772512732143,0.006960816419307334,-0.0,0.16881210470837424,0.007744075463207201,0.0
148,0.7400000000000005,initializing,26.620800024829805,0.004232022985981751,0.004232022722582613,0.004232022985981751,2.2517503820870534e-06,501.0,0.0,0.0,0.0,0.0,59,60,1.0,0.0010275706344216257,0.1694772552497574,0.006960795767083421,-0.0,0.16881212565537976,0.007744060748688428,0.0
149,0.7450000000000006,initializing,26.67930000461638,0.004239058819794535,0.004239058562348528,0.004239058819794535,2.252023899717584e-06,501.0,0.0,0.0,0.0,0.0,59,60,1.0,0.001027564453791777,0.1694772590493814,0.006960776226787491,-0.0,0.1688121456930936,0.0077440468888092286,0.0
150,0.7500000000000006,initializing,25.685700005851686,0.004245802456521731,0.0042458021997898105,0.004245802456521731,2.2522847108623653e-06,501.0,0.0,0.0,0.0,0.0,59,60,1.0,0.0010275585391405237,0.1694772626787877,0.006960757758251392,-0.0,0.16881216485966793,0.00774403385412227,0.0
151,0.7550000000000006,initializing,24.989400058984756,0.004252265935844766,0.0042522656949641,0.004252265935844766,2.252535225036231e-06,501.0,0.0,0.0,0.0,0.0,59,60,1.0,0.0010275528791197372,0.1694772661447062,0.006960740318469625,-0.0,0.16881218319175628,0.007744021612183875,0.0
152,0.7600000000000006,initializing,26.275500073097646,0.004258460748712956,0.004258460511167448,0.004258460748712956,2.252776084084883e-06,501.0,0.0,0.0,0.0,0.0,59,60,1.0,0.0010275474627338148,0.16947726945371394,0.0069607238630420435,-0.0,0.16881220072440095,0.007744010128375929,0.0
153,0.7650000000000006,initializing,26.148300035856664,0.004264397840669587,0.004264397612085029,0.004264397840669587,2.2530087083418245e-06,501.0,0.0,0.0,0.0,0.0,59,60,1.0,0.0010275422797486403,0.16947727261231105,0.006960708347123257,-0.0,0.1688122174912742,0.007743999367532466,0.0
154,0.7700000000000006,initializing,25.633000070229173,0.004270087751182328,0.004270087545053745,0.004270087751182328,2.2532331158187122e-06,501.0,0.0,0.0,0.0,0.0,59,60,1.0,0.0010275373202105263,0.16947727562678966,0.006960693726328791,-0.0,0.16881223352468475,0.007743989294331897,0.0
155,0.7750000000000006,initializing,24.961399962194264,0.004275540606662031,0.004275540413317773,0.004275540606662031,2.2534509609633345e-06,501.0,0.0,0.0,0.0,0.0,59,60,1.0,0.0010275325747813335,0.16947727850333877,0.006960679956782262,-0.0,0.16881224885583487,0.00774397987391337,0.0
156,0.7800000000000006,initializing,26.301800040528178,0.0042807661207474226,0.004280765945401909,0.0042807661207474226,2.253662134484315e-06,501.0,0.0,0.0,0.0,0.0,59,60,1.0,0.0010275280344110645,0.16947728124789252,0.006960666995911061,-0.0,0.1688122635147133,0.007743971072281039,0.0
157,0.7850000000000006,initializing,26.6376999206841,0.004285773661732035,0.004285773495130714,0.004285773661732035,2.253865526845805e-06,501.0,0.0,0.0,0.0,0.0,59,60,1.0,0.0010275236903114573,0.1694772838662269,0.006960654802232755,-0.0,0.16881227752991787,0.0077439628558234955,0.0
158,0.7900000000000006,initializing,25.949200033210218,0.004290572179611685,0.00429057201385897,0.004290572179611685,2.2540631323605894e-06,501.0,0.0,0.0,0.0,0.0,59,60,1.0,0.0010275195342953304,0.16947728636392106,0.006960643335569976,-0.0,0.16881229092926445,0.007743955192523737,0.0
159,0.7950000000000006,initializing,26.84090007096529,0.004295170280455434,0.004295170119862579,0.004295170280455434,2.254254576444736e-06,501.0,0.0,0.0,0.0,0.0,59,60,1.0,0.0010275155582298284,0.16947728874630863,0.006960632557477593,-0.0,0.1688123037392295,0.007743948051237506,0.0
160,0.8000000000000006,initializing,25.930000003427267,0.004299576245611439,0.004299576098348805,0.004299576245611439,2.2544398167971664e-06,501.0,0.0,0.0,0.0,0.0,59,60,1.0,0.0010275117545362135,0.16947729101855225,0.006960622430846563,-0.0,0.16881231598508756,0.007743941402006285,0.0
161,0.8050000000000006,initializing,30.74630000628531,0.004303797985058118,0.004303797845935595,0.004303797985058118,2.2546206420900706e-06,501.0,0.0,0.0,0.0,0.0,59,60,1.0,0.0010275081158779272,0.16947729318561391,0.006960612920171015,-0.0,0.16881232769141488,0.0077439352163682085,0.0
162,0.8100000000000006,initializing,30.179900000803173,0.004307843111834004,0.00430784298167639,0.004307843111834004,2.2547961169553565e-06,501.0,0.0,0.0,0.0,0.0,59,60,1.0,0.0010275046351172256,0.169477295252213,0.0069606039917150435,-0.0,0.16881233888153557,0.0077439294670335005,0.0
163,0.8150000000000006,initializing,27.25419995840639,0.0043117189370238135,0.004311718805434059,0.0043117189370238135,2.254965747375361e-06,501.0,0.0,0.0,0.0,0.0,59,60,1.0,0.001027501305548818,0.16947729722290472,0.006960595613084227,-0.0,0.16881234957764454,0.007743924127800415,0.0
164,0.8200000000000006,initializing,26.14600001834333,0.004315432437042327,0.004315432311747995,0.004315432437042327,2.2551302210451545e-06,501.0,0.0,0.0,0.0,0.0,59,60,1.0,0.0010274981208914767,0.16947729910205292,0.006960587753508772,-0.0,0.16881235980125475,0.007743919174230269,0.0
165,0.8250000000000006,initializing,25.3873000619933,0.004318990326019294,0.004318990203718887,0.004318990326019294,2.2552898823758376e-06,501.0,0.0,0.0,0.0,0.0,59,60,1.0,0.001027495074682294,0.16947730089382546,0.006960580383721703,-0.0,0.16881236957300955,0.007743914582575796,0.0
166,0.8300000000000006,initializing,25.946300011128187,0.004322399063687245,0.004322398948519511,0.004322399063687245,2.255444267454418e-06,501.0,0.0,0.0,0.0,0.0,59,60,1.0,0.0010274921611351615,0.1694773026022004,0.006960573476010232,-0.0,0.168812378912498,0.007743910330796706,0.0
167,0.8350000000000006,initializing,25.90739994775504,0.004325664834063965,0.00432566472188528,0.004325664834063965,2.2555932109177778e-06,501.0,0.0,0.0,0.0,0.0,59,60,1.0,0.0010274893745432026,0.16947730423099647,0.006960567003969077,-0.0,0.1688123878384402,0.007743906397660677,0.0
168,0.8400000000000006,initializing,25.07750003132969,0.004328793549926868,0.004328793435865322,0.004328793549926868,2.25573702304094e-06,501.0,0.0,0.0,0.0,0.0,59,60,1.0,0.0010274867095397828,0.16947730578385825,0.006960560942531136,-0.0,0.1688123963688583,0.0077439027632743695,0.0
169,0.8450000000000006,initializing,25.53079999051988,0.004331790881234727,0.00433179078045877,0.004331790881234727,2.2558766189855897e-06,501.0,0.0,0.0,0.0,0.0,59,60,1.0,0.001027484160851377,0.1694773072642863,0.0069605552679497616,-0.0,0.16881240452115767,0.0077438994087847286,0.0
170,0.8500000000000006,initializing,25.448799948208034,0.004334662288809672,0.004334662195859927,0.004334662288809672,2.2560114973559717e-06,501.0,0.0,0.0,0.0,0.0,59,60,1.0,0.0010274817233961449,0.1694773086755903,0.00696054995784366,-0.0,0.16881241231185323,0.007743896316360976,0.0
171,0.8550000000000006,initializing,25.663400068879128,0.004337413020134411,0.004337412927972698,0.004337413020134411,2.2561413092941188e-06,501.0,0.0,0.0,0.0,0.0,59,60,1.0,0.0010274793925123793,0.16947731002095648,0.006960544990973802,-0.0,0.1688124197566064,0.007743893469245191,0.0
172,0.8600000000000007,initializing,27.318899985402822,0.0043400480778864195,0.004340047986770388,0.0043400480778864195,2.2562662496261443e-06,501.0,0.0,0.0,0.0,0.0,59,60,1.0,0.001027477163528341,0.1694773113034213,0.006960540347187679,-0.0,0.16881242687052414,0.007743890851408655,0.0
173,0.8650000000000007,initializing,28.50729995407164,0.004342572261091259,0.004342572174055756,0.004342572261091259,2.2563865240169766e-06,501.0,0.0,0.0,0.0,0.0,59,60,1.0,0.0010274750322041744,0.16947731252588294,0.006960536007452648,-0.0,0.168812433668085,0.007743888448092403,0.0
174,0.8700000000000007,initializing,28.358899988234043,0.004344990174191741,0.004344990083461528,0.004344990174191741,2.256502434525604e-06,501.0,0.0,0.0,0.0,0.0,59,60,1.0,0.0010274729942505287,0.16947731369111357,0.006960531953755785,-0.0,0.1688124401631738,0.007743886245094672,0.0
175,0.8750000000000007,initializing,27.77859999332577,0.004347306237340271,0.004347306155958945,0.004347306237340271,2.2566143852742342e-06,501.0,0.0,0.0,0.0,0.0,59,60,1.0,0.0010274710456631261,0.16947731480175865,0.00696052816914353,-0.0,0.16881244636912215,0.00774388422928449,0.0
176,0.8800000000000007,initializing,26.452100020833313,0.004349524700416737,0.004349524624350805,0.004349524700416737,2.2567220555019e-06,501.0,0.0,0.0,0.0,0.0,59,60,1.0,0.0010274691825080502,0.16947731586033188,0.00696052463759539,-0.0,0.168812452298571,0.007743882388081337,0.0
177,0.8850000000000007,initializing,26.80830005556345,0.004351649635770719,0.0043516495687808505,0.004351649635770719,2.2568253314056485e-06,501.0,0.0,0.0,0.0,0.0,59,60,1.0,0.0010274674011350642,0.16947731686924322,0.006960521343963514,-0.0,0.16881245796356814,0.0077438807097336415,0.0
178,0.8900000000000007,initializing,26.686000055633485,0.004353684932951995,0.004353684861222245,0.004353684932951995,2.256924410766945e-06,501.0,0.0,0.0,0.0,0.0,59,60,1.0,0.0010274656981239685,0.1694773178307896,0.006960518273896056,-0.0,0.16881246337570496,0.007743879183295737,0.0
179,0.8950000000000007,initializing,28.368799947202206,0.004355634318408855,0.004355634248743344,0.004355634318408855,2.2570194362736144e-06,501.0,0.0,0.0,0.0,0.0,59,60,1.0,0.0010274640699993334,0.1694773187471631,0.006960515413871914,-0.0,0.16881246854608276,0.007743877798252875,0.0
180,0.9000000000000007,initializing,27.395499986596406,0.00435750136919402,0.00435750131187679,0.00435750136919402,2.2571105564280605e-06,501.0,0.0,0.0,0.0,0.0,59,60,1.0,0.0010274625136186576,0.169477319620454,0.006960512751145867,-0.0,0.16881247348532455,0.007743876544983054,0.0
181,0.9050000000000007,initializing,34.188800025731325,0.0043592895157523485,0.00435928945074258,0.0043592895157523485,2.2571978763600602e-06,501.0,0.0,0.0,0.0,0.0,59,60,1.0,0.0010274610257470377,0.16947732045265754,0.006960510273660225,-0.0,0.1688124782035822,0.007743875414111085,0.0
182,0.9100000000000007,initializing,32.67769992817193,0.0043610020454764266,0.004361001982188572,0.0043610020454764266,2.257281647716176e-06,501.0,0.0,0.0,0.0,0.0,59,60,1.0,0.0010274596034930187,0.16947732124567758,0.006960507970097033,-0.0,0.16881248271059032,0.007743874397175107,0.0
183,0.9150000000000007,initializing,31.520499964244664,0.004362642112859985,0.004362642056528005,0.004362642112859985,2.257362121075141e-06,501.0,0.0,0.0,0.0,0.0,59,60,1.0,0.0010274582440432194,0.16947732200133214,0.006960505829740259,-0.0,0.1688124870156805,0.007743873486148124,0.0
184,0.9200000000000007,initializing,28.486400027759373,0.004364212750897803,0.004364212699171497,0.004364212750897803,2.257439110097292e-06,501.0,0.0,0.0,0.0,0.0,59,60,1.0,0.0010274569445314701,0.16947732272134597,0.006960503842569856,-0.0,0.16881249112770558,0.007743872673302558,0.0
185,0.9250000000000007,initializing,28.013699920848012,0.004365716861437073,0.004365716810627825,0.004365716861437073,2.257512575092659e-06,501.0,0.0,0.0,0.0,0.0,59,60,1.0,0.0010274557025743297,0.16947732340737062,0.006960501999080124,-0.0,0.16881249505509868,0.007743871951763967,0.0
186,0.9300000000000007,initializing,28.800400090403855,0.004367157216824719,0.004367157166502386,0.004367157216824719,2.25758263371313e-06,501.0,0.0,0.0,0.0,0.0,59,60,1.0,0.0010274545155845455,0.16947732406097912,0.0069605002903161605,-0.0,0.1688124988059575,0.007743871314723183,0.0
187,0.9350000000000007,initializing,28.606000007130206,0.004368536471354842,0.0043685364313754355,0.004368536471354842,2.2576494320088646e-06,501.0,0.0,0.0,0.0,0.0,59,60,1.0,0.001027453381121975,0.16947732468366888,0.00696049870784682,-0.0,0.168812502388039,0.007743870755862563,0.0
188,0.9400000000000007,initializing,27.687199995853007,0.004369857170149512,0.004369857131048983,0.004369857170149512,2.2577130735501516e-06,501.0,0.0,0.0,0.0,0.0,59,60,1.0,0.0010274522970389584,0.16947732527686687,0.006960497243751058,-0.0,0.16881250580874416,0.007743870269515705,0.0
189,0.9450000000000007,initializing,29.985100030899048,0.004371121749675264,0.004371121708055103,0.004371121749675264,2.257771625728987e-06,501.0,0.0,0.0,0.0,0.0,59,60,1.0,0.0010274512591822546,0.16947732584127317,0.006960495888776439,-0.0,0.16881250907191034,0.007743869843646757,0.0
190,0.9500000000000007,initializing,29.364199959672987,0.004372331159604067,0.004372331119973286,0.004372331159604067,2.2578222505521687e-06,501.0,0.0,0.0,0.0,0.0,59,60,1.0,0.0010274502692502515,0.16947732637812135,0.0069604946372358225,-0.0,0.16881251218193066,0.007743869477478821,0.0
191,0.9550000000000007,initializing,27.073599980212748,0.00437348771246198,0.004373487670566152,0.00437348771246198,2.257867320168841e-06,501.0,0.0,0.0,0.0,0.0,59,60,1.0,0.001027449325038706,0.16947732688851386,0.006960493484478922,-0.0,0.1688125151461558,0.0077438691687743595,0.0
192,0.9600000000000007,initializing,27.047599898651242,0.004374593764182267,0.004374593719093758,0.004374593764182267,2.257907699033112e-06,501.0,0.0,0.0,0.0,0.0,59,60,1.0,0.0010274484244186752,0.16947732737360924,0.006960492425913576,-0.0,0.1688125179714444,0.0077438689149874045,0.0
193,0.9650000000000007,initializing,28.033000067807734,0.00437565154640744,0.004375651499915894,0.00437565154640744,2.25794429761423e-06,501.0,0.0,0.0,0.0,0.0,59,60,1.0,0.001027447565414972,0.16947732783456745,0.006960491456744297,-0.0,0.16881252066422425,0.0077438687132034174,0.0
194,0.9700000000000008,initializing,26.887499960139394,0.004376663182633906,0.004376663136368677,0.004376663182633906,2.2579778514190095e-06,501.0,0.0,0.0,0.0,0.0,59,60,1.0,0.0010274467461316634,0.16947732827252726,0.006960490572036177,-0.0,0.16881252323064996,0.007743868560258381,0.0
195,0.9750000000000008,initializing,25.824800017289817,0.0043776306956014,0.004377630654642372,0.0043776306956014,2.2580089742322835e-06,501.0,0.0,0.0,0.0,0.0,59,60,1.0,0.0010274459647165077,0.16947732868859144,0.006960489766796323,-0.0,0.16881252567665495,0.007743868452830347,0.0
196,0.9800000000000008,initializing,25.797799928113818,0.00437855601639837,0.0043785559699042985,0.00437855601639837,2.2580382689019932e-06,501.0,0.0,0.0,0.0,0.0,59,60,1.0,0.0010274452193403995,0.16947732908383067,0.006960489036091382,-0.0,0.16881252800796,0.0077438683875339955,0.0
197,0.9850000000000008,initializing,25.46310005709529,0.004379441000746464,0.004379440955685613,0.004379441000746464,2.25806600681246e-06,501.0,0.0,0.0,0.0,0.0,59,60,1.0,0.0010274445083490662,0.16947732945926597,0.006960488375094623,-0.0,0.168812530230002,0.007743868361121006,0.0
198,0.9900000000000008,initializing,26.180699933320284,0.004380287419659781,0.004380287388372542,0.004380287419659781,2.2580922826726816e-06,501.0,0.0,0.0,0.0,0.0,59,60,1.0,0.0010274438301444949,0.16947732981588012,0.006960487779063692,-0.0,0.16881253234790392,0.0077438683702672345,0.0
199,0.9950000000000008,initializing,26.328799896873534,0.0043810969577767435,0.004381096919450903,0.0043810969577767435,2.2581172519322267e-06,501.0,0.0,0.0,0.0,0.0,59,60,1.0,0.0010274431831602047,0.16947733015461164,0.006960487243506455,-0.0,0.16881253436656163,0.007743868411784925,0.0
200,1.0000000000000007,initializing,26.59930009394884,0.004381871224339759,0.004381871200402267,0.004381871224339759,2.2581410520094633e-06,501.0,0.0,0.0,0.0,0.0,59,60,1.0,0.0010274425660127741,0.1694773304763563,0.00696048676407541,-0.0,0.16881253629065085,0.0077438684827203785,0.0
201,1.0050000000000006,initializing,36.30969999358058,0.004382611758918871,0.00438261174393178,0.004382611758918871,2.258163799569526e-06,501.0,0.0,0.0,0.0,0.0,59,60,1.0,0.0010274419772538785,0.1694773307819687,0.006960486336676422,-0.0,0.168812538124627,0.007743868580136096,0.0
202,1.0100000000000005,initializing,43.90829999465495,0.004383320033229981,0.004383320021108936,0.004383320033229981,2.258185581125998e-06,501.0,0.0,0.0,0.0,0.0,59,60,1.0,0.0010274414156536378,0.1694773310722616,0.006960485957433937,-0.0,0.1688125398727357,0.007743868701457109,0.0
203,1.0150000000000003,initializing,34.47129996493459,0.004383997455518895,0.004383997447490861,0.004383997455518895,2.2582064487224674e-06,501.0,0.0,0.0,0.0,0.0,59,60,1.0,0.0010274408798663672,0.1694773313480094,0.0069604856226623425,-0.0,0.16881254153901998,0.007743868844007025,0.0
204,1.0200000000000002,initializing,36.282300017774105,0.004384645371313123,0.004384645369244583,0.004384645371313123,2.258226463320184e-06,501.0,0.0,0.0,0.0,0.0,59,60,1.0,0.001027440368737798,0.16947733160994752,0.006960485328942242,-0.0,0.16881254312733504,0.007743869005500455,0.0
205,1.0250000000000001,initializing,32.061200006864965,0.004385265068541854,0.004385265063148007,0.004385265068541854,2.2582456702943347e-06,501.0,0.0,0.0,0.0,0.0,59,60,1.0,0.0010274398811830983,0.16947733185877567,0.006960485073032485,-0.0,0.16881254464134804,0.00774386918379193,0.0
206,1.03,initializing,34.48299993760884,0.004385857777526329,0.004385857778221016,0.004385857778221016,2.2582640990388114e-06,501.0,0.0,0.0,0.0,0.0,59,60,1.0,0.0010274394159998073,0.1694773320951583,0.0069604848519215345,-0.0,0.16881254608455637,0.007743869376697195,0.0
207,1.035,initializing,32.02819998841733,0.004386424675410655,0.004386424680217091,0.004386424680217091,2.2582817899265862e-06,501.0,0.0,0.0,0.0,0.0,59,60,1.0,0.0010274389723046143,0.16947733231972606,0.0069604846627902995,-0.0,0.1688125474602934,0.007743869582532474,0.0
208,1.0399999999999998,initializing,32.671799999661744,0.004386966888607397,0.004386966893255289,0.004386966893255289,2.2582987606933937e-06,501.0,0.0,0.0,0.0,0.0,59,60,1.0,0.001027438548925141,0.16947733253307865,0.006960484502979879,-0.0,0.16881254877173033,0.007743869799283671,0.0
209,1.0449999999999997,initializing,33.388599986210465,0.004387485493106843,0.0043874854998197325,0.0043874854998197325,2.258315056670919e-06,501.0,0.0,0.0,0.0,0.0,59,60,1.0,0.0010274381450267516,0.1694773327357837,0.006960484370043955,-0.0,0.16881255002189507,0.0077438700254978295,0.0
210,1.0499999999999996,initializing,36.48510004859418,0.004387981519637047,0.004387981526883554,0.004387981526883554,2.2583306872417035e-06,501.0,0.0,0.0,0.0,0.0,59,60,1.0,0.001027437759783372,0.16947733292838182,0.00696048426169405,-0.0,0.16881255121366362,0.0077438702597850285,0.0
211,1.0549999999999995,initializing,30.934899928979576,0.0043884559525463294,0.00438845595978501,0.00438845595978501,2.258345682461293e-06,501.0,0.0,0.0,0.0,0.0,59,60,1.0,0.001027437392239734,0.16947733311138513,0.006960484175764298,-0.0,0.1688125523497809,0.0077438705006215094,0.0
212,1.0599999999999994,initializing,30.424399999901652,0.004388909733173599,0.004388909742228435,0.004388909742228435,2.2583600684749545e-06,501.0,0.0,0.0,0.0,0.0,59,60,1.0,0.0010274370415029952,0.1694773332852792,0.006960484110334151,-0.0,0.16881255343286566,0.007743870746726085,0.0
213,1.0649999999999993,initializing,36.4148000953719,0.004389343762426645,0.0043893437762842985,0.0043893437762842985,2.2583738671098344e-06,501.0,0.0,0.0,0.0,0.0,59,60,1.0,0.0010274367069751061,0.16947733345052488,0.006960484063524893,-0.0,0.16881255446540794,0.007743870997157785,0.0
214,1.0699999999999992,initializing,36.48580005392432,0.004389758902164576,0.004389758908511822,0.004389758908511822,2.258387092188784e-06,501.0,0.0,0.0,0.0,0.0,59,60,1.0,0.0010274363878242112,0.1694773336075606,0.0069604840336237655,-0.0,0.16881255544977689,0.0077438712507513895,0.0
215,1.074999999999999,initializing,38.814700092189014,0.004390155975320458,0.004390155985467778,0.004390155985467778,2.258399775365725e-06,501.0,0.0,0.0,0.0,0.0,59,60,1.0,0.0010274360833198903,0.169477333756801,0.006960484019068752,-0.0,0.16881255638823803,0.007743871506557682,0.0
216,1.079999999999999,initializing,32.50630002003163,0.004390535769906263,0.004390535784321206,0.004390535784321206,2.2584119305063056e-06,501.0,0.0,0.0,0.0,0.0,59,60,1.0,0.001027435792802158,0.1694773338986397,0.0069604840183654995,-0.0,0.16881255728294545,0.007743871763710738,0.0
217,1.0849999999999989,initializing,31.099300016649067,0.004390899039354881,0.004390899054484475,0.004390899054484475,2.258423580968063e-06,501.0,0.0,0.0,0.0,0.0,59,60,1.0,0.0010274355156308147,0.16947733403345067,0.006960484030175887,-0.0,0.16881255813595075,0.007743872021456544,0.0
218,1.0899999999999987,initializing,29.93449999485165,0.004391246504188106,0.00439124651761369,0.00439124651761369,2.2584347451672255e-06,501.0,0.0,0.0,0.0,0.0,59,60,1.0,0.001027435251236761,0.1694773341615879,0.00696048405322683,-0.0,0.16881255894920827,0.007743872279133741,0.0
219,1.0949999999999986,initializing,28.508600080385804,0.004391578852708906,0.0043915788676086726,0.0043915788676086726,2.2584454338236665e-06,501.0,0.0,0.0,0.0,0.0,59,60,1.0,0.0010274349989609526,0.16947733428338738,0.006960484086379922,-0.0,0.1688125597245756,0.007743872536030856,0.0
220,1.0999999999999985,initializing,27.365599991753697,0.004391896741976289,0.004391896756735705,0.004391896756735705,2.2584556643391945e-06,501.0,0.0,0.0,0.0,0.0,59,60,1.0,0.0010274347582839593,0.16947733439916765,0.0069604841285099885,-0.0,0.16881256046382914,0.007743872791578692,0.0
221,1.1049999999999984,initializing,36.48629994131625,0.004392200802562236,0.004392200809505253,0.004392200809505253,2.2584654628177395e-06,501.0,0.0,0.0,0.0,0.0,59,60,1.0,0.0010274345286587691,0.16947733450923166,0.006960484178691027,-0.0,0.1688125611686587,0.007743873045310745,0.0
222,1.1099999999999983,initializing,37.51439996995032,0.004392491637365045,0.004392491636548948,0.004392491637365045,2.2584748372213265e-06,501.0,0.0,0.0,0.0,0.0,59,60,1.0,0.0010274343096069666,0.1694773346138665,0.006960484235971521,-0.0,0.16881256184067803,0.007743873296773918,0.0
223,1.1149999999999982,initializing,28.331900015473366,0.0043927698227552115,0.004392769820742395,0.0043927698227552115,2.25848381060441e-06,501.0,0.0,0.0,0.0,0.0,59,60,1.0,0.0010274341005579034,0.16947733471334508,0.006960484299523841,-0.0,0.16881256248142332,0.007743873545464184,0.0
224,1.119999999999998,initializing,26.518599945120513,0.00439303590989703,0.004393035917205347,0.004393035917205347,2.2584924030238424e-06,501.0,0.0,0.0,0.0,0.0,59,60,1.0,0.001027433901198082,0.16947733480792548,0.006960484368583995,-0.0,0.1688125630923594,0.007743873791230505,0.0
225,1.124999999999998,initializing,26.273699942976236,0.004393290426589592,0.004393290439424695,0.004393290439424695,2.2585006178702887e-06,501.0,0.0,0.0,0.0,0.0,59,60,1.0,0.001027433710949687,0.1694773348978543,0.006960484442413551,-0.0,0.1688125636748788,0.0077438740335490815,0.0
226,1.129999999999998,initializing,26.19490004144609,0.00439353387617043,0.004393533887008339,0.004393533887008339,2.2585084836165502e-06,501.0,0.0,0.0,0.0,0.0,59,60,1.0,0.001027433529400757,0.16947733498336365,0.006960484520368441,-0.0,0.16881256423031596,0.00774387427217102,0.0
227,1.1349999999999978,initializing,26.195500046014786,0.004393766741511856,0.004393766745686283,0.004393766745686283,2.258516011136281e-06,501.0,0.0,0.0,0.0,0.0,59,60,1.0,0.0010274333562449581,0.16947733506467513,0.006960484601864338,-0.0,0.168812564759934,0.007743874506994066,0.0
228,1.1399999999999977,initializing,25.2438000170514,0.004393989483893374,0.00439398948730983,0.00439398948730983,2.2585232098149527e-06,501.0,0.0,0.0,0.0,0.0,59,60,1.0,0.0010274331910433126,0.16947733514199892,0.0069604846863263285,-0.0,0.16881256526493915,0.007743874737712856,0.0
229,1.1449999999999976,initializing,25.12070001102984,0.004394202543865394,0.004394202555974586,0.004394202555974586,2.2585300983737547e-06,501.0,0.0,0.0,0.0,0.0,59,60,1.0,0.0010274330333534007,0.16947733521553396,0.006960484773277239,-0.0,0.16881256574648507,0.007743874964080152,0.0
230,1.1499999999999975,initializing,25.828299927525222,0.004394406343310515,0.004394406354143585,0.004394406354143585,2.2585366910017558e-06,501.0,0.0,0.0,0.0,0.0,59,60,1.0,0.001027432882998742,0.16947733528546907,0.006960484862225919,-0.0,0.16881256620566726,0.0077438751861427756,0.0
231,1.1549999999999974,initializing,25.526999961584806,0.004394601286037829,0.004394601298156118,0.004394601298156118,2.258542990055257e-06,501.0,0.0,0.0,0.0,0.0,59,60,1.0,0.0010274327394540026,0.16947733535198467,0.006960484952767659,-0.0,0.16881256664352737,0.0077438754035378775,0.0
232,1.1599999999999973,initializing,26.33519994560629,0.004394787757162141,0.004394787762718405,0.004394787762718405,2.258549024044936e-06,501.0,0.0,0.0,0.0,0.0,59,60,1.0,0.0010274326025649547,0.16947733541525029,0.006960485044513147,-0.0,0.168812567061066,0.0077438756163791395,0.0
233,1.1649999999999971,initializing,27.884099981747568,0.004394966126263279,0.004394966136413574,0.004394966136413574,2.2585547881347195e-06,501.0,0.0,0.0,0.0,0.0,59,60,1.0,0.0010274324719507747,0.1694773354754283,0.006960485137125999,-0.0,0.16881256745922665,0.007743875824493563,0.0
234,1.169999999999997,initializing,26.343300007283688,0.004395136745600781,0.004395136766191515,0.004395136766191515,2.2585603017379946e-06,501.0,0.0,0.0,0.0,0.0,59,60,1.0,0.0010274323473031229,0.16947733553267194,0.006960485230289325,-0.0,0.16881256783891743,0.00774387602780045,0.0
235,1.174999999999997,initializing,25.700700003653765,0.004395299952787908,0.004395299971247232,0.004395299971247232,2.2585655762006248e-06,501.0,0.0,0.0,0.0,0.0,59,60,1.0,0.0010274322283736574,0.16947733558712705,0.006960485323701317,-0.0,0.16881256820099963,0.0077438762262794485,0.0
236,1.1799999999999968,initializing,27.508400031365454,0.004395456070711076,0.004395456084652021,0.004395456084652021,2.25857062042183e-06,501.0,0.0,0.0,0.0,0.0,59,60,1.0,0.0010274321149455826,0.16947733563893203,0.006960485417102924,-0.0,0.16881256854629278,0.007743876419965176,0.0
237,1.1849999999999967,initializing,27.66749996226281,0.00439560540807,0.004395605411721936,0.004395605411721936,2.25857544083699e-06,501.0,0.0,0.0,0.0,0.0,59,60,1.0,0.0010274320066735254,0.16947733568821854,0.00696048551028671,-0.0,0.16881256887558,0.0077438766087500315,0.0
238,1.1899999999999966,initializing,26.71289991121739,0.004395748259552283,0.004395748257772155,0.004395748259552283,2.2585800489815404e-06,501.0,0.0,0.0,0.0,0.0,59,60,1.0,0.0010274319034280972,0.16947733573511095,0.006960485603009392,-0.0,0.1688125691896094,0.007743876792750397,0.0
239,1.1949999999999965,initializing,26.242599938996136,0.00439588490791008,0.004395884914240154,0.004395884914240154,2.258584458111886e-06,501.0,0.0,0.0,0.0,0.0,59,60,1.0,0.0010274318048296475,0.16947733577972832,0.006960485695103796,-0.0,0.16881256948908935,0.007743876971801216,0.0
240,1.1999999999999964,initializing,27.116499957628548,0.004396015622762321,0.004396015630930785,0.004396015630930785,2.2585886747621514e-06,501.0,0.0,0.0,0.0,0.0,59,60,1.0,0.0010274317108369669,0.16947733582218236,0.006960485786407325,-0.0,0.16881256977470074,0.007743877146168875,0.0
241,1.2049999999999963,initializing,33.16840005572885,0.004396140662842433,0.00439614065764854,0.004396140662842433,2.258592700166658e-06,501.0,0.0,0.0,0.0,0.0,59,60,1.0,0.0010274316211056815,0.1694773358625807,0.0069604858767451094,-0.0,0.16881257004708497,0.007743877315679781,0.0
242,1.2099999999999962,initializing,35.726499976590276,0.004396260274446554,0.004396260258074082,0.004396260274446554,2.2585965497853367e-06,501.0,0.0,0.0,0.0,0.0,59,60,1.0,0.001027431535446774,0.1694773359010243,0.006960485966000777,-0.0,0.16881257030686336,0.007743877480411283,0.0
243,1.214999999999996,initializing,28.927700011990964,0.00439637469419788,0.0043963746820107185,0.00439637469419788,2.2586002336103022e-06,501.0,0.0,0.0,0.0,0.0,59,60,1.0,0.0010274314537921582,0.16947733593760964,0.006960486054069394,-0.0,0.16881257055461868,0.007743877640581756,0.0
244,1.219999999999996,initializing,27.76379999704659,0.004396484148254346,0.004396484123752042,0.004396484148254346,2.2586037489451637e-06,501.0,0.0,0.0,0.0,0.0,59,60,1.0,0.0010274313759049826,0.1694773359724285,0.006960486140821415,-0.0,0.1688125707909086,0.0077438777961464055,0.0
245,1.2249999999999959,initializing,27.715399977751076,0.004396588851960911,0.004396588833099852,0.004396588851960911,2.2586071097265524e-06,501.0,0.0,0.0,0.0,0.0,59,60,1.0,0.0010274313014989717,0.16947733600556744,0.006960486226180743,-0.0,0.16881257101627092,0.007743877947036581,0.0
246,1.2299999999999958,initializing,26.729099918156862,0.004396689011894782,0.004396689004346754,0.004396689011894782,2.2586103268128313e-06,501.0,0.0,0.0,0.0,0.0,59,60,1.0,0.0010274312305420155,0.16947733603710904,0.00696048631007888,-0.0,0.16881257123121385,0.007743878093502859,0.0
247,1.2349999999999957,initializing,27.023499947972596,0.004396784826409116,0.004396784817907722,0.004396784826409116,2.258613396963499e-06,501.0,0.0,0.0,0.0,0.0,59,60,1.0,0.0010274311628358554,0.16947733606713208,0.0069604863924455085,-0.0,0.16881257143621803,0.007743878235555926,0.0
248,1.2399999999999956,initializing,27.486300095915794,0.004396876483948865,0.004396876468074078,0.004396876483948865,2.258616335683198e-06,501.0,0.0,0.0,0.0,0.0,59,60,1.0,0.0010274310982654172,0.16947733609571064,0.006960486473219756,-0.0,0.16881257163174695,0.007743878373314438,0.0
249,1.2449999999999954,initializing,27.48339995741844,0.004396964165441908,0.004396964149137079,0.004396964165441908,2.25861913876316e-06,501.0,0.0,0.0,0.0,0.0,59,60,1.0,0.0010274310366061492,0.16947733612291607,0.006960486552362415,-0.0,0.16881257181824097,0.007743878506757795,0.0
250,1.2499999999999953,initializing,27.543499949388206,0.00439704804346685,0.004397048027632804,0.00439704804346685,2.258621822262027e-06,501.0,0.0,0.0,0.0,0.0,59,60,1.0,0.001027430977810916,0.1694773361488149,0.006960486629833642,-0.0,0.16881257199612099,0.0077438786360850605,0.0
251,1.2549999999999952,initializing,26.712600025348365,0.004397128283846679,0.0043971282700972225,0.004397128283846679,2.2586243833067813e-06,501.0,0.0,0.0,0.0,0.0,59,60,1.0,0.0010274309217026033,0.1694773361734717,0.0069604867056031515,-0.0,0.1688125721657846,0.007743878761316296,0.0
252,1.2599999999999951,initializing,26.11169998999685,0.004397205044272662,0.004397205029188313,0.004397205044272662,2.2586268325371055e-06,501.0,0.0,0.0,0.0,0.0,59,60,1.0,0.0010274308681221492,0.16947733619694672,0.006960486779647695,-0.0,0.16881257232761568,0.007743878882494195,0.0
253,1.264999999999995,initializing,25.55490005761385,0.004397278476160925,0.004397278457563964,0.004397278476160925,2.2586291741612065e-06,501.0,0.0,0.0,0.0,0.0,59,60,1.0,0.0010274308170546379,0.16947733621929764,0.006960486851966789,-0.0,0.16881257248197656,0.007743878999857278,0.0
254,1.269999999999995,initializing,25.07920004427433,0.00439734872441498,0.004397348707881654,0.00439734872441498,2.258631407932391e-06,501.0,0.0,0.0,0.0,0.0,59,60,1.0,0.0010274307682858778,0.16947733624057987,0.006960486922526682,-0.0,0.1688125726292127,0.007743879113337003,0.0
255,1.2749999999999948,initializing,26.010400033555925,0.004397415926891744,0.0043974159050437995,0.004397415926891744,2.2586335470588575e-06,501.0,0.0,0.0,0.0,0.0,59,60,1.0,0.0010274307217468628,0.16947733626084457,0.006960486991332019,-0.0,0.16881257276965728,0.0077438792230868116,0.0
256,1.2799999999999947,initializing,26.792500051669776,0.004397480216436869,0.004397480201707372,0.004397480216436869,2.2586355910041715e-06,501.0,0.0,0.0,0.0,0.0,59,60,1.0,0.0010274306774024542,0.16947733628014205,0.006960487058396381,-0.0,0.1688125729036222,0.007743879329296207,0.0
257,1.2849999999999946,initializing,26.46730002015829,0.004397541719448045,0.0043975417088970145,0.004397541719448045,2.258637538245145e-06,501.0,0.0,0.0,0.0,0.0,59,60,1.0,0.0010274306350103546,0.16947733629851905,0.006960487123717052,-0.0,0.16881257303140887,0.007743879431860794,0.0
258,1.2899999999999945,initializing,27.697499957866967,0.00439760055655837,0.004397600551514265,0.00439760055655837,2.2586394041566457e-06,501.0,0.0,0.0,0.0,0.0,59,60,1.0,0.0010274305945949037,0.16947733631601997,0.006960487187288444,-0.0,0.1688125731533063,0.007743879531014478,0.0
259,1.2949999999999944,initializing,27.28829998522997,0.004397656844193637,0.004397656840583487,0.004397656844193637,2.258641188812625e-06,501.0,0.0,0.0,0.0,0.0,59,60,1.0,0.001027430556014913,0.16947733633268794,0.006960487249145809,-0.0,0.16881257326958307,0.007743879626798634,0.0
260,1.2999999999999943,initializing,27.258199988864362,0.004397710692849893,0.004397710687128434,0.004397710692849893,2.2586428889670817e-06,501.0,0.0,0.0,0.0,0.0,59,60,1.0,0.0010274305192332497,0.1694773363485628,0.006960487309287239,-0.0,0.16881257338050212,0.007743879719351997,0.0
261,1.3049999999999942,initializing,28.92660000361502,0.004397762208343632,0.004397762202172693,0.004397762208343632,2.258644514422026e-06,501.0,0.0,0.0,0.0,0.0,59,60,1.0,0.0010274304841093565,0.16947733636368342,0.006960487367735215,-0.0,0.16881257348631035,0.007743879808689208,0.0
262,1.309999999999994,initializing,32.025699969381094,0.00439781149201823,0.004397811496739619,0.004397811496739619,2.2586460710166995e-06,501.0,0.0,0.0,0.0,0.0,59,60,1.0,0.0010274304505702837,0.16947733637808596,0.006960487424515883,-0.0,0.1688125735872462,0.007743879894912414,0.0
263,1.314999999999994,initializing,36.202299990691245,0.004397858640869714,0.004397858640220682,0.004397858640869714,2.2586475566164303e-06,501.0,0.0,0.0,0.0,0.0,59,60,1.0,0.001027430418607849,0.16947733639180507,0.0069604874796393035,-0.0,0.1688125736835334,0.007743879978181385,0.0
264,1.3199999999999938,initializing,30.9461000142619,0.004397903747730349,0.004397903757515996,0.004397903757515996,2.2586489745181485e-06,501.0,0.0,0.0,0.0,0.0,59,60,1.0,0.0010274303881167468,0.16947733640487406,0.0069604875331460755,-0.0,0.16881257377538636,0.007743880058552293,0.0
265,1.3249999999999937,initializing,26.971500017680228,0.004397946900860402,0.004397946918016426,0.004397946918016426,2.258650330267146e-06,501.0,0.0,0.0,0.0,0.0,59,60,1.0,0.0010274303590141736,0.16947733641732438,0.006960487585059091,-0.0,0.16881257386301177,0.00774388013608812,0.0
266,1.3299999999999936,initializing,26.94719994906336,0.004397988185153244,0.004397988204989989,0.004397988204989989,2.2586516263126226e-06,501.0,0.0,0.0,0.0,0.0,59,60,1.0,0.0010274303311549218,0.16947733642918536,0.006960487635399292,-0.0,0.16881257394660612,0.007743880210761223,0.0
267,1.3349999999999935,initializing,26.24250005465001,0.004398027681734591,0.004398027701704514,0.004398027701704514,2.258652867103645e-06,501.0,0.0,0.0,0.0,0.0,59,60,1.0,0.0010274303047097901,0.1694773364404855,0.006960487684196643,-0.0,0.1688125740263548,0.007743880282958715,0.0
268,1.3399999999999934,initializing,27.844600030221045,0.004398065468826282,0.004398065491427703,0.004398065491427703,2.2586540462990065e-06,501.0,0.0,0.0,0.0,0.0,59,60,1.0,0.0010274302793571333,0.16947733645125265,0.006960487731487592,-0.0,0.16881257410243186,0.007743880352419231,0.0
269,1.3449999999999933,initializing,26.67189994826913,0.004398101619437501,0.004398101643549372,0.004398101643549372,2.2586551778253976e-06,501.0,0.0,0.0,0.0,0.0,59,60,1.0,0.0010274302552770315,0.1694773364615108,0.006960487777289132,-0.0,0.16881257417501402,0.007743880419525574,0.0
270,1.3499999999999932,initializing,26.679700007662177,0.004398136205666174,0.004398136227459943,0.004398136227459943,2.258656257145778e-06,501.0,0.0,0.0,0.0,0.0,59,60,1.0,0.0010274302321687575,0.169477336471286,0.006960487821641871,-0.0,0.16881257424425603,0.007743880484033159,0.0
271,1.354999999999993,initializing,27.538200025446713,0.004398169294366957,0.004398169312548868,0.004398169312548868,2.258657290521997e-06,501.0,0.0,0.0,0.0,0.0,59,60,1.0,0.001027430210233127,0.16947733648060007,0.006960487864590946,-0.0,0.16881257431031865,0.007743880546368376,0.0
272,1.359999999999993,initializing,26.295999996364117,0.004398200951562371,0.004398200968206184,0.004398200968206184,2.258658275918071e-06,501.0,0.0,0.0,0.0,0.0,59,60,1.0,0.001027430189226177,0.16947733648947638,0.006960487906144145,-0.0,0.16881257437334155,0.007743880606317737,0.0
273,1.3649999999999929,initializing,26.32800000719726,0.00439823123833901,0.004398231249943798,0.004398231249943798,2.25865922097463e-06,501.0,0.0,0.0,0.0,0.0,59,60,1.0,0.001027430169242956,0.16947733649793487,0.006960487946358542,-0.0,0.16881257443347106,0.007743880664170257,0.0
274,1.3699999999999928,initializing,27.437099954113364,0.00439826021495938,0.004398260227151448,0.004398260227151448,2.25866011578216e-06,501.0,0.0,0.0,0.0,0.0,59,60,1.0,0.001027430150103082,0.16947733650599625,0.006960487985228555,-0.0,0.1688125744908373,0.007743880719776599,0.0
275,1.3749999999999927,initializing,26.849000016227365,0.004398287937447603,0.004398287955340776,0.004398287955340776,2.2586609807170744e-06,501.0,0.0,0.0,0.0,0.0,59,60,1.0,0.001027430131911961,0.16947733651367886,0.006960488022832075,-0.0,0.16881257454557025,0.007743880773447627,0.0
276,1.3799999999999926,initializing,27.715499978512526,0.00439831446098243,0.004398314490023983,0.004398314490023983,2.2586617989766055e-06,501.0,0.0,0.0,0.0,0.0,59,60,1.0,0.001027430114480952,0.16947733652100136,0.006960488059180683,-0.0,0.16881257459778828,0.00774388082503214,0.0
277,1.3849999999999925,initializing,26.926100021228194,0.004398339836811891,0.004398339858958012,0.004398339858958012,2.2586625862646793e-06,501.0,0.0,0.0,0.0,0.0,59,60,1.0,0.0010274300978628623,0.16947733652798042,0.006960488094308375,-0.0,0.16881257464761124,0.007743880874720936,0.0
278,1.3899999999999924,initializing,26.59020002465695,0.0043983641154103584,0.004398364131531998,0.004398364131531998,2.2586633359519843e-06,501.0,0.0,0.0,0.0,0.0,59,60,1.0,0.0010274300820553007,0.16947733653463262,0.0069604881282450785,-0.0,0.1688125746951459,0.007743880922617352,0.0
279,1.3949999999999922,initializing,25.714100105687976,0.004398387343982169,0.004398387363257265,0.004398387363257265,2.2586640530222007e-06,501.0,0.0,0.0,0.0,0.0,59,60,1.0,0.0010274300669195608,0.16947733654097383,0.006960488161021042,-0.0,0.16881257474049832,0.007743880968646245,0.0
280,1.3999999999999921,initializing,26.210700045339763,0.004398409567811114,0.004398409581890715,0.004398409581890715,2.258664738767482e-06,501.0,0.0,0.0,0.0,0.0,59,60,1.0,0.0010274300524527687,0.16947733654701835,0.0069604881926870876,-0.0,0.16881257478377246,0.007743881012930741,0.0
281,1.404999999999992,initializing,30.730699887499213,0.004398430830731862,0.004398430842943737,0.004398430842943737,2.2586653939859627e-06,501.0,0.0,0.0,0.0,0.0,59,60,1.0,0.0010274300387045675,0.16947733655278033,0.006960488223248468,-0.0,0.1688125748250609,0.007743881055607785,0.0
282,1.409999999999992,initializing,30.2378999767825,0.0043984511745534085,0.004398451188050243,0.004398451188050243,2.2586660175071063e-06,501.0,0.0,0.0,0.0,0.0,59,60,1.0,0.0010274300255944467,0.16947733655827377,0.0069604882527697755,-0.0,0.1688125748644539,0.007743881096701053,0.0
283,1.4149999999999918,initializing,29.16849998291582,0.004398470638636733,0.004398470644966699,0.004398470644966699,2.258666615562314e-06,501.0,0.0,0.0,0.0,0.0,59,60,1.0,0.0010274300130334935,0.16947733656351088,0.0069604882812392644,-0.0,0.16881257490204182,0.007743881136148536,0.0
284,1.4199999999999917,initializing,26.04789996985346,0.004398489261211168,0.004398489269204216,0.004398489269204216,2.258667188024118e-06,501.0,0.0,0.0,0.0,0.0,59,60,1.0,0.0010274300010638569,0.1694773365685036,0.00696048830871983,-0.0,0.16881257493790805,0.007743881174129011,0.0
285,1.4249999999999916,initializing,25.090700015425682,0.004398507078989105,0.004398507088519253,0.004398507088519253,2.2586677325449813e-06,501.0,0.0,0.0,0.0,0.0,59,60,1.0,0.001027429989632835,0.16947733657326403,0.006960488335239804,-0.0,0.16881257497212904,0.00774388121065633,0.0
286,1.4299999999999915,initializing,24.965699994936585,0.004398524126718374,0.004398524144545305,0.004398524144545305,2.258668253793689e-06,501.0,0.0,0.0,0.0,0.0,59,60,1.0,0.0010274299787397332,0.16947733657780287,0.006960488360795578,-0.0,0.16881257500478264,0.007743881245782926,0.0
287,1.4349999999999914,initializing,24.832200026139617,0.004398540437702213,0.004398540451161403,0.004398540451161403,2.258668754008742e-06,501.0,0.0,0.0,0.0,0.0,59,60,1.0,0.0010274299683757017,0.16947733658213082,0.006960488385452639,-0.0,0.16881257503593908,0.007743881279613198,0.0
288,1.4399999999999913,initializing,25.405599968507886,0.004398556043920876,0.004398556050000981,0.004398556050000981,2.2586692305279794e-06,501.0,0.0,0.0,0.0,0.0,59,60,1.0,0.0010274299584270247,0.16947733658625772,0.006960488409233607,-0.0,0.16881257506566963,0.0077438813120727715,0.0
289,1.4449999999999912,initializing,25.63139994163066,0.004398570975665497,0.00439857098269732,0.00439857098269732,2.258669688231565e-06,501.0,0.0,0.0,0.0,0.0,59,60,1.0,0.001027429948940159,0.16947733659019293,0.006960488432153514,-0.0,0.168812575094041,0.007743881343286244,0.0
290,1.449999999999991,initializing,26.263899984769523,0.004398585262779249,0.0043985852631293594,0.0043985852631293594,2.258670125700905e-06,501.0,0.0,0.0,0.0,0.0,59,60,1.0,0.0010274299399112472,0.16947733659394573,0.006960488454251355,-0.0,0.1688125751211123,0.007743881373329875,0.0
291,1.454999999999991,initializing,25.98730009049177,0.004398598932855618,0.004398598932930188,0.004398598932930188,2.258670542346635e-06,501.0,0.0,0.0,0.0,0.0,59,60,1.0,0.0010274299312836837,0.16947733659752476,0.006960488475537681,-0.0,0.1688125751469443,0.007743881402184185,0.0
292,1.4599999999999909,initializing,26.048800093121827,0.004398612012554598,0.004398612005978476,0.004398612012554598,2.258670940091842e-06,501.0,0.0,0.0,0.0,0.0,59,60,1.0,0.0010274299230153972,0.169477336600938,0.006960488496061859,-0.0,0.16881257517159537,0.00774388142988611,0.0
293,1.4649999999999908,initializing,26.7147000413388,0.0043986245274451425,0.0043986245239073275,0.0043986245274451425,2.2586713222764216e-06,501.0,0.0,0.0,0.0,0.0,59,60,1.0,0.0010274299151767894,0.16947733660419312,0.006960488515825215,-0.0,0.16881257519511833,0.0077438814565676545,0.0
294,1.4699999999999906,initializing,26.832900010049343,0.004398636502266513,0.004398636500595345,0.004398636502266513,2.2586716841553868e-06,501.0,0.0,0.0,0.0,0.0,59,60,1.0,0.0010274299076660934,0.1694773366072979,0.006960488534869573,-0.0,0.1688125752175641,0.00774388148217375,0.0
295,1.4749999999999905,initializing,26.98760002385825,0.004398647959902274,0.004398647963798094,0.004398647963798094,2.258672029836329e-06,501.0,0.0,0.0,0.0,0.0,59,60,1.0,0.0010274299005650102,0.16947733661025924,0.0069604885532077625,-0.0,0.16881257523898438,0.0077438815068624385,0.0
296,1.4799999999999904,initializing,25.878799962811172,0.004398658922905797,0.004398658927394103,0.004398658927394103,2.2586723598846987e-06,501.0,0.0,0.0,0.0,0.0,59,60,1.0,0.0010274298937056152,0.16947733661308417,0.006960488570871287,-0.0,0.16881257525942428,0.007743881530477255,0.0
297,1.4849999999999903,initializing,25.60230006929487,0.004398669412405423,0.004398669419138872,0.004398669419138872,2.2586726801312343e-06,501.0,0.0,0.0,0.0,0.0,59,60,1.0,0.0010274298871764088,0.16947733661577827,0.006960488587876989,-0.0,0.16881257527893234,0.007743881553187596,0.0
298,1.4899999999999902,initializing,25.935899931937456,0.004398679449535617,0.004398679466788224,0.004398679466788224,2.258672981288746e-06,501.0,0.0,0.0,0.0,0.0,59,60,1.0,0.001027429880944894,0.1694773366183483,0.00696048860425444,-0.0,0.1688125752975475,0.0077438815750077074,0.0
299,1.4949999999999901,initializing,25.45389998704195,0.004398689053418551,0.0043986890703429675,0.0043986890703429675,2.258673271131226e-06,501.0,0.0,0.0,0.0,0.0,59,60,1.0,0.0010274298749976855,0.1694773366208001,0.006960488620024752,-0.0,0.16881257531531194,0.007743881595971955,0.0
300,1.49999999999999,initializing,25.522999931126833,0.004398698242939513,0.004398698257558654,0.004398698257558654,2.2586735473778203e-06,501.0,0.0,0.0,0.0,0.0,59,60,1.0,0.001027429869353055,0.16947733662313888,0.006960488635199718,-0.0,0.1688125753322646,0.007743881616144782,0.0
301,1.50499999999999,initializing,30.564499902538955,0.004398707035969564,0.0043987070561907005,0.0043987070561907005,2.258673810967568e-06,501.0,0.0,0.0,0.0,0.0,59,60,1.0,0.0010274298639329565,0.16947733662537035,0.006960488649798249,-0.0,0.16881257534844235,0.007743881635469142,0.0
302,1.5099999999999898,initializing,31.87539998907596,0.004398715449468386,0.004398715466239987,0.004398715466239987,2.2586740639565714e-06,501.0,0.0,0.0,0.0,0.0,59,60,1.0,0.0010274298587676183,0.16947733662749884,0.006960488663847895,-0.0,0.16881257536388222,0.007743881654039976,0.0
303,1.5149999999999897,initializing,34.56900001037866,0.004398723500163614,0.004398723515461958,0.004398723515461958,2.2586743038432286e-06,501.0,0.0,0.0,0.0,0.0,59,60,1.0,0.001027429853846384,0.1694773366295298,0.006960488677375089,-0.0,0.16881257537861674,0.007743881671892728,0.0
304,1.5199999999999896,initializing,29.02190003078431,0.00439873120344478,0.004398731217734565,0.004398731217734565,2.2586745345705316e-06,501.0,0.0,0.0,0.0,0.0,59,60,1.0,0.0010274298491263028,0.16947733663146736,0.006960488690388304,-0.0,0.16881257539267855,0.007743881689003728,0.0
305,1.5249999999999895,initializing,26.986500015482306,0.004398738574503545,0.004398738600813159,0.004398738600813159,2.2586747553030596e-06,501.0,0.0,0.0,0.0,0.0,59,60,1.0,0.0010274298446748108,0.16947733663331596,0.0069604887029030595,-0.0,0.16881257540609856,0.00774388170549941,0.0
306,1.5299999999999894,initializing,26.77270001731813,0.004398745627749609,0.004398745650821267,0.004398745650821267,2.2586749644739025e-06,501.0,0.0,0.0,0.0,0.0,59,60,1.0,0.0010274298403619537,0.16947733663508005,0.006960488714937648,-0.0,0.16881257541890526,0.007743881721248024,0.0
307,1.5349999999999893,initializing,26.79599996190518,0.004398752376549184,0.004398752395513981,0.004398752395513981,2.258675168474306e-06,501.0,0.0,0.0,0.0,0.0,59,60,1.0,0.0010274298362666057,0.1694773366367629,0.006960488726530079,-0.0,0.16881257543112926,0.007743881736414224,0.0
308,1.5399999999999892,initializing,26.79500007070601,0.004398758834590462,0.004398758848769442,0.004398758848769442,2.2586753585198722e-06,501.0,0.0,0.0,0.0,0.0,59,60,1.0,0.001027429832381739,0.16947733663836884,0.006960488737663025,-0.0,0.1688125754427945,0.007743881750988094,0.0
309,1.544999999999989,initializing,28.241600026376545,0.004398765014096044,0.004398765024465364,0.004398765024465364,2.2586755433953738e-06,501.0,0.0,0.0,0.0,0.0,59,60,1.0,0.0010274298286440842,0.1694773366399014,0.006960488748382436,-0.0,0.16881257545392717,0.00774388176495187,0.0
310,1.549999999999989,initializing,26.79899998474866,0.004398770927150419,0.004398770936479712,0.004398770936479712,2.2586757172236095e-06,501.0,0.0,0.0,0.0,0.0,59,60,1.0,0.0010274298251629335,0.1694773366413636,0.006960488758682514,-0.0,0.16881257546455247,0.0077438817784618655,0.0
311,1.5549999999999888,initializing,27.29130000807345,0.004398776585326699,0.004398776584813084,0.004398776585326699,2.258675884206666e-06,501.0,0.0,0.0,0.0,0.0,59,60,1.0,0.0010274298217121834,0.16947733664275935,0.006960488768578491,-0.0,0.16881257547469242,0.007743881791252176,0.0
312,1.5599999999999887,initializing,27.44249999523163,0.004398781999122237,0.004398781997220432,0.004398781999122237,2.2586760482479914e-06,501.0,0.0,0.0,0.0,0.0,59,60,1.0,0.0010274298184826667,0.1694773366440908,0.006960488778093811,-0.0,0.16881257548437328,0.0077438818036169935,0.0
313,1.5649999999999886,initializing,27.167399995960295,0.0043987871801340625,0.004398787173702613,0.0043987871801340625,2.2586762005446038e-06,501.0,0.0,0.0,0.0,0.0,59,60,1.0,0.0010274298153900715,0.16947733664536166,0.006960488787251355,-0.0,0.16881257549361006,0.007743881815478162,0.0
314,1.5699999999999885,initializing,27.412099996581674,0.004398792137584505,0.004398792142014331,0.004398792142014331,2.2586763477104132e-06,501.0,0.0,0.0,0.0,0.0,59,60,1.0,0.001027429812421045,0.16947733664657447,0.0069604887960628805,-0.0,0.16881257550242684,0.007743881826848249,0.0
315,1.5749999999999884,initializing,27.203999925404787,0.004398796881403612,0.004398796888278997,0.004398796888278997,2.2586764867405098e-06,501.0,0.0,0.0,0.0,0.0,59,60,1.0,0.0010274298096101088,0.169477336647732,0.006960488804519816,-0.0,0.16881257551084172,0.0077438818377769374,0.0
316,1.5799999999999883,initializing,26.56069991644472,0.004398801420946373,0.004398801426374332,0.004398801426374332,2.2586766198838595e-06,501.0,0.0,0.0,0.0,0.0,59,60,1.0,0.0010274298069213794,0.1694773366488368,0.0069604888126538565,-0.0,0.16881257551887255,0.007743881848261884,0.0
317,1.5849999999999882,initializing,25.942500098608434,0.004398805764819059,0.004398805770177991,0.004398805770177991,2.258676748663808e-06,501.0,0.0,0.0,0.0,0.0,59,60,1.0,0.001027429804380784,0.16947733664989106,0.006960488820458396,-0.0,0.16881257552653767,0.007743881858344147,0.0
318,1.589999999999988,initializing,26.496300008147955,0.00439880992154761,0.004398809933567709,0.004398809933567709,2.2586768679535394e-06,501.0,0.0,0.0,0.0,0.0,59,60,1.0,0.0010274298019127377,0.16947733665089754,0.006960488827971013,-0.0,0.16881257553385345,0.007743881867973763,0.0
319,1.594999999999988,initializing,26.900299941189587,0.004398813899029946,0.004398813902666588,0.004398813902666588,2.2586769889725035e-06,501.0,0.0,0.0,0.0,0.0,59,60,1.0,0.0010274297995827352,0.16947733665185785,0.006960488835186769,-0.0,0.168812575540837,0.007743881877244809,0.0
320,1.5999999999999879,initializing,26.101999916136265,0.004398817705392539,0.004398817705229691,0.004398817705392539,2.2586770984806787e-06,501.0,0.0,0.0,0.0,0.0,59,60,1.0,0.0010274297973321752,0.16947733665277456,0.006960488842131146,-0.0,0.16881257554750195,0.007743881886115309,0.0
321,1.6049999999999878,initializing,30.344299972057343,0.004398821347563698,0.004398821355134458,0.004398821355134458,2.258677204870479e-06,501.0,0.0,0.0,0.0,0.0,59,60,1.0,0.0010274297952318828,0.1694773366536496,0.0069604888487978,-0.0,0.1688125755538636,0.007743881894683134,0.0
322,1.6099999999999877,initializing,30.883300001733005,0.004398824833108291,0.004398824838504154,0.004398824838504154,2.2586773061477726e-06,501.0,0.0,0.0,0.0,0.0,59,60,1.0,0.0010274297931838982,0.16947733665448497,0.0069604888552013446,-0.0,0.16881257555993479,0.007743881902843679,0.0
323,1.6149999999999876,initializing,34.35699990950525,0.004398828168292742,0.004398828169216251,0.004398828169216251,2.2586774045981262e-06,501.0,0.0,0.0,0.0,0.0,59,60,1.0,0.0010274297912348208,0.16947733665528217,0.006960488861351033,-0.0,0.16881257556573137,0.007743881910679443,0.0
324,1.6199999999999875,initializing,27.30170008726418,0.004398831360008888,0.004398831361148478,0.004398831361148478,2.2586774990677197e-06,501.0,0.0,0.0,0.0,0.0,59,60,1.0,0.0010274297894060016,0.1694773366560432,0.006960488867261446,-0.0,0.16881257557126267,0.007743881918239225,0.0
325,1.6249999999999873,initializing,25.413299910724163,0.004398834414345308,0.00439883441430109,0.004398834414345308,2.2586775853795165e-06,501.0,0.0,0.0,0.0,0.0,59,60,1.0,0.0010274297876429774,0.1694773366567697,0.006960488872944886,-0.0,0.16881257557654195,0.00774388192547377,0.0
326,1.6299999999999872,initializing,25.919599924236536,0.004398837336953434,0.004398837328674323,0.004398837336953434,2.25867767216605e-06,501.0,0.0,0.0,0.0,0.0,59,60,1.0,0.001027429785917777,0.1694773366574632,0.006960488878405543,-0.0,0.16881257558158233,0.007743881932360424,0.0
327,1.6349999999999871,initializing,25.511199957691133,0.004398840133774302,0.0043988401181458345,0.004398840133774302,2.2586777553900726e-06,501.0,0.0,0.0,0.0,0.0,59,60,1.0,0.0010274297843475303,0.16947733665812514,0.006960488883641177,-0.0,0.16881257558639348,0.007743881939057539,0.0
328,1.639999999999987,initializing,24.88799998536706,0.00439884281042959,0.00439884279659318,0.00439884281042959,2.258677830404695e-06,501.0,0.0,0.0,0.0,0.0,59,60,1.0,0.0010274297828047536,0.1694773366587572,0.00696048888867684,-0.0,0.16881257559098387,0.007743881945428742,0.0
329,1.644999999999987,initializing,25.119500001892447,0.004398845371483696,0.004398845364016426,0.004398845371483696,2.2586779054213395e-06,501.0,0.0,0.0,0.0,0.0,59,60,1.0,0.0010274297813271157,0.1694773366593604,0.006960488893521611,-0.0,0.16881257559536747,0.007743881951543486,0.0
330,1.6499999999999868,initializing,24.329699925146997,0.00439884782248791,0.004398847820416055,0.00439884782248791,2.258677976612928e-06,501.0,0.0,0.0,0.0,0.0,59,60,1.0,0.0010274297799203744,0.16947733665993633,0.006960488898164689,-0.0,0.1688125755995515,0.0077438819574033296,0.0
331,1.6549999999999867,initializing,24.0446999669075,0.004398850167993109,0.004398850165792215,0.004398850167993109,2.2586780440209463e-06,501.0,0.0,0.0,0.0,0.0,59,60,1.0,0.0010274297786067243,0.16947733666048612,0.006960488902625447,-0.0,0.16881257560354468,0.00774388196306316,0.0
332,1.6599999999999866,initializing,23.998500080779195,0.0043988524125690345,0.004398852400145149,0.0043988524125690345,2.258678109132353e-06,501.0,0.0,0.0,0.0,0.0,59,60,1.0,0.0010274297773165582,0.1694773366610112,0.006960488906919882,-0.0,0.16881257560735588,0.007743881968454018,0.0
333,1.6649999999999865,initializing,25.038800085894763,0.004398854560458331,0.004398854551229558,0.004398854560458331,2.2586781722418263e-06,501.0,0.0,0.0,0.0,0.0,59,60,1.0,0.0010274297761174217,0.1694773366615123,0.006960488911023879,-0.0,0.16881257561099502,0.007743881973648172,0.0
334,1.6699999999999864,initializing,25.825300021097064,0.004398856615992162,0.004398856605168493,0.004398856615992162,2.2586782311333937e-06,501.0,0.0,0.0,0.0,0.0,59,60,1.0,0.0010274297749242047,0.16947733666199072,0.006960488914980805,-0.0,0.16881257561446797,0.007743881978581229,0.0
335,1.6749999999999863,initializing,26.500600040890276,0.004398858582954002,0.004398858561962059,0.004398858582954002,2.2586782889483234e-06,501.0,0.0,0.0,0.0,0.0,59,60,1.0,0.0010274297738327499,0.16947733666244744,0.006960488918784066,-0.0,0.16881257561778396,0.007743881983379313,0.0
336,1.6799999999999862,initializing,25.97830002196133,0.004398860465528131,0.0043988604493650696,0.004398860465528131,2.2586783405354145e-06,501.0,0.0,0.0,0.0,0.0,59,60,1.0,0.0010274297727723772,0.1694773366628835,0.006960488922431652,-0.0,0.16881257562094787,0.007743881987950965,0.0
337,1.684999999999986,initializing,25.91029996983707,0.004398862266915166,0.004398862253500297,0.004398862266915166,2.2586783938310295e-06,501.0,0.0,0.0,0.0,0.0,59,60,1.0,0.0010274297717757493,0.1694773366632999,0.006960488925930597,-0.0,0.16881257562396884,0.007743881992352982,0.0
338,1.689999999999986,initializing,27.165899984538555,0.004398863990881826,0.0043988639743680795,0.004398863990881826,2.2586784433833446e-06,501.0,0.0,0.0,0.0,0.0,59,60,1.0,0.0010274297707862673,0.16947733666369738,0.006960488929300857,-0.0,0.16881257562685256,0.007743881996535258,0.0
339,1.6949999999999859,initializing,26.363200042396784,0.004398865640564551,0.004398865625845745,0.004398865640564551,2.2586784917298003e-06,501.0,0.0,0.0,0.0,0.0,59,60,1.0,0.0010274297698719477,0.16947733666407688,0.0069604889325312475,-0.0,0.16881257562960558,0.007743882000580595,0.0
340,1.6999999999999857,initializing,26.745600043796003,0.004398867219503741,0.004398867194056324,0.004398867219503741,2.2586785347222086e-06,501.0,0.0,0.0,0.0,0.0,59,60,1.0,0.001027429768993398,0.16947733666443918,0.006960488935633068,-0.0,0.1688125756322329,0.007743882004452208,0.0
341,1.7049999999999856,initializing,32.332700095139444,0.0043988687303848336,0.004398868706754314,0.0043988687303848336,2.258678578656125e-06,501.0,0.0,0.0,0.0,0.0,59,60,1.0,0.0010274297681644223,0.1694773366647851,0.006960488938614437,-0.0,0.1688125756347413,0.007743882008181383,0.0
342,1.7099999999999855,initializing,31.105899950489402,0.004398870176317985,0.0043988701500627305,0.004398870176317985,2.25867861957572e-06,501.0,0.0,0.0,0.0,0.0,59,60,1.0,0.001027429767363443,0.16947733666511547,0.0069604889414706115,-0.0,0.1688125756371354,0.0077438820117382585,0.0
343,1.7149999999999854,initializing,29.065600014291704,0.004398871560001776,0.004398871537858915,0.004398871560001776,2.258678659237895e-06,501.0,0.0,0.0,0.0,0.0,59,60,1.0,0.001027429766587014,0.16947733666543086,0.006960488944226677,-0.0,0.16881257563942142,0.007743882015148251,0.0
344,1.7199999999999853,initializing,26.784699992276728,0.004398872884255948,0.004398872856265798,0.004398872884255948,2.2586786987111855e-06,501.0,0.0,0.0,0.0,0.0,59,60,1.0,0.001027429765870109,0.16947733666573178,0.006960488946861932,-0.0,0.16881257564160335,0.007743882018439426,0.0
345,1.7249999999999852,initializing,28.44949997961521,0.004398874151608603,0.0043988741330379996,0.004398874151608603,2.2586787341102945e-06,501.0,0.0,0.0,0.0,0.0,59,60,1.0,0.0010274297651524293,0.16947733666601936,0.006960488949402892,-0.0,0.1688125756436859,0.007743882021562301,0.0
346,1.729999999999985,initializing,27.397500001825392,0.004398875364379642,0.004398875340421121,0.004398875364379642,2.258678767598864e-06,501.0,0.0,0.0,0.0,0.0,59,60,1.0,0.0010274297644979613,0.1694773366662937,0.006960488951835249,-0.0,0.16881257564567487,0.007743882024591291,0.0
347,1.734999999999985,initializing,26.260599959641695,0.004398876525090743,0.0043988765061698165,0.004398876525090743,2.2586788022257415e-06,501.0,0.0,0.0,0.0,0.0,59,60,1.0,0.001027429763879358,0.16947733666655573,0.006960488954166236,-0.0,0.16881257564757193,0.0077438820274984,0.0
348,1.739999999999985,initializing,27.44249999523163,0.004398877635901289,0.004398877616406944,0.004398877635901289,2.2586788320141844e-06,501.0,0.0,0.0,0.0,0.0,59,60,1.0,0.0010274297632481798,0.16947733666680595,0.006960488956423563,-0.0,0.1688125756493839,0.007743882030253177,0.0
349,1.7449999999999848,initializing,26.39330003876239,0.004398878698759472,0.004398878671132567,0.004398878698759472,2.2586788626395563e-06,501.0,0.0,0.0,0.0,0.0,59,60,1.0,0.0010274297626813528,0.1694773366670448,0.006960488958579288,-0.0,0.16881257565111432,0.00774388203293121,0.0
350,1.7499999999999847,initializing,25.513599975965917,0.004398879716162394,0.004398879698101387,0.004398879716162394,2.2586788906288935e-06,501.0,0.0,0.0,0.0,0.0,59,60,1.0,0.0010274297621267823,0.16947733666727297,0.0069604889606514515,-0.0,0.1688125756527648,0.0077438820354829695,0.0
351,1.7549999999999846,initializing,25.23909998126328,0.00439888068976196,0.004398880669558913,0.00439888068976196,2.2586789182122313e-06,501.0,0.0,0.0,0.0,0.0,59,60,1.0,0.0010274297616154385,0.16947733666749054,0.00696048896263945,-0.0,0.16881257565434116,0.007743882037953344,0.0
352,1.7599999999999845,initializing,26.413199957460165,0.004398881621549721,0.004398881599382548,0.004398881621549721,2.2586789452867603e-06,501.0,0.0,0.0,0.0,0.0,59,60,1.0,0.0010274297610968284,0.16947733666769854,0.006960488964548758,-0.0,0.16881257565584562,0.007743882040282623,0.0
353,1.7649999999999844,initializing,27.191099943593144,0.004398882513152512,0.004398882501449588,0.004398882513152512,2.2586789705966697e-06,501.0,0.0,0.0,0.0,0.0,59,60,1.0,0.001027429760592524,0.16947733666789688,0.006960488966393518,-0.0,0.16881257565728278,0.007743882042517199,0.0
354,1.7699999999999843,initializing,25.098899961449206,0.004398883366563221,0.004398883348005709,0.004398883366563221,2.2586789943755404e-06,501.0,0.0,0.0,0.0,0.0,59,60,1.0,0.001027429760149126,0.1694773366680863,0.0069604889681602385,-0.0,0.16881257565865412,0.0077438820447053545,0.0
355,1.7749999999999841,initializing,24.67610000167042,0.004398884183498142,0.004398884166805453,0.004398884183498142,2.258679016505653e-06,501.0,0.0,0.0,0.0,0.0,59,60,1.0,0.0010274297597318148,0.16947733666826717,0.006960488969851991,-0.0,0.1688125756599622,0.007743882046806287,0.0
356,1.779999999999984,initializing,25.15160001348704,0.004398884965130861,0.004398884957848817,0.004398884965130861,2.258679038164472e-06,501.0,0.0,0.0,0.0,0.0,59,60,1.0,0.001027429759302559,0.16947733666844,0.006960488971489628,-0.0,0.1688125756612114,0.007743882048794337,0.0
357,1.784999999999984,initializing,25.707499939016998,0.00439888571311514,0.004398885707258708,0.00439888571311514,2.2586790594280617e-06,501.0,0.0,0.0,0.0,0.0,59,60,1.0,0.001027429758899247,0.16947733666860468,0.006960488973053375,-0.0,0.16881257566240518,0.007743882050702389,0.0
358,1.7899999999999838,initializing,25.50160000100732,0.00439888642901757,0.004398886415035227,0.00439888642901757,2.258679080363376e-06,501.0,0.0,0.0,0.0,0.0,59,60,1.0,0.0010274297585246238,0.169477336668762,0.00696048897455646,-0.0,0.16881257566354374,0.007743882052546801,0.0
359,1.7949999999999837,initializing,25.13980004005134,0.0043988871142593795,0.004398887095055676,0.0043988871142593795,2.258679099274018e-06,501.0,0.0,0.0,0.0,0.0,59,60,1.0,0.0010274297581744794,0.1694773366689123,0.006960488975982672,-0.0,0.16881257566463076,0.007743882054308666,0.0
360,1.7999999999999836,initializing,24.180099950172007,0.004398887769971359,0.004398887761197318,0.004398887769971359,2.258679118638201e-06,501.0,0.0,0.0,0.0,0.0,59,60,1.0,0.0010274297578112747,0.1694773366690557,0.006960488977388069,-0.0,0.1688125756656683,0.007743882055996434,0.0
361,1.8049999999999835,initializing,32.22809999715537,0.004398888397445018,0.004398888385705773,0.004398888397445018,2.2586791362805655e-06,501.0,0.0,0.0,0.0,0.0,59,60,1.0,0.0010274297574850075,0.16947733666919257,0.006960488978708542,-0.0,0.1688125756666599,0.007743882057614301,0.0
362,1.8099999999999834,initializing,27.852999977767467,0.004398888998031529,0.004398888982458367,0.004398888998031529,2.25867915189198e-06,501.0,0.0,0.0,0.0,0.0,59,60,1.0,0.0010274297571575696,0.16947733666932321,0.006960488980000056,-0.0,0.1688125756676053,0.007743882059167758,0.0
363,1.8149999999999833,initializing,26.925800018943846,0.004398889572796712,0.004398889551455103,0.004398889572796712,2.258679167038418e-06,501.0,0.0,0.0,0.0,0.0,59,60,1.0,0.0010274297568577742,0.1694773366694478,0.006960488981241869,-0.0,0.16881257566850857,0.00774388206067715,0.0
364,1.8199999999999832,initializing,25.060500018298626,0.004398890122984612,0.004398890092696095,0.004398890122984612,2.258679182916659e-06,501.0,0.0,0.0,0.0,0.0,59,60,1.0,0.0010274297565493469,0.16947733666956688,0.006960488982415918,-0.0,0.16881257566937052,0.007743882062077073,0.0
365,1.824999999999983,initializing,24.286000058054924,0.004398890649499819,0.004398890620058592,0.004398890649499819,2.2586791998935377e-06,501.0,0.0,0.0,0.0,0.0,59,60,1.0,0.0010274297563050304,0.1694773366696804,0.006960488983560173,-0.0,0.16881257567019337,0.007743882063502811,0.0
366,1.829999999999983,initializing,23.190799984149635,0.004398891153567376,0.004398891133542731,0.004398891153567376,2.258679210853112e-06,501.0,0.0,0.0,0.0,0.0,59,60,1.0,0.0010274297560296489,0.16947733666978904,0.0069604889846646084,-0.0,0.1688125756709777,0.007743882064819465,0.0
367,1.8349999999999829,initializing,23.15159991849214,0.004398891635730184,0.00439889161927116,0.004398891635730184,2.2586792255889725e-06,501.0,0.0,0.0,0.0,0.0,59,60,1.0,0.0010274297557867403,0.1694773366698924,0.006960488985713748,-0.0,0.16881257567172817,0.0077438820660991285,0.0
368,1.8399999999999828,initializing,23.092799936421216,0.004398892097302032,0.0043988920772441,0.004398892097302032,2.2586792374929427e-06,501.0,0.0,0.0,0.0,0.0,59,60,1.0,0.0010274297555454628,0.16947733666999104,0.006960488986723124,-0.0,0.1688125756724439,0.007743882067315707,0.0
369,1.8449999999999827,initializing,22.944699972867966,0.004398892539051877,0.004398892521338733,0.004398892539051877,2.25867925124213e-06,501.0,0.0,0.0,0.0,0.0,59,60,1.0,0.0010274297553277225,0.16947733667008524,0.006960488987687871,-0.0,0.1688125756731271,0.007743882068494691,0.0
370,1.8499999999999825,initializing,24.238800047896802,0.004398892961828429,0.004398892937677925,0.004398892961828429,2.2586792622196166e-06,501.0,0.0,0.0,0.0,0.0,59,60,1.0,0.0010274297550880935,0.16947733667017523,0.00696048898862735,-0.0,0.16881257567377936,0.00774388206959702,0.0
371,1.8549999999999824,initializing,24.155699997209013,0.004398893366373744,0.004398893354016142,0.004398893366373744,2.2586792743753335e-06,501.0,0.0,0.0,0.0,0.0,59,60,1.0,0.0010274297548921953,0.16947733667026088,0.006960488989530122,-0.0,0.16881257567440258,0.007743882070699032,0.0
372,1.8599999999999823,initializing,25.237400084733963,0.00439889375371553,0.004398893742599026,0.00439889375371553,2.258679283577062e-06,501.0,0.0,0.0,0.0,0.0,59,60,1.0,0.0010274297546947408,0.16947733667034273,0.006960488990399805,-0.0,0.1688125756749966,0.0077438820717443645,0.0
373,1.8649999999999822,initializing,26.34290000423789,0.004398894124290736,0.004398894117303736,0.004398894124290736,2.2586792932064057e-06,501.0,0.0,0.0,0.0,0.0,59,60,1.0,0.0010274297545025816,0.16947733667042084,0.006960488991232774,-0.0,0.16881257567556426,0.007743882072740732,0.0
374,1.8699999999999821,initializing,26.485299924388528,0.004398894479017695,0.0043988944781304055,0.004398894479017695,2.2586793040879694e-06,501.0,0.0,0.0,0.0,0.0,59,60,1.0,0.001027429754313908,0.16947733667049533,0.00696048899204091,-0.0,0.16881257567610608,0.007743882073697974,0.0
375,1.874999999999982,initializing,28.18300004582852,0.0043988948185224915,0.004398894811201804,0.0043988948185224915,2.2586793137293994e-06,501.0,0.0,0.0,0.0,0.0,59,60,1.0,0.001027429754145218,0.16947733667056625,0.006960488992806085,-0.0,0.16881257567662328,0.007743882074620609,0.0
376,1.879999999999982,initializing,27.12230000179261,0.004398895143518465,0.0043988951303952206,0.004398895143518465,2.2586793225917125e-06,501.0,0.0,0.0,0.0,0.0,59,60,1.0,0.0010274297539831295,0.16947733667063403,0.006960488993544286,-0.0,0.16881257567711666,0.007743882075507382,0.0
377,1.8849999999999818,initializing,26.382500072941184,0.004398895454491495,0.004398895435710647,0.004398895454491495,2.258679331798459e-06,501.0,0.0,0.0,0.0,0.0,59,60,1.0,0.0010274297538209998,0.1694773366706987,0.006960488994273893,-0.0,0.1688125756775879,0.007743882076369351,0.0
378,1.8899999999999817,initializing,24.955400032922626,0.004398895752091756,0.004398895727148142,0.004398895752091756,2.2586793380384963e-06,501.0,0.0,0.0,0.0,0.0,59,60,1.0,0.0010274297536543228,0.16947733667076023,0.0069604889949670635,-0.0,0.16881257567803798,0.007743882077173633,0.0
379,1.8949999999999816,initializing,25.01240000128746,0.004398896036997485,0.00439889601858498,0.004398896036997485,2.258679346359807e-06,501.0,0.0,0.0,0.0,0.0,59,60,1.0,0.0010274297535308194,0.1694773366708189,0.006960488995624996,-0.0,0.1688125756784674,0.007743882077984203,0.0
380,1.8999999999999815,initializing,25.83459997549653,0.004398896309767934,0.004398896296143956,0.004398896309767934,2.258679353097319e-06,501.0,0.0,0.0,0.0,0.0,59,60,1.0,0.0010274297533941705,0.16947733667087495,0.006960488996263175,-0.0,0.16881257567887656,0.007743882078742799,0.0
381,1.9049999999999814,initializing,28.10330002103001,0.004398896570704249,0.004398896559825031,0.004398896570704249,2.2586793611520175e-06,501.0,0.0,0.0,0.0,0.0,59,60,1.0,0.0010274297532610987,0.16947733667092826,0.006960488996874727,-0.0,0.16881257567926788,0.007743882079466647,0.0
382,1.9099999999999813,initializing,27.79640001244843,0.004398896820450755,0.0043988968096283125,0.004398896820450755,2.2586793700235856e-06,501.0,0.0,0.0,0.0,0.0,59,60,1.0,0.0010274297531313358,0.16947733667097925,0.006960488997470713,-0.0,0.16881257567964136,0.0077438820801661035,0.0
383,1.9149999999999812,initializing,34.92409992031753,0.004398897059503596,0.004398897045553818,0.004398897059503596,2.258679374159615e-06,501.0,0.0,0.0,0.0,0.0,59,60,1.0,0.0010274297530274582,0.16947733667102777,0.006960488998043327,-0.0,0.16881257567999775,0.007743882080863724,0.0
384,1.919999999999981,initializing,25.32200003042817,0.004398897288313857,0.004398897281478768,0.004398897288313857,2.2586793810440196e-06,501.0,0.0,0.0,0.0,0.0,59,60,1.0,0.0010274297529015038,0.16947733667107398,0.006960488998587684,-0.0,0.16881257568033767,0.007743882081492123,0.0
385,1.924999999999981,initializing,23.667900008149445,0.004398897507226344,0.00439889750352595,0.004398897507226344,2.2586793882511163e-06,501.0,0.0,0.0,0.0,0.0,59,60,1.0,0.0010274297527821843,0.16947733667111797,0.006960488999134558,-0.0,0.16881257568066305,0.0077438820821212825,0.0
386,1.9299999999999808,initializing,23.099299985915422,0.004398897716823917,0.0043988977116954505,0.004398897716823917,2.2586793925289897e-06,501.0,0.0,0.0,0.0,0.0,59,60,1.0,0.001027429752673686,0.16947733667115988,0.006960488999636458,-0.0,0.1688125756809733,0.0077438820827085905,0.0
387,1.9349999999999807,initializing,23.11159996315837,0.004398897917448677,0.00439889790598722,0.004398897917448677,2.258679398608194e-06,501.0,0.0,0.0,0.0,0.0,59,60,1.0,0.001027429752583199,0.16947733667119985,0.006960489000131907,-0.0,0.16881257568126878,0.007743882083302189,0.0
388,1.9399999999999806,initializing,23.368500056676567,0.0043988981095156995,0.00439889810027855,0.0043988981095156995,2.2586794019708795e-06,501.0,0.0,0.0,0.0,0.0,59,60,1.0,0.0010274297524947439,0.1694773366712379,0.006960489000609027,-0.0,0.1688125756815509,0.0077438820838703955,0.0
389,1.9449999999999805,initializing,23.430699948221445,0.004398898293247578,0.0043988982806921805,0.004398898293247578,2.258679408178658e-06,501.0,0.0,0.0,0.0,0.0,59,60,1.0,0.0010274297523958007,0.1694773366712742,0.006960489001075584,-0.0,0.16881257568182026,0.0077438820844049575,0.0
390,1.9499999999999804,initializing,23.151300032623112,0.004398898469146464,0.004398898447228178,0.004398898469146464,2.258679413338274e-06,501.0,0.0,0.0,0.0,0.0,59,60,1.0,0.00102742975230311,0.16947733667130863,0.00696048900152738,-0.0,0.1688125756820778,0.007743882084924526,0.0
391,1.9549999999999803,initializing,23.03170005325228,0.0043988986375107265,0.0043988986137637924,0.0043988986375107265,2.258679416663307e-06,501.0,0.0,0.0,0.0,0.0,59,60,1.0,0.0010274297522267627,0.16947733667134143,0.006960489001949987,-0.0,0.1688125756823232,0.007743882085427391,0.0
392,1.9599999999999802,initializing,22.445400012657046,0.004398898798691691,0.004398898780299031,0.004398898798691691,2.258679422094004e-06,501.0,0.0,0.0,0.0,0.0,59,60,1.0,0.001027429752160704,0.1694773366713726,0.006960489002363228,-0.0,0.1688125756825571,0.007743882085926022,0.0
393,1.96499999999998,initializing,26.57560002990067,0.004398898952943694,0.004398898946833914,0.004398898952943694,2.258679425151307e-06,501.0,0.0,0.0,0.0,0.0,59,60,1.0,0.0010274297520792266,0.16947733667140255,0.006960489002760021,-0.0,0.16881257568278055,0.007743882086380164,0.0
394,1.96999999999998,initializing,28.521700063720345,0.004398899100489761,0.0043988990994911804,0.004398899100489761,2.258679430788142e-06,501.0,0.0,0.0,0.0,0.0,59,60,1.0,0.001027429752000506,0.16947733667143072,0.006960489003153804,-0.0,0.16881257568299424,0.0077438820868281286,0.0
395,1.9749999999999799,initializing,28.733299928717315,0.00439889924178982,0.004398899252148161,0.004398899252148161,2.258679433474976e-06,501.0,0.0,0.0,0.0,0.0,59,60,1.0,0.0010274297519398668,0.1694773366714576,0.006960489003525712,-0.0,0.16881257568319824,0.00774388208727082,0.0
396,1.9799999999999798,initializing,25.943899992853403,0.004398899376988679,0.004398899390927562,0.004398899390927562,2.258679437857167e-06,501.0,0.0,0.0,0.0,0.0,59,60,1.0,0.0010274297518806015,0.1694773366714831,0.006960489003878369,-0.0,0.16881257568339203,0.007743882087688548,0.0
397,1.9849999999999797,initializing,24.633800028823316,0.0043988995064235615,0.0043988995297066695,0.0043988995297066695,2.258679440768624e-06,501.0,0.0,0.0,0.0,0.0,59,60,1.0,0.0010274297517948857,0.1694773366715074,0.0069604890042386305,-0.0,0.16881257568357755,0.007743882088073185,0.0
398,1.9899999999999796,initializing,22.21820002887398,0.004398899630258089,0.004398899654608241,0.004398899654608241,2.2586794437740163e-06,501.0,0.0,0.0,0.0,0.0,59,60,1.0,0.0010274297517488997,0.16947733667153037,0.006960489004580626,-0.0,0.16881257568375505,0.007743882088486009,0.0
399,1.9949999999999795,initializing,21.876199985854328,0.00439889974886848,0.00439889977950956,0.00439889977950956,2.2586794466293686e-06,501.0,0.0,0.0,0.0,0.0,59,60,1.0,0.0010274297516964627,0.16947733667155246,0.006960489004911325,-0.0,0.16881257568392313,0.007743882088871822,0.0
400,1.9999999999999793,initializing,21.046700072474778,0.004398899862361227,0.00439889989053334,0.00439889989053334,2.2586794501681664e-06,501.0,0.0,0.0,0.0,0.0,59,60,1.0,0.0010274297516442556,0.1694773366715733,0.006960489005216648,-0.0,0.16881257568408423,0.007743882089227685,0.0
401,2.0049999999999795,initializing,23.084399988874793,0.004398899970988991,0.004398900001556889,0.004398900001556889,2.258679453701278e-06,501.0,0.0,0.0,0.0,0.0,59,60,1.0,0.0010274297515825137,0.16947733667159298,0.006960489005522723,-0.0,0.16881257568423808,0.007743882089566638,0.0
402,2.0099999999999794,initializing,26.534399949014187,0.004398900074907956,0.0043989000987029485,0.0043989000987029485,2.2586794560978112e-06,501.0,0.0,0.0,0.0,0.0,59,60,1.0,0.0010274297515338723,0.16947733667161174,0.006960489005828047,-0.0,0.1688125756843849,0.007743882089916838,0.0
403,2.0149999999999793,initializing,27.169400011189282,0.0043989001744327285,0.00439890019584879,0.00439890019584879,2.2586794580549024e-06,501.0,0.0,0.0,0.0,0.0,59,60,1.0,0.0010274297514847688,0.16947733667162965,0.006960489006117522,-0.0,0.16881257568452473,0.007743882090245379,0.0
404,2.019999999999979,initializing,26.94300003349781,0.004398900269688477,0.004398900292994398,0.004398900292994398,2.2586794609392178e-06,501.0,0.0,0.0,0.0,0.0,59,60,1.0,0.0010274297514506045,0.1694773366716464,0.006960489006388778,-0.0,0.16881257568465818,0.007743882090570843,0.0
405,2.024999999999979,initializing,24.047499988228083,0.00439890036083908,0.004398900376262551,0.004398900376262551,2.2586794634130355e-06,501.0,0.0,0.0,0.0,0.0,59,60,1.0,0.0010274297513965171,0.1694773366716625,0.006960489006671559,-0.0,0.16881257568478522,0.0077438820908768274,0.0
406,2.029999999999979,initializing,22.796400007791817,0.004398900448078025,0.004398900459530497,0.004398900459530497,2.2586794656954247e-06,501.0,0.0,0.0,0.0,0.0,59,60,1.0,0.0010274297513546626,0.16947733667167753,0.00696048900693793,-0.0,0.16881257568490704,0.007743882091178935,0.0
407,2.034999999999979,initializing,23.78279995173216,0.00439890053162951,0.00439890054279827,0.00439890054279827,2.2586794676744943e-06,501.0,0.0,0.0,0.0,0.0,59,60,1.0,0.0010274297513151003,0.16947733667169185,0.0069604890071881375,-0.0,0.16881257568502273,0.00774388209146327,0.0
408,2.0399999999999787,initializing,24.373000022023916,0.004398900611598581,0.004398900626065843,0.004398900626065843,2.258679470018947e-06,501.0,0.0,0.0,0.0,0.0,59,60,1.0,0.0010274297512842766,0.16947733667170542,0.00696048900743608,-0.0,0.1688125756851331,0.007743882091752937,0.0
409,2.0449999999999786,initializing,23.27749994583428,0.004398900688147633,0.004398900695456004,0.004398900695456004,2.2586794730119292e-06,501.0,0.0,0.0,0.0,0.0,59,60,1.0,0.0010274297512542516,0.16947733667171833,0.006960489007673649,-0.0,0.1688125756852382,0.0077438820920293465,0.0
410,2.0499999999999785,initializing,22.35579991247505,0.004398900761343823,0.004398900764845989,0.004398900764845989,2.2586794733043055e-06,501.0,0.0,0.0,0.0,0.0,59,60,1.0,0.0010274297512064179,0.16947733667173037,0.006960489007913656,-0.0,0.16881257568533886,0.007743882092281822,0.0
411,2.0549999999999784,initializing,22.593800094909966,0.0043989008313636635,0.004398900834235802,0.004398900834235802,2.2586794747251186e-06,501.0,0.0,0.0,0.0,0.0,59,60,1.0,0.0010274297511740256,0.16947733667174175,0.006960489008139971,-0.0,0.16881257568543515,0.0077438820925377,0.0
412,2.0599999999999783,initializing,22.12500001769513,0.00439890089850497,0.0043989009036254825,0.0043989009036254825,2.2586794774388957e-06,501.0,0.0,0.0,0.0,0.0,59,60,1.0,0.0010274297511430578,0.16947733667175266,0.006960489008364238,-0.0,0.1688125756855263,0.007743882092789443,0.0
413,2.064999999999978,initializing,22.379899979569018,0.004398900962772213,0.004398900959137759,0.004398900962772213,2.2586794803153637e-06,501.0,0.0,0.0,0.0,0.0,59,60,1.0,0.001027429751122557,0.16947733667176276,0.00696048900857026,-0.0,0.1688125756856134,0.007743882093033913,0.0
414,2.069999999999978,initializing,22.43559993803501,0.004398901024263148,0.004398901014649906,0.004398901024263148,2.2586794799851928e-06,501.0,0.0,0.0,0.0,0.0,59,60,1.0,0.0010274297510772874,0.16947733667177245,0.006960489008788734,-0.0,0.16881257568569633,0.00774388209325517,0.0
415,2.074999999999978,initializing,22.230600006878376,0.004398901083032714,0.004398901070161882,0.004398901083032714,2.258679482310929e-06,501.0,0.0,0.0,0.0,0.0,59,60,1.0,0.001027429751061571,0.16947733667178133,0.006960489008989752,-0.0,0.168812575685776,0.007743882093495658,0.0
416,2.079999999999978,initializing,22.47269998770207,0.004398901139442458,0.004398901125673775,0.004398901139442458,2.2586794839226923e-06,501.0,0.0,0.0,0.0,0.0,59,60,1.0,0.0010274297510279864,0.1694773366717899,0.006960489009196972,-0.0,0.16881257568585098,0.007743882093715168,0.0
417,2.0849999999999778,initializing,23.67579995188862,0.004398901193330614,0.004398901181185512,0.004398901193330614,2.258679484348578e-06,501.0,0.0,0.0,0.0,0.0,59,60,1.0,0.0010274297510050226,0.16947733667179782,0.006960489009388371,-0.0,0.16881257568592314,0.007743882093930975,0.0
418,2.0899999999999777,initializing,25.251199956983328,0.004398901244982804,0.004398901222819902,0.004398901244982804,2.2586794868678437e-06,501.0,0.0,0.0,0.0,0.0,59,60,1.0,0.0010274297509857673,0.16947733667180537,0.006960489009572173,-0.0,0.1688125756859914,0.007743882094141032,0.0
419,2.0949999999999775,initializing,25.1501000020653,0.004398901294396106,0.004398901264454179,0.004398901294396106,2.258679487269517e-06,501.0,0.0,0.0,0.0,0.0,59,60,1.0,0.0010274297509560292,0.1694773366718123,0.006960489009764554,-0.0,0.16881257568605673,0.0077438820943439655,0.0
420,2.0999999999999774,initializing,24.394999956712127,0.004398901341613469,0.004398901306088322,0.004398901341613469,2.258679488694718e-06,501.0,0.0,0.0,0.0,0.0,59,60,1.0,0.001027429750933595,0.1694773366718189,0.0069604890099470625,-0.0,0.16881257568611918,0.007743882094544439,0.0
421,2.1049999999999773,initializing,25.09100001771003,0.004398901386897456,0.0043989013477223945,0.004398901386897456,2.258679489795675e-06,501.0,0.0,0.0,0.0,0.0,59,60,1.0,0.0010274297509310867,0.16947733667182502,0.006960489010113573,-0.0,0.1688125756861784,0.007743882094752739,0.0
422,2.1099999999999772,initializing,31.104100053198636,0.004398901430249894,0.004398901389356347,0.004398901430249894,2.2586794918635534e-06,501.0,0.0,0.0,0.0,0.0,59,60,1.0,0.001027429750909868,0.16947733667183087,0.006960489010281268,-0.0,0.16881257568623456,0.007743882094935282,0.0
423,2.114999999999977,initializing,29.9537000246346,0.0043989014716190175,0.004398901430990188,0.0043989014716190175,2.2586794918617797e-06,501.0,0.0,0.0,0.0,0.0,59,60,1.0,0.001027429750868059,0.16947733667183607,0.00696048901046619,-0.0,0.1688125756862887,0.007743882095106918,0.0
424,2.119999999999977,initializing,28.693599975667894,0.004398901511282383,0.004398901486501208,0.004398901511282383,2.2586794930344362e-06,501.0,0.0,0.0,0.0,0.0,59,60,1.0,0.0010274297508713458,0.16947733667184098,0.006960489010620702,-0.0,0.16881257568634067,0.0077438820953056615,0.0
425,2.124999999999977,initializing,26.62450005300343,0.004398901549311191,0.004398901528134905,0.004398901549311191,2.2586794940017237e-06,501.0,0.0,0.0,0.0,0.0,59,60,1.0,0.001027429750844631,0.16947733667184564,0.006960489010776439,-0.0,0.1688125756863886,0.007743882095463081,0.0
426,2.129999999999977,initializing,27.713999967090786,0.004398901585625266,0.004398901569768478,0.004398901585625266,2.2586794949861264e-06,501.0,0.0,0.0,0.0,0.0,59,60,1.0,0.0010274297508229995,0.16947733667184983,0.006960489010935912,-0.0,0.16881257568643562,0.007743882095630525,0.0
427,2.1349999999999767,initializing,26.314500020816922,0.0043989016204601964,0.004398901611402002,0.0043989016204601964,2.2586794956477014e-06,501.0,0.0,0.0,0.0,0.0,59,60,1.0,0.001027429750803917,0.1694773366718538,0.00696048901109922,-0.0,0.16881257568647998,0.007743882095803074,0.0
428,2.1399999999999766,initializing,25.66119993571192,0.004398901653814606,0.004398901653035451,0.004398901653814606,2.2586794970742117e-06,501.0,0.0,0.0,0.0,0.0,59,60,1.0,0.0010274297507949694,0.16947733667185738,0.006960489011248511,-0.0,0.16881257568652194,0.007743882095973204,0.0
429,2.1449999999999765,initializing,26.191999902948737,0.004398901685758841,0.004398901694668832,0.004398901694668832,2.258679496659229e-06,501.0,0.0,0.0,0.0,0.0,59,60,1.0,0.0010274297507920386,0.1694773366718606,0.006960489011388236,-0.0,0.168812575686562,0.007743882096140339,0.0
430,2.1499999999999764,initializing,26.077000075019896,0.004398901716261439,0.004398901736302106,0.004398901736302106,2.2586794983623836e-06,501.0,0.0,0.0,0.0,0.0,59,60,1.0,0.001027429750767081,0.16947733667186368,0.006960489011533894,-0.0,0.16881257568660013,0.007743882096283012,0.0
431,2.1549999999999763,initializing,26.11770003568381,0.0043989017454366605,0.004398901764058084,0.004398901764058084,2.2586794986017432e-06,501.0,0.0,0.0,0.0,0.0,59,60,1.0,0.001027429750757625,0.16947733667186643,0.00696048901167687,-0.0,0.16881257568663674,0.00774388209644232,0.0
432,2.159999999999976,initializing,26.06860001105815,0.004398901773449988,0.004398901791814026,0.004398901791814026,2.258679498574958e-06,501.0,0.0,0.0,0.0,0.0,59,60,1.0,0.00102742975073774,0.16947733667186893,0.006960489011826889,-0.0,0.16881257568667107,0.007743882096593274,0.0
433,2.164999999999976,initializing,25.424999999813735,0.004398901800168776,0.00439890181956986,0.00439890181956986,2.2586795013445795e-06,501.0,0.0,0.0,0.0,0.0,59,60,1.0,0.0010274297507353704,0.16947733667187106,0.006960489011957873,-0.0,0.168812575686704,0.0077438820967472705,0.0
434,2.169999999999976,initializing,25.887800031341612,0.004398901825883202,0.004398901847325687,0.004398901847325687,2.258679501154644e-06,501.0,0.0,0.0,0.0,0.0,59,60,1.0,0.0010274297507249998,0.16947733667187312,0.006960489012086878,-0.0,0.16881257568673502,0.007743882096887263,0.0
435,2.174999999999976,initializing,25.931700016371906,0.004398901850374082,0.004398901875081418,0.004398901875081418,2.2586795017910103e-06,501.0,0.0,0.0,0.0,0.0,59,60,1.0,0.0010274297507035146,0.16947733667187484,0.006960489012228479,-0.0,0.1688125756867647,0.007743882097024403,0.0
436,2.1799999999999757,initializing,25.519800023175776,0.004398901873816337,0.004398901902837111,0.004398901902837111,2.25867950118189e-06,501.0,0.0,0.0,0.0,0.0,59,60,1.0,0.0010274297506944956,0.16947733667187637,0.006960489012354233,-0.0,0.16881257568679336,0.007743882097161363,0.0
437,2.1849999999999756,initializing,26.27940010279417,0.0043989018962914085,0.004398901930592743,0.004398901930592743,2.2586795023595075e-06,501.0,0.0,0.0,0.0,0.0,59,60,1.0,0.0010274297506926362,0.16947733667187775,0.006960489012477343,-0.0,0.16881257568682004,0.0077438820973034905,0.0
438,2.1899999999999755,initializing,25.29410005081445,0.004398901917838695,0.0043989019583483375,0.0043989019583483375,2.2586795031316623e-06,501.0,0.0,0.0,0.0,0.0,59,60,1.0,0.0010274297506719077,0.16947733667187886,0.006960489012613773,-0.0,0.16881257568684524,0.007743882097433178,0.0
439,2.1949999999999754,initializing,25.62600001692772,0.004398901938400884,0.004398901986103871,0.004398901986103871,2.2586795037249077e-06,501.0,0.0,0.0,0.0,0.0,59,60,1.0,0.001027429750672394,0.16947733667187975,0.00696048901273541,-0.0,0.16881257568686966,0.007743882097575426,0.0
440,2.1999999999999753,initializing,25.364800007082522,0.004398901958189397,0.004398902013859392,0.004398902013859392,2.2586795042529438e-06,501.0,0.0,0.0,0.0,0.0,59,60,1.0,0.0010274297506586679,0.16947733667188059,0.006960489012859044,-0.0,0.16881257568689226,0.007743882097699523,0.0
441,2.204999999999975,initializing,34.70359998755157,0.004398901976990066,0.004398902041614826,0.004398902041614826,2.2586795036513285e-06,501.0,0.0,0.0,0.0,0.0,59,60,1.0,0.0010274297506578523,0.16947733667188117,0.006960489012973151,-0.0,0.16881257568691432,0.007743882097830789,0.0
442,2.209999999999975,initializing,27.828099904581904,0.0043989019950378214,0.004398902055492987,0.004398902055492987,2.2586795050043603e-06,501.0,0.0,0.0,0.0,0.0,59,60,1.0,0.001027429750639654,0.1694773366718816,0.006960489013096381,-0.0,0.16881257568693478,0.007743882097947134,0.0
443,2.214999999999975,initializing,27.46590005699545,0.004398902012359812,0.004398902069371115,0.004398902069371115,2.258679505599469e-06,501.0,0.0,0.0,0.0,0.0,59,60,1.0,0.001027429750639439,0.16947733667188175,0.006960489013211326,-0.0,0.1688125756869546,0.0077438820980784955,0.0
444,2.219999999999975,initializing,25.827800040133297,0.004398902028958262,0.004398902083249221,0.004398902083249221,2.258679505300515e-06,501.0,0.0,0.0,0.0,0.0,59,60,1.0,0.0010274297506268884,0.16947733667188192,0.006960489013322811,-0.0,0.1688125756869728,0.007743882098188829,0.0
445,2.2249999999999748,initializing,25.2362999599427,0.004398902044747923,0.004398902097127261,0.004398902097127261,2.2586795059653543e-06,501.0,0.0,0.0,0.0,0.0,59,60,1.0,0.0010274297506180682,0.1694773366718818,0.0069604890134390435,-0.0,0.16881257568699068,0.007743882098308756,0.0
446,2.2299999999999747,initializing,25.916999904438853,0.004398902059932101,0.0043989021110052914,0.0043989021110052914,2.2586795049936114e-06,501.0,0.0,0.0,0.0,0.0,59,60,1.0,0.0010274297506104723,0.16947733667188145,0.0069604890135563586,-0.0,0.16881257568700736,0.00774388209843057,0.0
447,2.2349999999999746,initializing,27.022800059057772,0.004398902074450085,0.004398902124883264,0.004398902124883264,2.258679507084433e-06,501.0,0.0,0.0,0.0,0.0,59,60,1.0,0.0010274297506162869,0.16947733667188117,0.006960489013665691,-0.0,0.1688125756870229,0.007743882098560953,0.0
448,2.2399999999999745,initializing,25.488900020718575,0.004398902088430107,0.004398902138761231,0.004398902138761231,2.2586795071417844e-06,501.0,0.0,0.0,0.0,0.0,59,60,1.0,0.0010274297505990528,0.1694773366718808,0.006960489013779322,-0.0,0.1688125756870377,0.007743882098664841,0.0
449,2.2449999999999743,initializing,25.54579998832196,0.004398902101650232,0.0043989021526391345,0.0043989021526391345,2.2586795077296308e-06,501.0,0.0,0.0,0.0,0.0,59,60,1.0,0.0010274297505991855,0.16947733667188017,0.006960489013887766,-0.0,0.16881257568705205,0.007743882098786178,0.0
450,2.2499999999999742,initializing,25.702400016598403,0.0043989021144387255,0.004398902166517053,0.004398902166517053,2.2586795075747813e-06,501.0,0.0,0.0,0.0,0.0,59,60,1.0,0.0010274297506003213,0.16947733667187959,0.0069604890139900845,-0.0,0.16881257568706506,0.007743882098901526,0.0
451,2.254999999999974,initializing,26.709700003266335,0.004398902126576596,0.0043989021803949035,0.0043989021803949035,2.2586795074952347e-06,501.0,0.0,0.0,0.0,0.0,59,60,1.0,0.0010274297505841086,0.16947733667187873,0.006960489014102735,-0.0,0.16881257568707786,0.007743882099004501,0.0
452,2.259999999999974,initializing,27.15640002861619,0.004398902138186774,0.004398902194272735,0.004398902194272735,2.2586795082708734e-06,501.0,0.0,0.0,0.0,0.0,59,60,1.0,0.0010274297505845056,0.16947733667187778,0.006960489014205466,-0.0,0.16881257568709002,0.00774388209911887,0.0
453,2.264999999999974,initializing,25.628400035202503,0.004398902149381367,0.0043989022081505616,0.0043989022081505616,2.258679507807223e-06,501.0,0.0,0.0,0.0,0.0,59,60,1.0,0.0010274297505685852,0.1694773366718767,0.006960489014311696,-0.0,0.16881257568710095,0.0077438820992144185,0.0
454,2.269999999999974,initializing,24.76059994660318,0.004398902160049692,0.004398902222028339,0.004398902222028339,2.2586795078341203e-06,501.0,0.0,0.0,0.0,0.0,59,60,1.0,0.0010274297505718237,0.1694773366718755,0.006960489014413647,-0.0,0.16881257568711183,0.007743882099330862,0.0
455,2.2749999999999737,initializing,25.768500054255128,0.004398902170364236,0.004398902235906112,0.004398902235906112,2.2586795087745984e-06,501.0,0.0,0.0,0.0,0.0,59,60,1.0,0.0010274297505681747,0.1694773366718744,0.006960489014512336,-0.0,0.16881257568712146,0.00774388209943388,0.0
456,2.2799999999999736,initializing,25.017700041644275,0.00439890218014819,0.004398902249783844,0.004398902249783844,2.258679508957184e-06,501.0,0.0,0.0,0.0,0.0,59,60,1.0,0.0010274297505667935,0.16947733667187315,0.006960489014613222,-0.0,0.16881257568713076,0.007743882099541905,0.0
457,2.2849999999999735,initializing,24.927399936132133,0.004398902189543821,0.004398902263661573,0.004398902263661573,2.258679509181428e-06,501.0,0.0,0.0,0.0,0.0,59,60,1.0,0.0010274297505621303,0.1694773366718717,0.00696048901471001,-0.0,0.16881257568713975,0.007743882099641433,0.0
458,2.2899999999999734,initializing,25.85990005172789,0.0043989021984542544,0.004398902277539263,0.004398902277539263,2.2586795091972657e-06,501.0,0.0,0.0,0.0,0.0,59,60,1.0,0.0010274297505486682,0.16947733667187018,0.0069604890148162925,-0.0,0.16881257568714791,0.007743882099738279,0.0
459,2.2949999999999733,initializing,25.719800032675266,0.004398902207049194,0.00439890229141695,0.00439890229141695,2.2586795094834163e-06,501.0,0.0,0.0,0.0,0.0,59,60,1.0,0.0010274297505530683,0.1694773366718686,0.006960489014912167,-0.0,0.16881257568715582,0.007743882099847979,0.0
460,2.299999999999973,initializing,24.313699919730425,0.004398902215313466,0.004398902305294624,0.004398902305294624,2.2586795097818493e-06,501.0,0.0,0.0,0.0,0.0,59,60,1.0,0.0010274297505471692,0.16947733667186698,0.006960489015008509,-0.0,0.16881257568716282,0.007743882099943885,0.0
461,2.304999999999973,initializing,27.176000061444938,0.004398902223168039,0.004398902319172257,0.004398902319172257,2.2586795100132396e-06,501.0,0.0,0.0,0.0,0.0,59,60,1.0,0.0010274297505481935,0.1694773366718653,0.006960489015104786,-0.0,0.16881257568716962,0.007743882100048713,0.0
462,2.309999999999973,initializing,29.010499943979084,0.004398902230689936,0.004398902319172642,0.004398902319172642,2.2586795098943564e-06,501.0,0.0,0.0,0.0,0.0,59,60,1.0,0.001027429750543299,0.16947733667186352,0.006960489015197105,-0.0,0.16881257568717592,0.007743882100141467,0.0
463,2.314999999999973,initializing,39.100200054235756,0.0043989022378562994,0.004398902319172999,0.004398902319172999,2.258679509852933e-06,501.0,0.0,0.0,0.0,0.0,59,60,1.0,0.001027429750531226,0.1694773366718617,0.0069604890153019535,-0.0,0.16881257568718194,0.007743882100237123,0.0
464,2.3199999999999728,initializing,26.271100039593875,0.004398902244789461,0.004398902319173359,0.004398902319173359,2.258679510226337e-06,501.0,0.0,0.0,0.0,0.0,59,60,1.0,0.0010274297505273324,0.1694773366718598,0.006960489015402222,-0.0,0.16881257568718766,0.007743882100338762,0.0
465,2.3249999999999726,initializing,25.605599978007376,0.004398902251422608,0.0043989023191737045,0.0043989023191737045,2.2586795091199265e-06,501.0,0.0,0.0,0.0,0.0,59,60,1.0,0.0010274297505327558,0.1694773366718579,0.006960489015494257,-0.0,0.16881257568719266,0.007743882100443751,0.0
466,2.3299999999999725,initializing,25.023300084285438,0.004398902257766113,0.00439890231917401,0.00439890231917401,2.2586795109042806e-06,501.0,0.0,0.0,0.0,0.0,59,60,1.0,0.0010274297505300724,0.16947733667185588,0.006960489015585314,-0.0,0.16881257568719704,0.007743882100536729,0.0
467,2.3349999999999724,initializing,25.407499982975423,0.004398902263850084,0.004398902319174318,0.004398902319174318,2.258679510944698e-06,501.0,0.0,0.0,0.0,0.0,59,60,1.0,0.001027429750526375,0.1694773366718538,0.006960489015680028,-0.0,0.16881257568720137,0.0077438821006320345,0.0
468,2.3399999999999723,initializing,24.79749999474734,0.004398902269673458,0.004398902319174617,0.004398902319174617,2.25867951152905e-06,501.0,0.0,0.0,0.0,0.0,59,60,1.0,0.0010274297505201866,0.1694773366718517,0.006960489015778875,-0.0,0.16881257568720562,0.007743882100728159,0.0
469,2.344999999999972,initializing,24.006899911910295,0.004398902275176928,0.004398902319174894,0.004398902319174894,2.258679510686919e-06,501.0,0.0,0.0,0.0,0.0,59,60,1.0,0.0010274297505204913,0.16947733667184942,0.006960489015869582,-0.0,0.1688125756872092,0.007743882100824235,0.0
470,2.349999999999972,initializing,24.44780000951141,0.004398902280532082,0.004398902319175171,0.004398902319175171,2.258679510425937e-06,501.0,0.0,0.0,0.0,0.0,59,60,1.0,0.0010274297505188834,0.16947733667184708,0.00696048901595935,-0.0,0.16881257568721247,0.007743882100916652,0.0
471,2.354999999999972,initializing,24.631300009787083,0.0043989022856340786,0.004398902319175425,0.004398902319175425,2.2586795110763884e-06,501.0,0.0,0.0,0.0,0.0,59,60,1.0,0.001027429750516957,0.16947733667184492,0.006960489016049984,-0.0,0.1688125756872155,0.007743882101009163,0.0
472,2.359999999999972,initializing,23.83279998321086,0.004398902290505398,0.004398902319175674,0.004398902319175674,2.258679510456738e-06,501.0,0.0,0.0,0.0,0.0,59,60,1.0,0.0010274297505164468,0.16947733667184262,0.006960489016139158,-0.0,0.16881257568721836,0.007743882101102049,0.0
473,2.364999999999972,initializing,24.539200006984174,0.0043989022951504385,0.004398902319175907,0.004398902319175907,2.2586795105168905e-06,501.0,0.0,0.0,0.0,0.0,59,60,1.0,0.0010274297505117275,0.16947733667184023,0.006960489016229464,-0.0,0.16881257568722077,0.007743882101190241,0.0
474,2.3699999999999717,initializing,24.119999958202243,0.004398902299612064,0.0043989023191761305,0.0043989023191761305,2.2586795113993993e-06,501.0,0.0,0.0,0.0,0.0,59,60,1.0,0.0010274297505119506,0.1694773366718379,0.006960489016317683,-0.0,0.16881257568722324,0.007743882101282826,0.0
475,2.3749999999999716,initializing,24.15740001015365,0.004398902303863864,0.004398902319176349,0.004398902319176349,2.2586795107210093e-06,501.0,0.0,0.0,0.0,0.0,59,60,1.0,0.001027429750504797,0.16947733667183543,0.0069604890164065136,-0.0,0.16881257568722544,0.007743882101366232,0.0
476,2.3799999999999715,initializing,24.531299946829677,0.004398902307943608,0.004398902319176554,0.004398902319176554,2.2586795112100184e-06,501.0,0.0,0.0,0.0,0.0,59,60,1.0,0.001027429750505936,0.1694773366718329,0.006960489016494797,-0.0,0.16881257568722718,0.007743882101459636,0.0
477,2.3849999999999714,initializing,24.10580008290708,0.004398902311878632,0.004398902319176757,0.004398902319176757,2.2586795111082025e-06,501.0,0.0,0.0,0.0,0.0,59,60,1.0,0.0010274297505041285,0.16947733667183043,0.006960489016581979,-0.0,0.16881257568722868,0.007743882101547816,0.0
478,2.3899999999999713,initializing,24.872499983757734,0.0043989023156123285,0.004398902319176942,0.004398902319176942,2.2586795111113048e-06,501.0,0.0,0.0,0.0,0.0,59,60,1.0,0.00102742975050666,0.16947733667182785,0.0069604890166689954,-0.0,0.16881257568722993,0.0077438821016414024,0.0
479,2.394999999999971,initializing,25.296199950389564,0.0043989023192021305,0.004398902319177123,0.0043989023192021305,2.258679511052673e-06,501.0,0.0,0.0,0.0,0.0,59,60,1.0,0.001027429750501247,0.1694773366718253,0.006960489016754853,-0.0,0.16881257568723113,0.00774388210172334,0.0
480,2.399999999999971,initializing,24.59159994032234,0.00439890232262904,0.004398902319177292,0.00439890232262904,2.2586795111601057e-06,501.0,0.0,0.0,0.0,0.0,59,60,1.0,0.0010274297505000803,0.16947733667182274,0.006960489016843619,-0.0,0.16881257568723218,0.007743882101813638,0.0
481,2.404999999999971,initializing,28.20689999498427,0.004398902325935417,0.004398902319177464,0.004398902325935417,2.258679510583553e-06,501.0,0.0,0.0,0.0,0.0,59,60,1.0,0.0010274297504967993,0.16947733667181997,0.006960489016931303,-0.0,0.168812575687233,0.007743882101900081,0.0
482,2.409999999999971,initializing,31.263899989426136,0.004398902329052,0.004398902319177614,0.004398902329052,2.25867951086406e-06,501.0,0.0,0.0,0.0,0.0,59,60,1.0,0.001027429750499615,0.16947733667181739,0.006960489017016017,-0.0,0.1688125756872336,0.007743882101991173,0.0
483,2.4149999999999707,initializing,27.96779992058873,0.004398902332061233,0.004398902319177767,0.004398902332061233,2.258679511445545e-06,501.0,0.0,0.0,0.0,0.0,59,60,1.0,0.0010274297504971664,0.16947733667181472,0.0069604890171015696,-0.0,0.1688125756872339,0.007743882102076034,0.0
484,2.4199999999999706,initializing,26.271600043401122,0.004398902334940961,0.004398902319177912,0.004398902334940961,2.2586795111211723e-06,501.0,0.0,0.0,0.0,0.0,59,60,1.0,0.001027429750493095,0.16947733667181192,0.006960489017187637,-0.0,0.1688125756872344,0.007743882102159564,0.0
485,2.4249999999999705,initializing,24.804300046525896,0.004398902337699357,0.004398902319178049,0.004398902337699357,2.2586795112437117e-06,501.0,0.0,0.0,0.0,0.0,59,60,1.0,0.0010274297504948965,0.16947733667180925,0.006960489017272987,-0.0,0.16881257568723437,0.007743882102249515,0.0
486,2.4299999999999704,initializing,24.276999989524484,0.004398902340365072,0.004398902319178185,0.004398902340365072,2.258679510990192e-06,501.0,0.0,0.0,0.0,0.0,59,60,1.0,0.0010274297504840268,0.16947733667180645,0.006960489017366553,-0.0,0.16881257568723426,0.007743882102331109,0.0
487,2.4349999999999703,initializing,24.313700036145747,0.004398902342871313,0.004398902319178306,0.004398902342871313,2.258679511862245e-06,501.0,0.0,0.0,0.0,0.0,59,60,1.0,0.001027429750487798,0.1694773366718036,0.006960489017452638,-0.0,0.1688125756872342,0.007743882102424519,0.0
488,2.43999999999997,initializing,24.410499958321452,0.0043989023453491405,0.004398902319178444,0.0043989023453491405,2.2586795108494937e-06,501.0,0.0,0.0,0.0,0.0,59,60,1.0,0.0010274297504912673,0.16947733667180082,0.006960489017537629,-0.0,0.16881257568723365,0.007743882102515944,0.0
489,2.44499999999997,initializing,24.879800039343536,0.004398902347671847,0.00439890231917855,0.004398902347671847,2.2586795112191113e-06,501.0,0.0,0.0,0.0,0.0,59,60,1.0,0.0010274297504854972,0.16947733667179798,0.006960489017627148,-0.0,0.16881257568723312,0.007743882102599851,0.0
490,2.44999999999997,initializing,24.63180001359433,0.004398902349859188,0.004398902319178653,0.004398902349859188,2.2586795100640912e-06,501.0,0.0,0.0,0.0,0.0,59,60,1.0,0.0010274297504879856,0.1694773366717952,0.006960489017713801,-0.0,0.1688125756872328,0.00774388210269184,0.0
491,2.45499999999997,initializing,26.11039998009801,0.004398902351998135,0.004398902319178753,0.004398902351998135,2.2586795113694554e-06,501.0,0.0,0.0,0.0,0.0,59,60,1.0,0.0010274297504905246,0.16947733667179227,0.006960489017798671,-0.0,0.16881257568723199,0.007743882102781853,0.0
492,2.4599999999999698,initializing,26.630999986082315,0.00439890235403362,0.0043989023191788506,0.00439890235403362,2.258679511902649e-06,501.0,0.0,0.0,0.0,0.0,59,60,1.0,0.0010274297504979204,0.16947733667178944,0.006960489017882609,-0.0,0.16881257568723096,0.007743882102877022,0.0
493,2.4649999999999697,initializing,25.789699982851744,0.004398902355970496,0.004398902319178946,0.004398902355970496,2.2586795114546805e-06,501.0,0.0,0.0,0.0,0.0,59,60,1.0,0.00102742975048955,0.16947733667178652,0.006960489017965704,-0.0,0.16881257568723013,0.007743882102950905,0.0
494,2.4699999999999696,initializing,25.30730003491044,0.0043989023577648756,0.0043989023191790275,0.0043989023577648756,2.2586795116988555e-06,501.0,0.0,0.0,0.0,0.0,59,60,1.0,0.0010274297504858025,0.16947733667178352,0.006960489018048847,-0.0,0.16881257568722935,0.007743882103031018,0.0
495,2.4749999999999694,initializing,24.963899981230497,0.004398902359546906,0.0043989023191791255,0.004398902359546906,2.2586795122101733e-06,501.0,0.0,0.0,0.0,0.0,59,60,1.0,0.0010274297504825672,0.16947733667178064,0.006960489018132931,-0.0,0.1688125756872283,0.007743882103112413,0.0
496,2.4799999999999693,initializing,24.909800034947693,0.0043989023612595836,0.004398902319179211,0.0043989023612595836,2.2586795115773944e-06,501.0,0.0,0.0,0.0,0.0,59,60,1.0,0.0010274297504818456,0.16947733667177767,0.006960489018216986,-0.0,0.16881257568722696,0.007743882103196912,0.0
497,2.4849999999999692,initializing,24.84379999805242,0.004398902362905442,0.004398902319179295,0.004398902362905442,2.2586795114050723e-06,501.0,0.0,0.0,0.0,0.0,59,60,1.0,0.0010274297504797995,0.16947733667177464,0.006960489018299376,-0.0,0.16881257568722569,0.007743882103278102,0.0
498,2.489999999999969,initializing,24.58869991824031,0.004398902364469884,0.0043989023191793675,0.004398902364469884,2.2586795117599833e-06,501.0,0.0,0.0,0.0,0.0,59,60,1.0,0.0010274297504797858,0.16947733667177173,0.006960489018382908,-0.0,0.1688125756872242,0.007743882103362817,0.0
499,2.494999999999969,initializing,24.06429999973625,0.004398902365986692,0.0043989023191794464,0.004398902365986692,2.2586795112826015e-06,501.0,0.0,0.0,0.0,0.0,59,60,1.0,0.0010274297504787836,0.16947733667176873,0.006960489018466901,-0.0,0.1688125756872227,0.007743882103446767,0.0
500,2.499999999999969,initializing,24.27020005416125,0.004398902367431145,0.0043989023191795176,0.004398902367431145,2.2586795113864266e-06,501.0,0.0,0.0,0.0,0.0,59,60,1.0,0.001027429750478654,0.16947733667176565,0.006960489018550006,-0.0,0.1688125756872212,0.007743882103531045,0.0
501,2.504999999999969,initializing,30.00359993893653,0.004398902368781452,0.004398902319179578,0.004398902368781452,2.2586795118002327e-06,501.0,0.0,0.0,0.0,0.0,59,60,1.0,0.0010274297504778548,0.16947733667176268,0.006960489018633169,-0.0,0.16881257568721958,0.007743882103614314,0.0
502,2.5099999999999687,initializing,28.916799928992987,0.004398902370082625,0.004398902319179643,0.004398902370082625,2.2586795117630907e-06,501.0,0.0,0.0,0.0,0.0,59,60,1.0,0.0010274297504784273,0.1694773366717596,0.00696048901871564,-0.0,0.16881257568721783,0.0077438821036986665,0.0
503,2.5149999999999686,initializing,29.278600006364286,0.004398902371345384,0.004398902319179707,0.004398902371345384,2.2586795110898223e-06,501.0,0.0,0.0,0.0,0.0,59,60,1.0,0.0010274297504777937,0.16947733667175663,0.006960489018797599,-0.0,0.1688125756872161,0.007743882103780854,0.0
504,2.5199999999999685,initializing,26.406400022096932,0.004398902372546307,0.00439890231917976,0.004398902372546307,2.258679511649908e-06,501.0,0.0,0.0,0.0,0.0,59,60,1.0,0.0010274297504761585,0.16947733667175352,0.00696048901888004,-0.0,0.16881257568721422,0.007743882103862187,0.0
505,2.5249999999999684,initializing,26.23630000744015,0.0043989023737102785,0.004398902319179818,0.0043989023737102785,2.258679511256673e-06,501.0,0.0,0.0,0.0,0.0,59,60,1.0,0.00102742975047566,0.16947733667175047,0.0069604890189631455,-0.0,0.16881257568721236,0.007743882103945651,0.0
506,2.5299999999999683,initializing,25.66289994865656,0.004398902374824137,0.004398902319179874,0.004398902374824137,2.258679511854176e-06,501.0,0.0,0.0,0.0,0.0,59,60,1.0,0.001027429750476291,0.16947733667174741,0.006960489019044905,-0.0,0.16881257568721036,0.007743882104029133,0.0
507,2.534999999999968,initializing,27.03029999975115,0.004398902375876347,0.00439890231917992,0.004398902375876347,2.2586795114522114e-06,501.0,0.0,0.0,0.0,0.0,59,60,1.0,0.001027429750473384,0.16947733667174436,0.006960489019128612,-0.0,0.1688125756872083,0.007743882104109876,0.0
508,2.539999999999968,initializing,26.79449995048344,0.00439890237689779,0.00439890231917997,0.00439890237689779,2.2586795112824304e-06,501.0,0.0,0.0,0.0,0.0,59,60,1.0,0.001027429750472926,0.16947733667174128,0.006960489019210515,-0.0,0.1688125756872064,0.007743882104192168,0.0
509,2.544999999999968,initializing,25.697699980810285,0.004398902377838231,0.004398902319180015,0.004398902377838231,2.2586795114436843e-06,501.0,0.0,0.0,0.0,0.0,59,60,1.0,0.0010274297504722324,0.16947733667173806,0.00696048901929267,-0.0,0.16881257568720426,0.007743882104274331,0.0
510,2.549999999999968,initializing,26.079599978402257,0.004398902378764546,0.004398902319180059,0.004398902378764546,2.2586795114218097e-06,501.0,0.0,0.0,0.0,0.0,59,60,1.0,0.0010274297504732262,0.169477336671735,0.006960489019375322,-0.0,0.16881257568720218,0.0077438821043591104,0.0
511,2.5549999999999677,initializing,25.322900037281215,0.004398902379663214,0.004398902319180102,0.004398902379663214,2.2586795115885053e-06,501.0,0.0,0.0,0.0,0.0,59,60,1.0,0.0010274297504687642,0.16947733667173182,0.006960489019456698,-0.0,0.16881257568719982,0.007743882104435341,0.0
512,2.5599999999999676,initializing,25.53119999356568,0.004398902380507721,0.004398902319180142,0.004398902380507721,2.258679510898896e-06,501.0,0.0,0.0,0.0,0.0,59,60,1.0,0.0010274297504730221,0.1694773366717287,0.006960489019539065,-0.0,0.16881257568719754,0.007743882104523999,0.0
513,2.5649999999999675,initializing,25.690200040116906,0.004398902381340496,0.004398902319180184,0.004398902381340496,2.2586795111274335e-06,501.0,0.0,0.0,0.0,0.0,59,60,1.0,0.0010274297504719806,0.16947733667172565,0.0069604890196205025,-0.0,0.1688125756871952,0.007743882104604683,0.0
514,2.5699999999999674,initializing,25.171800050884485,0.004398902382110259,0.004398902319180215,0.004398902382110259,2.258679510686414e-06,501.0,0.0,0.0,0.0,0.0,59,60,1.0,0.0010274297504686387,0.16947733667172243,0.006960489019702054,-0.0,0.16881257568719293,0.007743882104682652,0.0
515,2.5749999999999673,initializing,25.762800010852516,0.004398902382859452,0.0043989023191802505,0.004398902382859452,2.2586795111921926e-06,501.0,0.0,0.0,0.0,0.0,59,60,1.0,0.0010274297504701691,0.16947733667171921,0.006960489019784255,-0.0,0.16881257568719057,0.007743882104767591,0.0
516,2.579999999999967,initializing,25.251799961552024,0.0043989023835943955,0.004398902319180288,0.0043989023835943955,2.2586795113204347e-06,501.0,0.0,0.0,0.0,0.0,59,60,1.0,0.0010274297504732786,0.16947733667171616,0.00696048901986545,-0.0,0.16881257568718788,0.00774388210485317,0.0
517,2.584999999999967,initializing,25.046100025065243,0.004398902384274817,0.0043989023191803155,0.004398902384274817,2.258679510857608e-06,501.0,0.0,0.0,0.0,0.0,59,60,1.0,0.0010274297504698853,0.16947733667171297,0.006960489019947032,-0.0,0.1688125756871855,0.007743882104930985,0.0
518,2.589999999999967,initializing,25.497399969026446,0.004398902384906976,0.004398902319180342,0.004398902384906976,2.2586795111850568e-06,501.0,0.0,0.0,0.0,0.0,59,60,1.0,0.0010274297504685717,0.1694773366717098,0.006960489020028521,-0.0,0.16881257568718305,0.007743882105011363,0.0
519,2.594999999999967,initializing,25.170300039462745,0.004398902385541276,0.004398902319180373,0.004398902385541276,2.2586795114628645e-06,501.0,0.0,0.0,0.0,0.0,59,60,1.0,0.0010274297504699495,0.1694773366717066,0.006960489020109482,-0.0,0.16881257568718036,0.007743882105094555,0.0
520,2.599999999999967,initializing,25.61390004120767,0.004398902386145957,0.004398902319180402,0.004398902386145957,2.258679510567872e-06,501.0,0.0,0.0,0.0,0.0,59,60,1.0,0.001027429750467891,0.16947733667170353,0.006960489020190446,-0.0,0.1688125756871779,0.007743882105173338,0.0
521,2.6049999999999667,initializing,27.689000009559095,0.004398902386707685,0.004398902319180426,0.004398902386707685,2.2586795113979322e-06,501.0,0.0,0.0,0.0,0.0,59,60,1.0,0.0010274297504672633,0.1694773366717003,0.006960489020272282,-0.0,0.16881257568717525,0.007743882105254845,0.0
522,2.6099999999999666,initializing,27.84840005915612,0.004398902387275422,0.004398902319180455,0.004398902387275422,2.2586795108557943e-06,501.0,0.0,0.0,0.0,0.0,59,60,1.0,0.0010274297504683338,0.16947733667169707,0.006960489020354435,-0.0,0.16881257568717262,0.00774388210533892,0.0
523,2.6149999999999665,initializing,26.77570004016161,0.004398902387802029,0.004398902319180474,0.004398902387802029,2.2586795107511773e-06,501.0,0.0,0.0,0.0,0.0,59,60,1.0,0.0010274297504670087,0.16947733667169398,0.006960489020434538,-0.0,0.16881257568717,0.0077438821054176855,0.0
524,2.6199999999999664,initializing,24.979399982839823,0.004398902388286764,0.004398902319180494,0.004398902388286764,2.2586795102271434e-06,501.0,0.0,0.0,0.0,0.0,59,60,1.0,0.0010274297504651016,0.16947733667169074,0.006960489020515817,-0.0,0.16881257568716743,0.007743882105497028,0.0
525,2.6249999999999662,initializing,24.593800073489547,0.004398902388775286,0.0043989023191805185,0.004398902388775286,2.2586795104630514e-06,501.0,0.0,0.0,0.0,0.0,59,60,1.0,0.001027429750464663,0.16947733667168752,0.006960489020597319,-0.0,0.16881257568716476,0.007743882105578427,0.0
526,2.629999999999966,initializing,24.320100084878504,0.004398902389252462,0.00439890231918054,0.004398902389252462,2.2586795104611163e-06,501.0,0.0,0.0,0.0,0.0,59,60,1.0,0.0010274297504658547,0.16947733667168435,0.0069604890206786995,-0.0,0.16881257568716196,0.007743882105661676,0.0
527,2.634999999999966,initializing,25.861100060865283,0.004398902389705821,0.004398902319180559,0.004398902389705821,2.2586795110709263e-06,501.0,0.0,0.0,0.0,0.0,59,60,1.0,0.0010274297504652727,0.16947733667168113,0.006960489020760042,-0.0,0.168812575687159,0.007743882105742467,0.0
528,2.639999999999966,initializing,25.468099978752434,0.004398902390128181,0.0043989023191805775,0.004398902390128181,2.2586795104655417e-06,501.0,0.0,0.0,0.0,0.0,59,60,1.0,0.001027429750466572,0.16947733667167791,0.006960489020841246,-0.0,0.1688125756871563,0.007743882105825823,0.0
529,2.644999999999966,initializing,25.25549998972565,0.0043989023905326875,0.004398902319180594,0.0043989023905326875,2.258679510449756e-06,501.0,0.0,0.0,0.0,0.0,59,60,1.0,0.001027429750456936,0.16947733667167472,0.006960489020931521,-0.0,0.16881257568715355,0.007743882105903837,0.0
530,2.6499999999999657,initializing,26.54300001449883,0.004398902390909842,0.004398902319180609,0.004398902390909842,2.2586795107836347e-06,501.0,0.0,0.0,0.0,0.0,59,60,1.0,0.0010274297504626175,0.16947733667167136,0.006960489021013127,-0.0,0.16881257568715075,0.007743882105993366,0.0
531,2.6549999999999656,initializing,26.447499985806644,0.004398902391335736,0.004398902319180638,0.004398902391335736,2.2586795101321825e-06,501.0,0.0,0.0,0.0,0.0,59,60,1.0,0.0010274297504649403,0.16947733667166828,0.006960489021093794,-0.0,0.16881257568714766,0.007743882106077078,0.0
532,2.6599999999999655,initializing,25.88079997804016,0.004398902391683637,0.0043989023191806425,0.004398902391683637,2.2586795105078704e-06,501.0,0.0,0.0,0.0,0.0,59,60,1.0,0.00102742975046425,0.16947733667166495,0.006960489021174869,-0.0,0.1688125756871448,0.007743882106157649,0.0
533,2.6649999999999654,initializing,24.63269990403205,0.004398902392022975,0.004398902319180655,0.004398902392022975,2.2586795104095308e-06,501.0,0.0,0.0,0.0,0.0,59,60,1.0,0.001027429750463224,0.1694773366716617,0.006960489021256086,-0.0,0.16881257568714203,0.00774388210623792,0.0
534,2.6699999999999653,initializing,23.66160007659346,0.004398902392354815,0.0043989023191806685,0.004398902392354815,2.258679510618427e-06,501.0,0.0,0.0,0.0,0.0,59,60,1.0,0.001027429750463857,0.16947733667165854,0.0069604890213367035,-0.0,0.16881257568713903,0.007743882106319509,0.0
535,2.674999999999965,initializing,25.30900004785508,0.004398902392673195,0.004398902319180682,0.004398902392673195,2.2586795104925277e-06,501.0,0.0,0.0,0.0,0.0,59,60,1.0,0.001027429750463276,0.1694773366716553,0.0069604890214174575,-0.0,0.1688125756871362,0.007743882106399855,0.0
536,2.679999999999965,initializing,24.569100001826882,0.004398902392966841,0.004398902319180694,0.004398902392966841,2.2586795105452153e-06,501.0,0.0,0.0,0.0,0.0,59,60,1.0,0.0010274297504633179,0.16947733667165202,0.006960489021498173,-0.0,0.1688125756871332,0.007743882106480861,0.0
537,2.684999999999965,initializing,23.559399996884167,0.004398902393248083,0.004398902319180705,0.004398902393248083,2.2586795102824284e-06,501.0,0.0,0.0,0.0,0.0,59,60,1.0,0.001027429750462432,0.16947733667164877,0.006960489021579143,-0.0,0.16881257568713023,0.007743882106560905,0.0
538,2.689999999999965,initializing,23.86570000089705,0.004398902393524734,0.004398902319180715,0.004398902393524734,2.258679510155781e-06,501.0,0.0,0.0,0.0,0.0,59,60,1.0,0.0010274297504617967,0.16947733667164555,0.006960489021659723,-0.0,0.16881257568712732,0.00774388210664091,0.0
539,2.6949999999999648,initializing,23.41539994813502,0.004398902393782645,0.004398902319180725,0.004398902393782645,2.2586795102403812e-06,501.0,0.0,0.0,0.0,0.0,59,60,1.0,0.0010274297504653562,0.16947733667164225,0.006960489021740769,-0.0,0.16881257568712435,0.007743882106726907,0.0
540,2.6999999999999647,initializing,23.13089999370277,0.00439890239404059,0.004398902319180737,0.00439890239404059,2.25867950953176e-06,501.0,0.0,0.0,0.0,0.0,59,60,1.0,0.0010274297504639445,0.1694773366716391,0.0069604890218213315,-0.0,0.16881257568712132,0.007743882106805712,0.0
541,2.7049999999999645,initializing,26.26890002284199,0.0043989023942551655,0.004398902319180737,0.0043989023942551655,2.2586795100128695e-06,501.0,0.0,0.0,0.0,0.0,59,60,1.0,0.0010274297504621933,0.1694773366716358,0.006960489021901893,-0.0,0.16881257568711852,0.007743882106884401,0.0
542,2.7099999999999644,initializing,28.408600017428398,0.004398902394484888,0.004398902319180749,0.004398902394484888,2.258679510099017e-06,501.0,0.0,0.0,0.0,0.0,59,60,1.0,0.0010274297504606574,0.16947733667163253,0.0069604890219827735,-0.0,0.16881257568711547,0.007743882106963456,0.0
543,2.7149999999999643,initializing,27.0377000560984,0.004398902394710716,0.004398902319180758,0.004398902394710716,2.258679510097731e-06,501.0,0.0,0.0,0.0,0.0,59,60,1.0,0.0010274297504600596,0.1694773366716293,0.0069604890220636845,-0.0,0.16881257568711242,0.007743882107043748,0.0
544,2.7199999999999642,initializing,24.590599932707846,0.004398902394932108,0.0043989023191807666,0.004398902394932108,2.2586795102000574e-06,501.0,0.0,0.0,0.0,0.0,59,60,1.0,0.0010274297504607704,0.16947733667162612,0.006960489022144528,-0.0,0.16881257568710947,0.007743882107125712,0.0
545,2.724999999999964,initializing,23.391200113110244,0.00439890239514126,0.004398902319180775,0.00439890239514126,2.2586795100350626e-06,501.0,0.0,0.0,0.0,0.0,59,60,1.0,0.0010274297504606843,0.16947733667162287,0.00696048902222487,-0.0,0.16881257568710642,0.007743882107206106,0.0
546,2.729999999999964,initializing,22.76660001371056,0.0043989023953282125,0.00439890231918078,0.0043989023953282125,2.2586795098924637e-06,501.0,0.0,0.0,0.0,0.0,59,60,1.0,0.0010274297504597528,0.16947733667161963,0.006960489022305577,-0.0,0.16881257568710345,0.007743882107285827,0.0
547,2.734999999999964,initializing,23.482699994929135,0.004398902395513143,0.0043989023191807865,0.004398902395513143,2.258679509551468e-06,501.0,0.0,0.0,0.0,0.0,59,60,1.0,0.0010274297504602817,0.1694773366716163,0.006960489022385634,-0.0,0.16881257568710037,0.00774388210736679,0.0
548,2.739999999999964,initializing,22.455599973909557,0.004398902395691843,0.00439890231918079,0.004398902395691843,2.258679509715789e-06,501.0,0.0,0.0,0.0,0.0,59,60,1.0,0.0010274297504590162,0.16947733667161302,0.006960489022466133,-0.0,0.16881257568709734,0.007743882107445841,0.0
549,2.7449999999999637,initializing,22.253999952226877,0.004398902395864226,0.004398902319180796,0.004398902395864226,2.258679509577059e-06,501.0,0.0,0.0,0.0,0.0,59,60,1.0,0.0010274297504585424,0.16947733667160983,0.006960489022546798,-0.0,0.1688125756870944,0.007743882107526096,0.0
550,2.7499999999999636,initializing,22.3515999969095,0.004398902396031671,0.004398902319180801,0.004398902396031671,2.258679509668698e-06,501.0,0.0,0.0,0.0,0.0,59,60,1.0,0.0010274297504591634,0.16947733667160658,0.006960489022627363,-0.0,0.16881257568709135,0.00774388210760764,0.0
551,2.7549999999999635,initializing,22.146700066514313,0.004398902396192591,0.004398902319180806,0.004398902396192591,2.258679509631672e-06,501.0,0.0,0.0,0.0,0.0,59,60,1.0,0.0010274297504577225,0.16947733667160328,0.0069604890227083814,-0.0,0.16881257568708802,0.0077438821076867455,0.0
552,2.7599999999999634,initializing,22.261700010858476,0.004398902396343376,0.004398902319180809,0.004398902396343376,2.258679509241628e-06,501.0,0.0,0.0,0.0,0.0,59,60,1.0,0.0010274297504589388,0.1694773366716,0.006960489022788584,-0.0,0.16881257568708508,0.007743882107768826,0.0
553,2.7649999999999633,initializing,21.261399961076677,0.004398902396486529,0.004398902319180815,0.004398902396486529,2.2586795094218205e-06,501.0,0.0,0.0,0.0,0.0,59,60,1.0,0.001027429750461515,0.16947733667159678,0.006960489022869246,-0.0,0.16881257568708175,0.007743882107852772,0.0
554,2.769999999999963,initializing,21.37500001117587,0.00439890239661506,0.004398902319180817,0.00439890239661506,2.2586795093272446e-06,501.0,0.0,0.0,0.0,0.0,59,60,1.0,0.0010274297504586527,0.16947733667159345,0.006960489022949738,-0.0,0.16881257568707878,0.007743882107929817,0.0
555,2.774999999999963,initializing,21.218899986706674,0.004398902396725899,0.004398902319180817,0.004398902396725899,2.2586795089420483e-06,501.0,0.0,0.0,0.0,0.0,59,60,1.0,0.0010274297504593516,0.1694773366715902,0.006960489023030385,-0.0,0.16881257568707575,0.007743882108011569,0.0
556,2.779999999999963,initializing,21.51709992904216,0.004398902396854303,0.004398902319180821,0.004398902396854303,2.2586795091602067e-06,501.0,0.0,0.0,0.0,0.0,59,60,1.0,0.0010274297504574376,0.16947733667158696,0.006960489023110641,-0.0,0.16881257568707272,0.007743882108089503,0.0
557,2.784999999999963,initializing,21.691499976441264,0.004398902396977689,0.004398902319180824,0.004398902396977689,2.258679509466478e-06,501.0,0.0,0.0,0.0,0.0,59,60,1.0,0.0010274297504577132,0.16947733667158368,0.006960489023191296,-0.0,0.16881257568706964,0.007743882108170685,0.0
558,2.7899999999999627,initializing,21.5693999780342,0.004398902397100419,0.004398902319180827,0.004398902397100419,2.2586795093508137e-06,501.0,0.0,0.0,0.0,0.0,59,60,1.0,0.001027429750456589,0.1694773366715804,0.006960489023271795,-0.0,0.16881257568706634,0.007743882108249686,0.0
559,2.7949999999999626,initializing,21.510399994440377,0.004398902397209935,0.004398902319180828,0.004398902397209935,2.2586795094969442e-06,501.0,0.0,0.0,0.0,0.0,59,60,1.0,0.0010274297504580265,0.1694773366715771,0.006960489023352393,-0.0,0.16881257568706332,0.007743882108332404,0.0
560,2.7999999999999625,initializing,21.91899996250868,0.004398902397321666,0.004398902319180833,0.004398902397321666,2.2586795091812254e-06,501.0,0.0,0.0,0.0,0.0,59,60,1.0,0.0010274297504585714,0.16947733667157383,0.006960489023432798,-0.0,0.16881257568706004,0.0077438821084135235,0.0
561,2.8049999999999624,initializing,22.081600036472082,0.004398902397415475,0.004398902319180832,0.004398902397415475,2.258679509023353e-06,501.0,0.0,0.0,0.0,0.0,59,60,1.0,0.0010274297504538593,0.16947733667157053,0.006960489023513067,-0.0,0.16881257568705696,0.007743882108487801,0.0
562,2.8099999999999623,initializing,28.441900038160384,0.004398902397507026,0.004398902319180833,0.004398902397507026,2.2586795092605234e-06,501.0,0.0,0.0,0.0,0.0,59,60,1.0,0.0010274297504547071,0.16947733667156722,0.0069604890235938025,-0.0,0.16881257568705405,0.007743882108569978,0.0
563,2.814999999999962,initializing,25.25250008329749,0.004398902397621225,0.004398902319180841,0.004398902397621225,2.2586795090016883e-06,501.0,0.0,0.0,0.0,0.0,59,60,1.0,0.0010274297504551735,0.16947733667156398,0.006960489023674227,-0.0,0.1688125756870507,0.00774388210865092,0.0
564,2.819999999999962,initializing,27.070899959653616,0.004398902397714227,0.0043989023191808386,0.004398902397714227,2.2586795086546636e-06,501.0,0.0,0.0,0.0,0.0,59,60,1.0,0.0010274297504578591,0.16947733667156079,0.006960489023754652,-0.0,0.16881257568704738,0.0077438821087347735,0.0
565,2.824999999999962,initializing,24.799900013022125,0.004398902397807597,0.0043989023191808386,0.004398902397807597,2.2586795088615865e-06,501.0,0.0,0.0,0.0,0.0,59,60,1.0,0.001027429750455682,0.16947733667155754,0.006960489023835001,-0.0,0.16881257568704428,0.007743882108812385,0.0
566,2.829999999999962,initializing,24.326100014150143,0.004398902397881633,0.004398902319180835,0.004398902397881633,2.2586795090621694e-06,501.0,0.0,0.0,0.0,0.0,59,60,1.0,0.001027429750453717,0.1694773366715542,0.006960489023915565,-0.0,0.16881257568704117,0.00774388210889056,0.0
567,2.8349999999999618,initializing,22.959999972954392,0.004398902397967657,0.00439890231918084,0.004398902397967657,2.2586795088376028e-06,501.0,0.0,0.0,0.0,0.0,59,60,1.0,0.0010274297504560181,0.169477336671551,0.00696048902399615,-0.0,0.1688125756870381,0.007743882108974304,0.0
568,2.8399999999999617,initializing,22.37830008380115,0.004398902398048513,0.004398902319180843,0.004398902398048513,2.2586795085394527e-06,501.0,0.0,0.0,0.0,0.0,59,60,1.0,0.0010274297504542938,0.16947733667154766,0.00696048902407644,-0.0,0.1688125756870348,0.007743882109052356,0.0
569,2.8449999999999616,initializing,22.235299926251173,0.004398902398118267,0.004398902319180839,0.004398902398118267,2.2586795087265424e-06,501.0,0.0,0.0,0.0,0.0,59,60,1.0,0.0010274297504547004,0.1694773366715444,0.006960489024156897,-0.0,0.16881257568703162,0.007743882109133394,0.0
570,2.8499999999999615,initializing,22.01929991133511,0.004398902398193966,0.004398902319180841,0.004398902398193966,2.2586795085549166e-06,501.0,0.0,0.0,0.0,0.0,59,60,1.0,0.0010274297504553238,0.16947733667154108,0.006960489024237329,-0.0,0.1688125756870285,0.007743882109214832,0.0
571,2.8549999999999613,initializing,21.816099993884563,0.004398902398257441,0.00439890231918084,0.004398902398257441,2.258679508656807e-06,501.0,0.0,0.0,0.0,0.0,59,60,1.0,0.0010274297504557662,0.16947733667153778,0.006960489024317788,-0.0,0.16881257568702523,0.007743882109295894,0.0
572,2.8599999999999612,initializing,21.924000000581145,0.004398902398320995,0.00439890231918084,0.004398902398320995,2.2586795083393894e-06,501.0,0.0,0.0,0.0,0.0,59,60,1.0,0.0010274297504527107,0.16947733667153445,0.006960489024397805,-0.0,0.1688125756870221,0.007743882109372069,0.0
573,2.864999999999961,initializing,22.335000103339553,0.0043989023983752725,0.004398902319180836,0.0043989023983752725,2.2586795085507716e-06,501.0,0.0,0.0,0.0,0.0,59,60,1.0,0.0010274297504548396,0.1694773366715312,0.006960489024478423,-0.0,0.16881257568701902,0.0077438821094556205,0.0
574,2.869999999999961,initializing,22.011200082488358,0.004398902398453655,0.00439890231918084,0.004398902398453655,2.258679508454937e-06,501.0,0.0,0.0,0.0,0.0,59,60,1.0,0.001027429750460464,0.16947733667152795,0.006960489024558799,-0.0,0.1688125756870157,0.007743882109543302,0.0
575,2.874999999999961,initializing,23.40489998459816,0.0043989023985033975,0.004398902319180838,0.0043989023985033975,2.258679507533094e-06,501.0,0.0,0.0,0.0,0.0,59,60,1.0,0.0010274297504551547,0.1694773366715247,0.006960489024638951,-0.0,0.1688125756870124,0.0077438821096164675,0.0
576,2.879999999999961,initializing,24.554000003263354,0.004398902398515916,0.004398902319180827,0.004398902398515916,2.2586795088121914e-06,501.0,0.0,0.0,0.0,0.0,59,60,1.0,0.001027429750453367,0.16947733667152137,0.006960489024719601,-0.0,0.16881257568700947,0.0077438821096951025,0.0
577,2.8849999999999607,initializing,25.87190002668649,0.004398902398574443,0.004398902319180836,0.004398902398574443,2.2586795081743756e-06,501.0,0.0,0.0,0.0,0.0,59,60,1.0,0.0010274297504533061,0.16947733667151813,0.006960489024799975,-0.0,0.16881257568700625,0.00774388210977542,0.0
578,2.8899999999999606,initializing,24.827599991112947,0.004398902398626937,0.004398902319180834,0.004398902398626937,2.258679508191238e-06,501.0,0.0,0.0,0.0,0.0,59,60,1.0,0.0010274297504529381,0.16947733667151482,0.006960489024880384,-0.0,0.16881257568700303,0.007743882109855417,0.0
579,2.8949999999999605,initializing,24.45540006738156,0.004398902398678655,0.004398902319180834,0.004398902398678655,2.2586795079591885e-06,501.0,0.0,0.0,0.0,0.0,59,60,1.0,0.001027429750452701,0.16947733667151152,0.006960489024960697,-0.0,0.1688125756869998,0.00774388210993549,0.0
580,2.8999999999999604,initializing,24.83030001167208,0.004398902398723373,0.004398902319180831,0.004398902398723373,2.258679508212959e-06,501.0,0.0,0.0,0.0,0.0,59,60,1.0,0.001027429750453666,0.16947733667150824,0.006960489025041078,-0.0,0.16881257568699654,0.007743882110017137,0.0
581,2.9049999999999603,initializing,24.199999985285103,0.004398902398777012,0.00439890231918083,0.004398902398777012,2.258679508132381e-06,501.0,0.0,0.0,0.0,0.0,59,60,1.0,0.0010274297504539141,0.16947733667150494,0.00696048902512147,-0.0,0.1688125756869934,0.0077438821100979955,0.0
582,2.90999999999996,initializing,33.585599972866476,0.004398902398816852,0.004398902319180828,0.004398902398816852,2.258679508202569e-06,501.0,0.0,0.0,0.0,0.0,59,60,1.0,0.001027429750450596,0.16947733667150167,0.006960489025201824,-0.0,0.16881257568699015,0.0077438821101740215,0.0
583,2.91499999999996,initializing,27.815899928100407,0.004398902398847614,0.0043989023191808255,0.004398902398847614,2.2586795083058546e-06,501.0,0.0,0.0,0.0,0.0,59,60,1.0,0.001027429750452207,0.16947733667149834,0.006960489025282414,-0.0,0.168812575686987,0.007743882110256865,0.0
584,2.91999999999996,initializing,27.28959999512881,0.0043989023988987375,0.004398902319180831,0.0043989023988987375,2.258679507346114e-06,501.0,0.0,0.0,0.0,0.0,59,60,1.0,0.001027429750453035,0.16947733667149506,0.0069604890253627105,-0.0,0.1688125756869837,0.007743882110338248,0.0
585,2.92499999999996,initializing,24.89659993443638,0.004398902398930586,0.004398902319180825,0.004398902398930586,2.2586795076009148e-06,501.0,0.0,0.0,0.0,0.0,59,60,1.0,0.001027429750454321,0.16947733667149173,0.006960489025443011,-0.0,0.16881257568698047,0.007743882110420305,0.0
586,2.9299999999999597,initializing,24.449900025501847,0.0043989023989655235,0.004398902319180823,0.0043989023989655235,2.258679507347575e-06,501.0,0.0,0.0,0.0,0.0,59,60,1.0,0.001027429750453087,0.16947733667148845,0.006960489025523168,-0.0,0.16881257568697716,0.007743882110498821,0.0
587,2.9349999999999596,initializing,24.03139998205006,0.004398902398983599,0.004398902319180816,0.004398902398983599,2.2586795082134378e-06,501.0,0.0,0.0,0.0,0.0,59,60,1.0,0.0010274297504508554,0.16947733667148512,0.0069604890256036445,-0.0,0.1688125756869741,0.007743882110576606,0.0
588,2.9399999999999595,initializing,24.35149997472763,0.004398902399019207,0.004398902319180818,0.004398902399019207,2.2586795077117927e-06,501.0,0.0,0.0,0.0,0.0,59,60,1.0,0.0010274297504523945,0.1694773366714819,0.006960489025684114,-0.0,0.16881257568697097,0.007743882110659165,0.0
589,2.9449999999999594,initializing,23.983499966561794,0.0043989023990565505,0.004398902319180818,0.0043989023990565505,2.2586795078319693e-06,501.0,0.0,0.0,0.0,0.0,59,60,1.0,0.0010274297504498826,0.16947733667147857,0.006960489025764355,-0.0,0.1688125756869677,0.007743882110736159,0.0
590,2.9499999999999593,initializing,24.20909993816167,0.004398902399081033,0.004398902319180812,0.004398902399081033,2.2586795077403428e-06,501.0,0.0,0.0,0.0,0.0,59,60,1.0,0.0010274297504505518,0.16947733667147533,0.006960489025844823,-0.0,0.16881257568696448,0.007743882110817528,0.0
591,2.954999999999959,initializing,24.324500001966953,0.004398902399119326,0.004398902319180815,0.004398902399119326,2.258679507728666e-06,501.0,0.0,0.0,0.0,0.0,59,60,1.0,0.0010274297504528113,0.16947733667147202,0.00696048902592511,-0.0,0.16881257568696129,0.007743882110900872,0.0
592,2.959999999999959,initializing,24.06989992596209,0.0043989023991436145,0.004398902319180811,0.0043989023991436145,2.2586795073823523e-06,501.0,0.0,0.0,0.0,0.0,59,60,1.0,0.0010274297504514176,0.16947733667146878,0.006960489026005384,-0.0,0.1688125756869581,0.007743882110979365,0.0
593,2.964999999999959,initializing,24.168700096197426,0.0043989023991545945,0.0043989023191808065,0.0043989023991545945,2.2586795073637566e-06,501.0,0.0,0.0,0.0,0.0,59,60,1.0,0.0010274297504515764,0.1694773366714655,0.0069604890260856825,-0.0,0.16881257568695482,0.007743882111059872,0.0
594,2.969999999999959,initializing,24.747599964030087,0.004398902399176097,0.004398902319180803,0.004398902399176097,2.2586795075191308e-06,501.0,0.0,0.0,0.0,0.0,59,60,1.0,0.0010274297504501984,0.16947733667146217,0.006960489026166028,-0.0,0.16881257568695163,0.007743882111138528,0.0
595,2.974999999999959,initializing,24.220399907790124,0.004398902399204085,0.004398902319180801,0.004398902399204085,2.258679507445313e-06,501.0,0.0,0.0,0.0,0.0,59,60,1.0,0.0010274297504538525,0.1694773366714589,0.006960489026246424,-0.0,0.1688125756869484,0.007743882111223763,0.0
596,2.9799999999999587,initializing,24.339499999769032,0.004398902399229879,0.0043989023191808,0.004398902399229879,2.2586795071528818e-06,501.0,0.0,0.0,0.0,0.0,59,60,1.0,0.0010274297504488839,0.16947733667145568,0.0069604890263265,-0.0,0.16881257568694522,0.007743882111297347,0.0
597,2.9849999999999586,initializing,24.429299985058606,0.004398902399225762,0.00439890231918079,0.004398902399225762,2.2586795075065197e-06,501.0,0.0,0.0,0.0,0.0,59,60,1.0,0.001027429750448037,0.16947733667145232,0.006960489026407044,-0.0,0.16881257568694208,0.007743882111376969,0.0
598,2.9899999999999585,initializing,25.31930000986904,0.004398902399269268,0.004398902319180796,0.004398902399269268,2.2586795072625632e-06,501.0,0.0,0.0,0.0,0.0,59,60,1.0,0.0010274297504500984,0.169477336671449,0.006960489026487471,-0.0,0.1688125756869388,0.007743882111460123,0.0
599,2.9949999999999584,initializing,25.123000028543174,0.0043989023992979685,0.004398902319180795,0.0043989023992979685,2.258679507073229e-06,501.0,0.0,0.0,0.0,0.0,59,60,1.0,0.0010274297504491213,0.16947733667144574,0.006960489026567664,-0.0,0.16881257568693542,0.00774388211153894,0.0
600,2.9959999999999583,control,24.088400066830218,0.0008797804798614486,0.0008797804638361576,0.0008797804798614486,5.325771458369981e-07,250.0,0.0,0.0,0.0,0.0,59,60,1.0,0.0010274138090808705,0.16947733478243596,0.006960496749948469,-0.0,0.16881261546439671,0.007743904283302284,0.0
601,2.996999999999958,control,34.08599994145334,0.0008794660159747531,0.0008794660042759195,0.0008794660159747531,8.391476197181804e-07,467.0,0.0,0.0,0.0,0.0,59,60,1.0,0.0010274074374160304,0.16947732477408634,0.006960493959930894,-0.0,0.16881262917221468,0.007743913259737997,0.0
602,2.997999999999958,control,29.928200063295662,0.0008789260209107146,0.0008789259583656038,0.0008789260209107146,8.211639141953654e-07,59.0,0.0,0.0,0.0,0.0,59,60,1.0,0.001027414042507233,0.16947731598217625,0.006960492227653084,-0.0,0.16881260481067192,0.007743906979376847,0.0
603,2.998999999999958,control,55.35099992994219,0.0008782542745473554,0.0008782541695228835,0.0008782542745473554,8.386042238649298e-07,142.0,0.0,0.0,0.0,0.0,59,60,1.0,0.0010274058436431192,0.16947730625078036,0.006960507909643102,-0.0,0.16881260418145347,0.007743919631909608,0.0
604,2.999999999999958,control,44.93259999435395,0.0008777083091105495,0.0008777081705001288,0.0008777083091105495,8.38985622184754e-07,183.0,0.0,0.0,0.0,0.0,59,60,1.0,0.0010273944905217491,0.16947729844429843,0.006960530203641757,-0.0,0.16881257148500056,0.007743905917292017,0.0
605,3.0009999999999577,control,41.53629997745156,0.0008772242394798926,0.00087722407420707,0.0008772242394798926,8.386317672768416e-07,168.0,0.0,0.0,0.0,0.0,59,60,1.0,0.0010273997654195674,0.16947729175372708,0.006960549697494956,-0.0,0.1688125293641908,0.007743902263994996,0.0
606,3.0019999999999576,control,40.14099994674325,0.0008767162212674954,0.000876716030723848,0.0008767162212674954,8.388479744500062e-07,166.0,0.0,0.0,0.0,0.0,59,60,1.0,0.0010274104283059455,0.1694772858292513,0.006960568821004847,-0.0,0.168812481875533,0.007743900099144753,0.0
607,3.0029999999999575,control,43.31470001488924,0.0008761653253768531,0.0008761651153446924,0.0008761653253768531,8.387910602248446e-07,200.0,0.0,0.0,0.0,0.0,59,60,1.0,0.0010274252909771903,0.16947728069401774,0.006960583453017807,-0.0,0.16881243548777425,0.007743899213279665,0.0
608,3.0039999999999574,control,39.11449993029237,0.0008755520053387934,0.0008755517789205752,0.0008755520053387934,8.387697055813788e-07,199.0,0.0,0.0,0.0,0.0,59,60,1.0,0.0010274408882837084,0.1694772759568546,0.006960599481134784,-0.0,0.1688123903893479,0.007743901441453085,0.0
609,3.0049999999999573,control,43.10379992239177,0.0008749171960276187,0.0008749169575516944,0.0008749171960276187,8.399625794501687e-07,168.0,0.0,0.0,0.0,0.0,59,60,1.0,0.001027454547078037,0.16947727124495596,0.006960620840075824,-0.0,0.16881235173195056,0.007743911901901499,0.0
610,3.005999999999957,control,46.148199937306345,0.0008742959862736261,0.0008742957399201662,0.0008742959862736261,8.398470750725073e-07,172.0,0.0,0.0,0.0,0.0,59,60,1.0,0.0010274614282637124,0.16947726652620174,0.006960642450986617,-0.0,0.16881232918159084,0.0077439274018898715,0.0
611,3.006999999999957,control,41.64069995749742,0.0008736137502850879,0.0008736134946689342,0.0008736137502850879,8.392904216346941e-07,170.0,0.0,0.0,0.0,0.0,59,60,1.0,0.0010274658273178544,0.16947726196188387,0.0069606598935211825,-0.0,0.16881231328211427,0.0077439409922198735,0.0
612,3.007999999999957,control,44.64669991284609,0.0008728253806828707,0.0008728251188351538,0.0008728253806828707,8.3899040946666e-07,174.0,0.0,0.0,0.0,0.0,59,60,1.0,0.0010274705772709376,0.16947725743373465,0.006960679064887328,-0.0,0.1688122986012354,0.007743957775333807,0.0
613,3.008999999999957,control,47.025499981828034,0.0008720225180881024,0.0008720222507980575,0.0008720225180881024,8.388082095205887e-07,155.0,0.0,0.0,0.0,0.0,59,60,1.0,0.001027475526159075,0.16947725283032566,0.006960703273545443,-0.0,0.1688122829701584,0.007743979113799057,0.0
614,3.0099999999999567,control,45.269599999301136,0.0008712427903225265,0.0008712425194002832,0.0008712427903225265,8.367088192674623e-07,158.0,0.0,0.0,0.0,0.0,59,60,1.0,0.0010274792328542233,0.1694772483845693,0.00696072689962811,-0.0,0.1688122689201647,0.007743999448532322,0.0
615,3.0109999999999566,control,46.27799999434501,0.0008704310813349822,0.0008704308066627087,0.0008704310813349822,8.378319871029287e-07,157.0,0.0,0.0,0.0,0.0,59,60,1.0,0.0010274818453007355,0.16947724404778974,0.00696074993980884,-0.0,0.16881225697589056,0.00774401945704384,0.0
616,3.0119999999999565,control,42.31430008076131,0.0008695669687504738,0.0008695666923045119,0.0008695669687504738,8.387745471389671e-07,174.0,0.0,0.0,0.0,0.0,59,60,1.0,0.0010274834149032858,0.16947723993044833,0.006960768318387724,-0.0,0.1688122479165763,0.007744035698908422,0.0
617,3.0129999999999564,control,40.85819993633777,0.0008686149988197927,0.0008686147220356342,0.0008686149988197927,8.378306631673417e-07,159.0,0.0,0.0,0.0,0.0,59,60,1.0,0.0010274859691933318,0.1694772357258964,0.00696079150291597,-0.0,0.16881223730083236,0.007744056791021799,0.0
618,3.0139999999999563,control,38.631899980828166,0.0008676804679243178,0.0008676801907078858,0.0008676804679243178,8.395226449195151e-07,159.0,0.0,0.0,0.0,0.0,59,60,1.0,0.0010274878866725686,0.1694772316329609,0.006960813720542479,-0.0,0.1688122269709392,0.007744076228740241,0.0
619,3.014999999999956,control,38.954999996349216,0.0008667339743786189,0.0008667336970089388,0.0008667339743786189,8.380380380382162e-07,179.0,0.0,0.0,0.0,0.0,59,60,1.0,0.0010274891362632163,0.1694772277592785,0.006960831251399103,-0.0,0.16881221845820865,0.007744091460160859,0.0
620,3.015999999999956,control,41.00590001326054,0.0008657187151550704,0.000865718439003387,0.0008657187151550704,8.379474015692715e-07,161.0,0.0,0.0,0.0,0.0,59,60,1.0,0.0010274914134032927,0.1694772237782436,0.006960853465017309,-0.0,0.16881220796536422,0.007744111132223888,0.0
621,3.016999999999956,control,49.40799996256828,0.0008647357651830085,0.0008647354922663568,0.0008647357651830085,8.396707348693648e-07,161.0,0.0,0.0,0.0,0.0,59,60,1.0,0.0010274931240861912,0.1694772199077208,0.006960874469713417,-0.0,0.16881219752417842,0.007744128802246607,0.0
622,3.017999999999956,control,44.82969990931451,0.0008637505293742248,0.0008637502578975159,0.0008637505293742248,8.392698410781359e-07,181.0,0.0,0.0,0.0,0.0,59,60,1.0,0.0010274942124424598,0.16947721625026074,0.006960890635308879,-0.0,0.16881218875858506,0.007744142058491945,0.0
623,3.0189999999999557,control,52.45660000946373,0.0008627056519413882,0.000862705381355776,0.0008627056519413882,8.391635378261613e-07,162.0,0.0,0.0,0.0,0.0,59,60,1.0,0.0010274963917195497,0.1694772124753826,0.006960911418110866,-0.0,0.16881217788844854,0.007744159675803235,0.0
624,3.0199999999999556,control,39.827600005082786,0.0008617009060518692,0.0008617006369548493,0.0008617009060518692,8.377235009997376e-07,163.0,0.0,0.0,0.0,0.0,59,60,1.0,0.0010274980897416743,0.16947720880377254,0.0069609310284770515,-0.0,0.16881216698545787,0.007744175373694753,0.0
625,3.0209999999999555,control,35.17869999632239,0.0008607001977197933,0.0008606999307322468,0.0008607001977197933,8.398131984709516e-07,181.0,0.0,0.0,0.0,0.0,59,60,1.0,0.0010274991476889527,0.16947720531911625,0.00696094584441625,-0.0,0.16881215768558652,0.007744186639854045,0.0
626,3.0219999999999554,control,36.28810006193817,0.0008596465147287333,0.0008596462490897442,0.0008596465147287333,8.396663182892465e-07,163.0,0.0,0.0,0.0,0.0,59,60,1.0,0.0010275014027775803,0.1694772017084483,0.0069609653479508725,-0.0,0.16881214621219864,0.007744202425481059,0.0
627,3.0229999999999553,control,34.21019995585084,0.0008586362200972865,0.0008586359559517687,0.0008586362200972865,8.393256870456657e-07,163.0,0.0,0.0,0.0,0.0,59,60,1.0,0.0010275031529627533,0.16947719817673165,0.006960983719626413,-0.0,0.16881213477511972,0.00774421638058021,0.0
628,3.023999999999955,control,32.127799931913614,0.0008576311169877296,0.000857630855713125,0.0008576311169877296,8.398565621525718e-07,182.0,0.0,0.0,0.0,0.0,59,60,1.0,0.0010275042757733749,0.16947719481250603,0.006960997335104515,-0.0,0.16881212499172513,0.007744226018324826,0.0
629,3.024999999999955,control,35.065799951553345,0.0008565704608992935,0.0008565702019093202,0.0008565704608992935,8.377323988322117e-07,164.0,0.0,0.0,0.0,0.0,59,60,1.0,0.001027506554588126,0.16947719129867825,0.0069610156888871375,-0.0,0.16881211312228053,0.0077442402665154515,0.0
630,3.025999999999955,control,32.00429992284626,0.000855551498760303,0.0008555512438155325,0.000855551498760303,8.392764541918338e-07,163.0,0.0,0.0,0.0,0.0,59,60,1.0,0.0010275082945005146,0.16947718783917934,0.006961032922580844,-0.0,0.16881210130837812,0.007744252688555987,0.0
631,3.026999999999955,control,31.78930003196001,0.0008545360217361232,0.0008545357685091582,0.0008545360217361232,8.39588725983006e-07,183.0,0.0,0.0,0.0,0.0,59,60,1.0,0.0010275094330087315,0.16947718452919072,0.0069610454324356905,-0.0,0.1688120911369563,0.007744260865460373,0.0
632,3.0279999999999547,control,34.59160006605089,0.0008534604900383181,0.0008534602404792675,0.0008534604900383181,8.397905466866124e-07,164.0,0.0,0.0,0.0,0.0,59,60,1.0,0.00102751169620203,0.1694771810472244,0.006961062722923702,-0.0,0.1688120789045625,0.00774427369428362,0.0
633,3.0289999999999546,control,37.98849997110665,0.0008524249928192749,0.000852424745411848,0.0008524249928192749,8.374476245568597e-07,165.0,0.0,0.0,0.0,0.0,59,60,1.0,0.0010275134466948743,0.16947717760979328,0.0069610789644797754,-0.0,0.16881206674384125,0.007744284824475296,0.0
634,3.0299999999999545,control,43.0641999701038,0.0008513895204047304,0.0008513892753055974,0.0008513895204047304,8.386198220044632e-07,184.0,0.0,0.0,0.0,0.0,59,60,1.0,0.0010275145031828062,0.16947717429125478,0.0069610904863383165,-0.0,0.16881205622555454,0.007744291618187713,0.0
635,3.0309999999999544,control,39.96160009410232,0.000850289464557536,0.0008502892223319097,0.000850289464557536,8.398277760438295e-07,165.0,0.0,0.0,0.0,0.0,59,60,1.0,0.0010275167240877277,0.16947717078693172,0.006961106848041483,-0.0,0.16881204353215715,0.007744303089883851,0.0
636,3.0319999999999543,control,29.861200018785894,0.0008492276022161616,0.0008492273620871638,0.0008492276022161616,8.384185398509336e-07,166.0,0.0,0.0,0.0,0.0,59,60,1.0,0.0010275184412158933,0.16947716731363377,0.006961122207829315,-0.0,0.16881203085914723,0.007744312889561299,0.0
637,3.032999999999954,control,34.39729998353869,0.0008481638267051467,0.0008481635893301334,0.0008481638267051467,8.388199014703832e-07,186.0,0.0,0.0,0.0,0.0,59,60,1.0,0.0010275194636374955,0.16947716394146362,0.006961132884315968,-0.0,0.1688120197683943,0.007744318352251771,0.0
638,3.033999999999954,control,38.206700002774596,0.000847030396734757,0.0008470301627329858,0.000847030396734757,8.383451908719662e-07,167.0,0.0,0.0,0.0,0.0,59,60,1.0,0.001027521638432156,0.1694771603658673,0.006961148488010085,-0.0,0.1688120064466033,0.007744328531891467,0.0
639,3.034999999999954,control,37.85470000002533,0.0008459326347830564,0.0008459324033983783,0.0008459326347830564,8.389416478558468e-07,167.0,0.0,0.0,0.0,0.0,59,60,1.0,0.0010275232903310663,0.16947715680286543,0.006961163121072001,-0.0,0.16881199305348643,0.007744336983432621,0.0
640,3.035999999999954,control,32.80540008563548,0.0008448311736945716,0.0008448309436459538,0.0008448311736945716,8.378852751579378e-07,189.0,0.0,0.0,0.0,0.0,59,60,1.0,0.0010275242855424967,0.16947715332634075,0.006961173109470791,-0.0,0.16881198111809465,0.007744341093211583,0.0
641,3.0369999999999537,control,48.96879999432713,0.0008436539738411827,0.0008436537460555709,0.0008436539738411827,8.398120472657492e-07,168.0,0.0,0.0,0.0,0.0,59,60,1.0,0.0010275264053089626,0.16947714962272903,0.006961188110625693,-0.0,0.16881196686936703,0.007744349919089889,0.0
642,3.0379999999999536,control,41.014399961568415,0.0008425111051119292,0.0008425108805233066,0.0008425111051119292,8.372550500884053e-07,170.0,0.0,0.0,0.0,0.0,59,60,1.0,0.001027528056727522,0.16947714592337992,0.006961202229547202,-0.0,0.16881195245131747,0.007744357100621714,0.0
643,3.0389999999999535,control,49.1522999946028,0.0008413603680325668,0.000841360146114997,0.0008413603680325668,8.381406438160992e-07,191.0,0.0,0.0,0.0,0.0,59,60,1.0,0.001027528968148981,0.16947714227743307,0.006961211726905927,-0.0,0.16881193941409148,0.0077443598169805,0.0
644,3.0399999999999534,control,41.265100007876754,0.0008401284551096633,0.0008401282332124105,0.0008401284551096633,8.382182102339567e-07,171.0,0.0,0.0,0.0,0.0,59,60,1.0,0.0010275310692137221,0.16947713839021938,0.006961226347913722,-0.0,0.16881192390965835,0.007744367326953518,0.0
645,3.0409999999999533,control,36.117799929343164,0.0008389265088300861,0.0008389262896079875,0.0008389265088300861,8.398119563139455e-07,171.0,0.0,0.0,0.0,0.0,59,60,1.0,0.0010275326635092632,0.16947713448183588,0.006961240119888682,-0.0,0.1688119081558114,0.007744373128861243,0.0
646,3.041999999999953,control,34.301399951800704,0.0008377140483665193,0.0008377138312741338,0.0008377140483665193,8.388814267021764e-07,195.0,0.0,0.0,0.0,0.0,59,60,1.0,0.0010275335678801847,0.1694771306056368,0.006961249322744394,-0.0,0.16881189362947865,0.007744374471537712,0.0
647,3.042999999999953,control,34.497000044211745,0.0008364104341265844,0.0008364102192059206,0.0008364104341265844,8.375580084472427e-07,174.0,0.0,0.0,0.0,0.0,59,60,1.0,0.0010275356174575649,0.16947712645593116,0.006961263779189124,-0.0,0.16881187655978808,0.007744380642004322,0.0
648,3.043999999999953,control,37.48989989981055,0.0008351314962765485,0.0008351312838174384,0.0008351314962765485,8.39001633783846e-07,174.0,0.0,0.0,0.0,0.0,59,60,1.0,0.0010275371588798377,0.16947712225870448,0.006961277441710284,-0.0,0.16881185909280955,0.0077443850543551206,0.0
649,3.044999999999953,control,37.16180007904768,0.0008338353129773638,0.0008338351027242758,0.0008338353129773638,8.389725262757052e-07,199.0,0.0,0.0,0.0,0.0,59,60,1.0,0.0010275379754106616,0.16947711805430768,0.006961286550625045,-0.0,0.16881184266717514,0.007744384852364162,0.0
650,3.0459999999999527,control,27.471499983221292,0.0008324367869956554,0.0008324365791057502,0.0008324367869956554,8.391484871718538e-07,177.0,0.0,0.0,0.0,0.0,59,60,1.0,0.0010275399718494447,0.169477113545269,0.006961301055895797,-0.0,0.16881182350104293,0.007744389525228617,0.0
651,3.0469999999999526,control,41.80060001090169,0.0008310571251046533,0.0008310569203204467,0.0008310571251046533,8.384138241863447e-07,207.0,0.0,0.0,0.0,0.0,59,60,1.0,0.0010275409523357224,0.16947710902950505,0.006961310281827492,-0.0,0.16881180475665497,0.007744387949274616,0.0
652,3.0479999999999525,control,34.05589994508773,0.0008295674950204436,0.0008295672916002752,0.0008295674950204436,8.397582833965321e-07,180.0,0.0,0.0,0.0,0.0,59,60,1.0,0.0010275428736526294,0.1694771041862229,0.006961324921668023,-0.0,0.16881178326022614,0.007744390961427846,0.0
653,3.0489999999999524,control,36.74860007595271,0.000828095064777291,0.0008280948626357946,0.000828095064777291,8.386255561926967e-07,182.0,0.0,0.0,0.0,0.0,59,60,1.0,0.001027544216006206,0.16947709925791551,0.006961338634619464,-0.0,0.16881176136312015,0.00774439201823841,0.0
654,3.0499999999999523,control,31.976800062693655,0.000826582962075349,0.000826582762429649,0.000826582962075349,8.383016871236179e-07,208.0,0.0,0.0,0.0,0.0,59,60,1.0,0.0010275446414324432,0.16947709422022955,0.0069613476592822795,-0.0,0.16881174036659286,0.00774438804111921,0.0
655,3.050999999999952,control,41.918399976566434,0.0008249354276930035,0.0008249352320997877,0.0008249354276930035,8.392070001209565e-07,185.0,0.0,0.0,0.0,0.0,59,60,1.0,0.001027546362527329,0.16947708880031725,0.00696136235629992,-0.0,0.16881171618791213,0.007744389056869144,0.0
656,3.051999999999952,control,35.86329997051507,0.0008232886925449808,0.0008232885003320274,0.0008232886925449808,8.389303282301586e-07,219.0,0.0,0.0,0.0,0.0,59,60,1.0,0.0010275470026947407,0.16947708324278216,0.006961371804299358,-0.0,0.16881169181427252,0.007744383355691071,0.0
657,3.052999999999952,control,38.903600070625544,0.0008214923590306923,0.0008214921706903124,0.0008214923590306923,8.397786814956058e-07,190.0,0.0,0.0,0.0,0.0,59,60,1.0,0.0010275486690430595,0.16947707725685043,0.006961387075909769,-0.0,0.16881166408854517,0.007744382339431916,0.0
658,3.053999999999952,control,33.55669998563826,0.0008196920893954455,0.0008196919029527516,0.0008196920893954455,8.385044265417827e-07,226.0,0.0,0.0,0.0,0.0,59,60,1.0,0.0010275490200665688,0.16947707108112595,0.006961396733595886,-0.0,0.16881163612678524,0.007744373942830831,0.0
659,3.0549999999999518,control,41.51479993015528,0.0008177139576390562,0.0008177137740258801,0.0008177139576390562,8.389355068361493e-07,197.0,0.0,0.0,0.0,0.0,59,60,1.0,0.001027550377638504,0.16947706442550928,0.006961412223371479,-0.0,0.1688116047021127,0.007744370162932723,0.0
660,3.0559999999999516,control,40.192500106059015,0.0008157087830498472,0.0008157086023228132,0.0008157087830498472,8.395501970656609e-07,233.0,0.0,0.0,0.0,0.0,59,60,1.0,0.0010275502812092737,0.16947705748062877,0.006961421990726871,-0.0,0.16881157271444322,0.007744358518414918,0.0
661,3.0569999999999515,control,47.924700076691806,0.0008134970829038429,0.0008134969037295781,0.0008134970829038429,8.391701853383146e-07,205.0,0.0,0.0,0.0,0.0,59,60,1.0,0.0010275513312303429,0.16947704998269217,0.006961437755199698,-0.0,0.168811536725223,0.0077443514429367515,0.0
662,3.0579999999999514,control,45.422199997119606,0.0008112340289360867,0.0008112338543734621,0.0008112340289360867,6.99739602640386e-07,231.0,0.0,0.0,0.0,0.0,59,60,1.0,0.001027664654356603,0.16947704255180585,0.006961439461799059,-0.0,0.1688114976331992,0.007744474967463227,0.0
663,3.0589999999999513,control,23.15119991544634,0.0008087648364488609,0.000808764664340115,0.0008087648364488609,8.392560876728294e-07,122.0,0.0,0.0,0.0,0.0,59,60,1.0,0.0010276755136535624,0.16947703634168546,0.006961444688904247,-0.0,0.16881144690141292,0.007744456603475671,0.0
664,3.059999999999951,control,24.92230001371354,0.0008067288688166131,0.0008067287012190033,0.0008067288688166131,8.367191055847938e-07,155.0,0.0,0.0,0.0,0.0,59,60,1.0,0.0010276765346460856,0.16947702962239383,0.006961469328487483,-0.0,0.1688114173633064,0.0077444631856886225,0.0
665,3.060999999999951,control,24.42729996982962,0.0008050859348360588,0.0008050857691122793,0.0008050859348360588,8.393283654122171e-07,159.0,0.0,0.0,0.0,0.0,59,60,1.0,0.0010276770552706599,0.16947702326141686,0.006961496716074777,-0.0,0.16881139412958165,0.007744476913003204,0.0
666,3.061999999999951,control,24.73990002181381,0.0008036653458411189,0.0008036651824084392,0.0008036653458411189,8.3936473665544e-07,165.0,0.0,0.0,0.0,0.0,59,60,1.0,0.0010276772816609895,0.16947701715299987,0.006961525472993665,-0.0,0.1688113746794405,0.007744494624771607,0.0
667,3.062999999999951,control,26.347899925895035,0.0008023623873890378,0.0008023622250763363,0.0008023623873890378,8.389323938951049e-07,193.0,0.0,0.0,0.0,0.0,59,60,1.0,0.0010276770607005692,0.16947701132543455,0.006961550533514301,-0.0,0.16881135815112125,0.007744510297880763,0.0
668,3.0639999999999508,control,26.229499955661595,0.0008010523663989938,0.0008010522069957743,0.0008010523663989938,8.380305899251542e-07,177.0,0.0,0.0,0.0,0.0,59,60,1.0,0.0010276782518131454,0.1694770054573451,0.006961580996656763,-0.0,0.16881133972241882,0.0077445316455451805,0.0
669,3.0649999999999507,control,26.211800053715706,0.0007998196879249885,0.0007998195303219504,0.0007998196879249885,8.387483859184114e-07,179.0,0.0,0.0,0.0,0.0,59,60,1.0,0.0010276792154981106,0.169476999744861,0.00696161054904086,-0.0,0.16881132107627994,0.007744551466456067,0.0
670,3.0659999999999505,control,24.818100035190582,0.0007986018271839637,0.0007986016689528585,0.0007986018271839637,8.39839936383269e-07,206.0,0.0,0.0,0.0,0.0,59,60,1.0,0.0010276796965969237,0.16947699419282722,0.006961635216916454,-0.0,0.16881130334770564,0.007744566412819939,0.0
671,3.0669999999999504,control,26.00359998177737,0.0007972976309119239,0.0007972974743193167,0.0007972976309119239,8.376389609371074e-07,182.0,0.0,0.0,0.0,0.0,59,60,1.0,0.001027681613944812,0.169476988500131,0.006961664836234562,-0.0,0.16881128281557367,0.0077445859313573645,0.0
672,3.0679999999999503,control,26.76039992365986,0.0007960311674506023,0.0007960310124785993,0.0007960311674506023,8.395672489365241e-07,212.0,0.0,0.0,0.0,0.0,59,60,1.0,0.001027682764035366,0.16947698293260813,0.006961688826135475,-0.0,0.16881126256357828,0.007744598944702185,0.0
673,3.06899999999995,control,25.288600008934736,0.0007946664553880351,0.0007946663016303846,0.0007946664553880351,8.391276296685331e-07,183.0,0.0,0.0,0.0,0.0,59,60,1.0,0.0010276850667765842,0.16947697717467558,0.006961717759440468,-0.0,0.16881123968007192,0.007744616338283494,0.0
674,3.06999999999995,control,24.84329999424517,0.0007933349960670123,0.0007933348441444136,0.0007933349960670123,8.397110740584586e-07,213.0,0.0,0.0,0.0,0.0,59,60,1.0,0.0010276863951793958,0.16947697149439114,0.0069617408586561055,-0.0,0.168811217434236,0.007744627094468024,0.0
675,3.07099999999995,control,24.4882000843063,0.0007918869812845236,0.0007918868312766221,0.0007918869812845236,8.384007015253966e-07,186.0,0.0,0.0,0.0,0.0,59,60,1.0,0.0010276887413172733,0.16947696557429917,0.006961768865862817,-0.0,0.16881119287320942,0.007744642329146597,0.0
676,3.07199999999995,control,25.219600065611303,0.0007904560645292404,0.000790455917441806,0.0007904560645292404,8.397432156104571e-07,214.0,0.0,0.0,0.0,0.0,59,60,1.0,0.0010276899365110758,0.16947695965523243,0.006961790986304398,-0.0,0.1688111690408804,0.00774465078438249,0.0
677,3.0729999999999498,control,24.483000044710934,0.0007888928275217065,0.0007888926813427242,0.0007888928275217065,8.391436090671793e-07,189.0,0.0,0.0,0.0,0.0,59,60,1.0,0.0010276922146128075,0.16947695344699995,0.006961818133316515,-0.0,0.16881114272252917,0.007744663818720398,0.0
678,3.0739999999999497,control,24.442899972200394,0.0007873345104276483,0.0007873343652669458,0.0007873345104276483,8.396391267549595e-07,219.0,0.0,0.0,0.0,0.0,59,60,1.0,0.0010276932429184905,0.1694769471586837,0.006961839395155244,-0.0,0.16881111692127396,0.0077446698343253215,0.0
679,3.0749999999999496,control,23.476599948480725,0.0007856216774144044,0.0007856215359068442,0.0007856216774144044,8.395283849894536e-07,193.0,0.0,0.0,0.0,0.0,59,60,1.0,0.0010276953482914045,0.16947694051816414,0.006961865858448175,-0.0,0.16881108832262393,0.007744680384753138,0.0
680,3.0759999999999494,control,23.495499975979328,0.0007839024309851624,0.0007839022914161495,0.0007839024309851624,8.390606804832518e-07,227.0,0.0,0.0,0.0,0.0,59,60,1.0,0.001027696108638513,0.1694769337108616,0.006961886366047391,-0.0,0.1688110598100959,0.007744683427864704,0.0
681,3.0769999999999493,control,29.531799955293536,0.0007820003837321119,0.0007820002445528506,0.0007820003837321119,8.389467759216666e-07,199.0,0.0,0.0,0.0,0.0,59,60,1.0,0.0010276979435187418,0.16947692648061574,0.0069619122581904445,-0.0,0.16881102805931744,0.007744690870331248,0.0
682,3.077999999999949,control,25.8701000129804,0.0007800760679213654,0.0007800759315641192,0.0007800760679213654,8.399676291387182e-07,236.0,0.0,0.0,0.0,0.0,59,60,1.0,0.0010276983266949353,0.1694769189821085,0.006961932139837645,-0.0,0.16881099582303863,0.007744690210320447,0.0
683,3.078999999999949,control,26.617600000463426,0.0007779387380684127,0.0007779386031068389,0.0007779387380684127,8.395795729952146e-07,207.0,0.0,0.0,0.0,0.0,59,60,1.0,0.0010276998283054322,0.16947691098234272,0.006961957588185562,-0.0,0.16881095979050642,0.00774469378077591,0.0
684,3.079999999999949,control,24.530299939215183,0.0007757576770971493,0.0007757575455401145,0.0007757576770971493,7.969347695960724e-07,220.0,0.0,0.0,0.0,0.0,59,60,1.0,0.0010277517409378984,0.16947690290516856,0.006961973706740995,-0.0,0.16881092206505716,0.007744752833701714,0.0
685,3.080999999999949,control,24.374600034207106,0.0007734145524923546,0.000773414423478049,0.0007734145524923546,8.372074136033237e-07,161.0,0.0,0.0,0.0,0.0,59,60,1.0,0.0010277602308711106,0.16947689545963712,0.0069619953353778985,-0.0,0.16881087843932496,0.0077447548264188894,0.0
686,3.081999999999949,control,24.41860001999885,0.0007713930875087449,0.0007713929606755601,0.0007713930875087449,8.392400221215338e-07,187.0,0.0,0.0,0.0,0.0,59,60,1.0,0.001027761942939558,0.16947688763111549,0.0069620256922398385,-0.0,0.16881084498378893,0.0077447656256130655,0.0
687,3.0829999999999487,control,24.424800067208707,0.0007694992885814649,0.0007694991631902704,0.0007694992885814649,8.397095191345309e-07,221.0,0.0,0.0,0.0,0.0,59,60,1.0,0.0010277620023616176,0.16947687972960848,0.00696205237250099,-0.0,0.16881081466520434,0.007744773308389808,0.0
688,3.0839999999999486,control,25.327700073830783,0.0007675170121219769,0.0007675168863240225,0.0007675170121219769,8.394245585646733e-07,200.0,0.0,0.0,0.0,0.0,59,60,1.0,0.0010277631785271142,0.16947687151698462,0.006962084917962553,-0.0,0.16881078179441178,0.007744786414459774,0.0
689,3.0849999999999485,control,25.610099895857275,0.0007655554528721543,0.0007655553274081761,0.0007655554528721543,7.482465811547126e-07,240.0,0.0,0.0,0.0,0.0,59,60,1.0,0.0010278208058888886,0.1694768633544672,0.006962107241771596,-0.0,0.16881074727073267,0.007744861974755206,0.0
690,3.0859999999999483,control,23.392100003547966,0.0007634005544736595,0.0007634004289242326,0.0007634005544736595,8.391814929110924e-07,140.0,0.0,0.0,0.0,0.0,59,60,1.0,0.0010278286191065368,0.16947685597777845,0.0069621335205195,-0.0,0.16881070630471934,0.007744869927835326,0.0
691,3.0869999999999482,control,23.2120999135077,0.0007615796449881384,0.0007615795209934874,0.0007615796449881384,8.39010478520761e-07,183.0,0.0,0.0,0.0,0.0,59,60,1.0,0.0010278308320083875,0.1694768484900067,0.006962169940446513,-0.0,0.16881067619751194,0.007744890002754457,0.0
692,3.087999999999948,control,23.582199937663972,0.0007599624067865345,0.0007599622836688281,0.0007599624067865345,8.397972362192715e-07,208.0,0.0,0.0,0.0,0.0,59,60,1.0,0.0010278312904397696,0.16947684117009557,0.00696220269570501,-0.0,0.16881065101139425,0.007744908153752034,0.0
693,3.088999999999948,control,23.313799989409745,0.0007583408301900347,0.0007583407069210164,0.0007583408301900347,8.397154848251975e-07,188.0,0.0,0.0,0.0,0.0,59,60,1.0,0.001027832864653864,0.16947683375648465,0.00696224094369096,-0.0,0.16881062448135647,0.007744932197887508,0.0
694,3.089999999999948,control,23.78579997457564,0.0007568021135549659,0.0007568019893569821,0.0007568021135549659,8.391666103655387e-07,225.0,0.0,0.0,0.0,0.0,59,60,1.0,0.0010278334681904737,0.16947682644466866,0.006962273439722188,-0.0,0.1688105985571027,0.0077449496436289254,0.0
695,3.090999999999948,control,24.770400021225214,0.0007551465458820384,0.0007551464223084479,0.0007551465458820384,8.390093144039102e-07,196.0,0.0,0.0,0.0,0.0,59,60,1.0,0.0010278352657968625,0.16947681895100497,0.006962310826304515,-0.0,0.16881056999361463,0.0077449714554356786,0.0
696,3.0919999999999477,control,25.391000090166926,0.0007535206119285195,0.00075352048862048,0.0007535206119285195,8.394025930481052e-07,231.0,0.0,0.0,0.0,0.0,59,60,1.0,0.001027836014061179,0.16947681144821072,0.00696234204837814,-0.0,0.1688105414190624,0.007744985722127484,0.0
697,3.0929999999999476,control,24.531500064767897,0.0007517366323808233,0.0007517365077087392,0.0007517366323808233,8.399287411400975e-07,200.0,0.0,0.0,0.0,0.0,59,60,1.0,0.0010278380605669257,0.16947680367878953,0.006962378252662549,-0.0,0.1688105097886815,0.007745004300500654,0.0
698,3.0939999999999475,control,24.577400065027177,0.0007499600056190651,0.0007499598834359699,0.0007499600056190651,8.396902689908921e-07,238.0,0.0,0.0,0.0,0.0,59,60,1.0,0.0010278389097176674,0.16947679577430733,0.006962408276517187,-0.0,0.16881047782212688,0.00774501495354701,0.0
699,3.0949999999999473,control,25.235700071789324,0.0007479914242680775,0.0007479913027730028,0.0007479914242680775,8.381606350802313e-07,206.0,0.0,0.0,0.0,0.0,59,60,1.0,0.0010278409858297992,0.16947678749935657,0.006962443515343791,-0.0,0.16881044248894872,0.007745029880709384,0.0
700,3.0959999999999472,control,24.05980008188635,0.0007460077017253814,0.0007460075810280765,0.0007460077017253814,7.312131898699127e-07,223.0,0.0,0.0,0.0,0.0,59,60,1.0,0.0010279310685665077,0.16947677940122197,0.00696246634825413,-0.0,0.1688104051288009,0.007745146110851574,0.0
701,3.096999999999947,control,23.78399996086955,0.0007438733429578184,0.0007438732224922755,0.0007438733429578184,8.365962667870928e-07,127.0,0.0,0.0,0.0,0.0,59,60,1.0,0.0010279425341316731,0.16947677255191915,0.006962492505612835,-0.0,0.1688103594199446,0.00774515424034178,0.0
702,3.097999999999947,control,32.16760000213981,0.000742182189880061,0.0007421820710887246,0.000742182189880061,8.388086398778554e-07,168.0,0.0,0.0,0.0,0.0,59,60,1.0,0.0010279454142335834,0.16947676546433144,0.00696253392932341,-0.0,0.16881033176940063,0.007745181937629016,0.0
703,3.098999999999947,control,33.375500002875924,0.0007408195284912738,0.0007408194093089231,0.0007408195284912738,8.386524246033558e-07,166.0,0.0,0.0,0.0,0.0,59,60,1.0,0.0010279470424380114,0.16947675869963302,0.0069625765935997525,-0.0,0.16881031030607058,0.007745214224163917,0.0
704,3.099999999999947,control,31.46899992134422,0.0007396345472717069,0.000739634428057999,0.0007396345472717069,8.383729840493714e-07,172.0,0.0,0.0,0.0,0.0,59,60,1.0,0.0010279484889432363,0.1694767522239305,0.006962619506512901,-0.0,0.1688102918617482,0.007745248845063744,0.0
705,3.1009999999999467,control,25.91500000562519,0.0007385386437949377,0.0007385385250374678,0.0007385386437949377,8.391986006858271e-07,201.0,0.0,0.0,0.0,0.0,59,60,1.0,0.0010279495113528609,0.16947674603500906,0.006962657830312509,-0.0,0.16881027585075015,0.007745280147515687,0.0
706,3.1019999999999466,control,23.777800030075014,0.0007374037395802861,0.0007374036195757787,0.0007374037395802861,8.382089893587186e-07,182.0,0.0,0.0,0.0,0.0,59,60,1.0,0.001027951926486491,0.16947673985922368,0.006962700713865507,-0.0,0.1688102580115884,0.007745316270789809,0.0
707,3.1029999999999465,control,23.58570008073002,0.0007363456313806162,0.0007363455113278449,0.0007363456313806162,8.39548602107054e-07,182.0,0.0,0.0,0.0,0.0,59,60,1.0,0.0010279541435294695,0.16947673389810533,0.006962742136182244,-0.0,0.16881024018117305,0.007745350497043025,0.0
708,3.1039999999999464,control,23.63459998741746,0.0007353113279640881,0.0007353112056500774,0.0007353113279640881,8.382790266565972e-07,212.0,0.0,0.0,0.0,0.0,59,60,1.0,0.0010279558435676967,0.16947672813320672,0.006962778160775526,-0.0,0.16881022348756003,0.007745379447291437,0.0
709,3.1049999999999462,control,22.227399982511997,0.0007341808252839553,0.0007341807037566753,0.0007341808252839553,8.398251157616901e-07,183.0,0.0,0.0,0.0,0.0,59,60,1.0,0.0010279587979421837,0.1694767223018967,0.006962818455607237,-0.0,0.16881020457949666,0.007745412485736148,0.0
710,3.105999999999946,control,22.816200042143464,0.0007331093794091438,0.000733109258707068,0.0007331093794091438,8.389853299923931e-07,184.0,0.0,0.0,0.0,0.0,59,60,1.0,0.0010279615911054482,0.1694767166336945,0.006962857229584922,-0.0,0.16881018553851973,0.007745443539172017,0.0
711,3.106999999999946,control,22.989099961705506,0.0007320474756462059,0.0007320473579232493,0.0007320474756462059,8.39888265904967e-07,211.0,0.0,0.0,0.0,0.0,59,60,1.0,0.0010279637117010972,0.16947671108852705,0.006962890671929348,-0.0,0.16881016777991736,0.007745469364663792,0.0
712,3.107999999999946,control,22.728699957951903,0.0007308821966874937,0.0007308820800938549,0.0007308821966874937,8.398676972488036e-07,184.0,0.0,0.0,0.0,0.0,59,60,1.0,0.0010279670409149954,0.16947670542522145,0.006962928508819405,-0.0,0.1688101479108064,0.007745499475048259,0.0
713,3.108999999999946,control,23.077900055795908,0.0007297681078039554,0.0007297679938739392,0.0007297681078039554,8.381405511414846e-07,185.0,0.0,0.0,0.0,0.0,59,60,1.0,0.0010279700487342556,0.16947669986440586,0.0069629649144243334,-0.0,0.16881012808621798,0.007745527682269927,0.0
714,3.1099999999999457,control,23.13970006071031,0.0007286549673698381,0.0007286548562721163,0.0007286549673698381,8.391593429725018e-07,212.0,0.0,0.0,0.0,0.0,59,60,1.0,0.001027972251121197,0.16947669436174664,0.00696299603942581,-0.0,0.16881010957345882,0.007745550618415966,0.0
715,3.1109999999999456,control,23.709099972620606,0.0007274260407391773,0.0007274259319409142,0.0007274260407391773,8.38427785111323e-07,186.0,0.0,0.0,0.0,0.0,59,60,1.0,0.0010279756071302944,0.1694766886941647,0.006963031659472501,-0.0,0.16881008892461996,0.007745577885645614,0.0
716,3.1119999999999455,control,22.661500028334558,0.0007262396245072011,0.0007262395175582817,0.0007262396245072011,8.398051494212124e-07,186.0,0.0,0.0,0.0,0.0,59,60,1.0,0.0010279785609026472,0.1694766830835276,0.006963065903662474,-0.0,0.1688100682944228,0.007745603215630569,0.0
717,3.1129999999999454,control,22.43419992737472,0.0007250479169955033,0.0007250478117636436,0.0007250479169955033,8.388329289993907e-07,216.0,0.0,0.0,0.0,0.0,59,60,1.0,0.001027980668141499,0.16947667747574527,0.006963094888042956,-0.0,0.16881004879921524,0.007745623137820857,0.0
718,3.1139999999999453,control,22.29100000113249,0.0007237227358536255,0.0007237226304955593,0.0007237227358536255,8.379401392237168e-07,189.0,0.0,0.0,0.0,0.0,59,60,1.0,0.0010279838717890113,0.1694766716542152,0.006963128503498448,-0.0,0.1688100270055752,0.007745647355091163,0.0
719,3.114999999999945,control,23.377800011076033,0.0007224329663051408,0.0007224328649840729,0.0007224329663051408,8.396513536045874e-07,222.0,0.0,0.0,0.0,0.0,59,60,1.0,0.0010279860145863441,0.16947666583379972,0.0069631562069773925,-0.0,0.16881000553261116,0.007745664538565174,0.0
720,3.115999999999945,control,22.25349994841963,0.0007210072392609818,0.000721007139179957,0.0007210072392609818,8.389593479707634e-07,192.0,0.0,0.0,0.0,0.0,59,60,1.0,0.0010279891113801048,0.1694766597925145,0.006963188544137163,-0.0,0.1688099817516135,0.007745685830328272,0.0
721,3.116999999999945,control,33.31539989449084,0.0007196171886702784,0.0007196170900054816,0.0007196171886702784,8.397146460354412e-07,193.0,0.0,0.0,0.0,0.0,59,60,1.0,0.0010279916751975797,0.16947665375143123,0.006963219415417421,-0.0,0.1688099579619159,0.007745704947883068,0.0
722,3.117999999999945,control,31.668700044974685,0.000718202409966826,0.0007182023126595188,0.000718202409966826,8.384701561274808e-07,224.0,0.0,0.0,0.0,0.0,59,60,1.0,0.0010279932607001846,0.16947664760394043,0.006963245016934148,-0.0,0.16880993497536767,0.007745718284814013,0.0
723,3.1189999999999447,control,31.80969995446503,0.0007166259278322343,0.0007166258296532261,0.0007166259278322343,8.379842975867675e-07,197.0,0.0,0.0,0.0,0.0,59,60,1.0,0.0010279960922955618,0.16947664116118571,0.006963275601332766,-0.0,0.1688099091243797,0.007745736052008364,0.0
724,3.1199999999999446,control,26.09840000513941,0.0007150691726443862,0.0007150690750507692,0.0007150691726443862,8.3999649490766e-07,234.0,0.0,0.0,0.0,0.0,59,60,1.0,0.0010279977697204904,0.1694766345775955,0.006963300360111288,-0.0,0.16880988288409718,0.007745746264802112,0.0
725,3.1209999999999445,control,26.18859999347478,0.00071333851514755,0.0007133384198789671,0.00071333851514755,8.399038174591816e-07,201.0,0.0,0.0,0.0,0.0,59,60,1.0,0.0010280005159256451,0.16947662767135238,0.006963330211886581,-0.0,0.16880985363297507,0.007745760683231739,0.0
726,3.1219999999999444,control,23.82560004480183,0.0007116264154910985,0.0007116263222043891,0.0007116264154910985,6.954551002988692e-07,230.0,0.0,0.0,0.0,0.0,59,60,1.0,0.001028111947879844,0.16947662104722405,0.006963345897057131,-0.0,0.168809822189936,0.0077459016211385845,0.0
727,3.1229999999999443,control,22.943599964492023,0.0007097522620482919,0.0007097521693306654,0.0007097522620482919,8.391658837920975e-07,117.0,0.0,0.0,0.0,0.0,59,60,1.0,0.001028123726012011,0.1694766158415427,0.006963363930425102,-0.0,0.1688097803803574,0.007745903938152901,0.0
728,3.123999999999944,control,23.675499949604273,0.000708365466994369,0.0007083653764122424,0.000708365466994369,8.371448924908347e-07,154.0,0.0,0.0,0.0,0.0,59,60,1.0,0.0010281263481003453,0.16947661037416833,0.00696340034716521,-0.0,0.16880976066328532,0.007745931656924372,0.0
729,3.124999999999944,control,22.99620001576841,0.0007074141467916428,0.0007074140561367404,0.0007074141467916428,8.383966544602299e-07,153.0,0.0,0.0,0.0,0.0,59,60,1.0,0.00102812837973714,0.1694766054829058,0.006963438349976445,-0.0,0.16880974795642606,0.007745965668731668,0.0
730,3.125999999999944,control,23.472600034438074,0.0007067314947421646,0.0007067314042313568,0.0007067314947421646,8.372730080222681e-07,158.0,0.0,0.0,0.0,0.0,59,60,1.0,0.001028130241375164,0.16947660108701368,0.006963476895366047,-0.0,0.1688097398981529,0.00774600353901554,0.0
731,3.126999999999944,control,24.940300034359097,0.0007062193069512343,0.0007062192154997135,0.0007062193069512343,8.37371654922386e-07,160.0,0.0,0.0,0.0,0.0,59,60,1.0,0.0010281321102838812,0.1694765971366692,0.00696351503776029,-0.0,0.16880973488592074,0.007746043231963843,0.0
732,3.1279999999999437,control,23.40329997241497,0.0007058218050596093,0.0007058217114602352,0.0007058218050596093,8.386211774669871e-07,161.0,0.0,0.0,0.0,0.0,59,60,1.0,0.0010281342296870088,0.1694765936040116,0.006963552405974531,-0.0,0.16880973180596534,0.007746083770560392,0.0
733,3.1289999999999436,control,24.124399991706014,0.0007055120840516325,0.0007055119907376837,0.0007055120840516325,8.38425846531345e-07,185.0,0.0,0.0,0.0,0.0,59,60,1.0,0.0010281363975666027,0.16947659056945635,0.0069635849763907505,-0.0,0.16880973110705466,0.007746121179646905,0.0
734,3.1299999999999435,control,23.8271999405697,0.0007052120751878686,0.0007052119820833327,0.0007052120751878686,8.383618339457071e-07,164.0,0.0,0.0,0.0,0.0,59,60,1.0,0.0010281398347098407,0.16947658772971463,0.006963621293288962,-0.0,0.16880972928576668,0.007746162880332419,0.0
735,3.1309999999999434,control,23.775600013323128,0.0007050364730299929,0.0007050363790607826,0.0007050364730299929,8.396271514392658e-07,162.0,0.0,0.0,0.0,0.0,59,60,1.0,0.0010281431851420556,0.1694765852969836,0.006963655929613533,-0.0,0.16880972811196232,0.007746202991418483,0.0
736,3.1319999999999433,control,23.4490999719128,0.0007049433118993449,0.0007049432150802282,0.0007049433118993449,8.38990389506067e-07,160.0,0.0,0.0,0.0,0.0,59,60,1.0,0.0010281465212384833,0.16947658324787312,0.006963689103401999,-0.0,0.16880972835802877,0.007746242504152045,0.0
737,3.132999999999943,control,23.410500027239323,0.0007049109972052635,0.0007049109013728365,0.0007049109972052635,8.37150512623079e-07,158.0,0.0,0.0,0.0,0.0,59,60,1.0,0.0010281498570646158,0.16947658156130976,0.0069637207562675135,-0.0,0.16880973024872742,0.007746281588081369,0.0
738,3.133999999999943,control,24.1223000921309,0.0007049347090767093,0.0007049346126434542,0.0007049347090767093,8.378373975357603e-07,175.0,0.0,0.0,0.0,0.0,59,60,1.0,0.0010281529757739474,0.16947658033469806,0.006963747247993328,-0.0,0.1688097347694777,0.0077463170747428325,0.0
739,3.134999999999943,control,22.910799947567284,0.0007049629978585071,0.0007049629006469261,0.0007049629978585071,8.375627393123845e-07,156.0,0.0,0.0,0.0,0.0,59,60,1.0,0.0010281571760188367,0.16947657927530005,0.006963777067275556,-0.0,0.1688097385205843,0.007746356511453063,0.0
740,3.135999999999943,control,23.092999937944114,0.0007051059547251299,0.0007051058596294918,0.0007051059547251299,8.394715166285175e-07,154.0,0.0,0.0,0.0,0.0,59,60,1.0,0.0010281610314850653,0.1694765785810453,0.0069638050602258824,-0.0,0.16880974336291596,0.00774639428742417,0.0
741,3.1369999999999427,control,21.62679994944483,0.0007053261914712939,0.0007053260960984391,0.0007053261914712939,8.395914500446009e-07,153.0,0.0,0.0,0.0,0.0,59,60,1.0,0.0010281643988676195,0.16947657823194767,0.006963831486377846,-0.0,0.16880975000698772,0.007746431096328924,0.0
742,3.1379999999999426,control,24.641099967993796,0.0007056026919129182,0.0007056025961172167,0.0007056026919129182,8.373752757556282e-07,153.0,0.0,0.0,0.0,0.0,59,60,1.0,0.001028162902585306,0.16947657812870776,0.006963856923440309,-0.0,0.16880975916096302,0.007746462455307093,0.0
743,3.1389999999999425,control,24.633500026538968,0.00070591628304617,0.0007059161871410987,0.00070591628304617,8.374530856212351e-07,152.0,0.0,0.0,0.0,0.0,59,60,1.0,0.0010281599697316765,0.1694765782778129,0.006963880708632142,-0.0,0.16880976977392112,0.007746491303050751,0.0
744,3.1399999999999424,control,24.00810003746301,0.0007062571941127549,0.000706257096038457,0.0007062571941127549,8.390829168624167e-07,152.0,0.0,0.0,0.0,0.0,59,60,1.0,0.0010281565408239645,0.1694765786665995,0.006963902775924966,-0.0,0.16880978128599017,0.007746518342887221,0.0
745,3.1409999999999423,control,23.275100043974817,0.0007066197764599619,0.0007066196784373546,0.0007066197764599619,8.366874096697806e-07,154.0,0.0,0.0,0.0,0.0,59,60,1.0,0.0010281528552308012,0.16947657928163098,0.00696392313363056,-0.0,0.16880979349111092,0.007746543733461522,0.0
746,3.141999999999942,control,23.12650007661432,0.0007069974291816039,0.0007069973327687868,0.0007069974291816039,8.388664260287611e-07,153.0,0.0,0.0,0.0,0.0,59,60,1.0,0.0010281488565383166,0.16947658008626287,0.006963941725955131,-0.0,0.16880980621229605,0.007746567225281801,0.0
747,3.142999999999942,control,23.073800024576485,0.0007073867813602395,0.0007073866835183105,0.0007073867813602395,8.388297314459873e-07,154.0,0.0,0.0,0.0,0.0,59,60,1.0,0.0010281447869985205,0.16947658107904548,0.0069639585518266045,-0.0,0.16880981924125896,0.007746588959301149,0.0
748,3.143999999999942,control,22.493099910207093,0.000707783430169573,0.0007077833347272489,0.000707783430169573,8.386519795540871e-07,154.0,0.0,0.0,0.0,0.0,59,60,1.0,0.0010281405898760181,0.16947658224103554,0.006963973575436382,-0.0,0.16880983257380391,0.007746608837737489,0.0
749,3.144999999999942,control,23.00950000062585,0.000708184117169792,0.0007081840219656584,0.000708184117169792,8.387401582727863e-07,154.0,0.0,0.0,0.0,0.0,59,60,1.0,0.001028136326807548,0.16947658356067113,0.006963986801584019,-0.0,0.16880984613299221,0.007746626890662909,0.0
750,3.1459999999999417,control,23.8033999921754,0.0007085864585432462,0.0007085863636292806,0.0007085864585432462,8.389226551706593e-07,154.0,0.0,0.0,0.0,0.0,59,60,1.0,0.001028132027254727,0.1694765850270213,0.006963998255140272,-0.0,0.16880985987852148,0.0077466431566280605,0.0
751,3.1469999999999416,control,23.244400043040514,0.000708988817675457,0.0007089887220533644,0.000708988817675457,8.389988918053543e-07,154.0,0.0,0.0,0.0,0.0,59,60,1.0,0.0010281277049049979,0.16947658662901258,0.00696400797818956,-0.0,0.16880987378410445,0.007746657682736701,0.0
752,3.1479999999999415,control,23.454300011508167,0.0007093900838658344,0.000709389987005617,0.0007093900838658344,8.388898302140685e-07,154.0,0.0,0.0,0.0,0.0,59,60,1.0,0.0010281233681410124,0.1694765883558714,0.006964016021642313,-0.0,0.1688098878255019,0.007746670519439815,0.0
753,3.1489999999999414,control,22.94379996601492,0.0007097895020429913,0.000709789406327788,0.0007097895020429913,8.386194111536458e-07,154.0,0.0,0.0,0.0,0.0,59,60,1.0,0.0010281190245434782,0.16947659019753086,0.006964022440055591,-0.0,0.16880990197929724,0.007746681719880924,0.0
754,3.1499999999999413,control,22.885399986989796,0.0007101865577518011,0.000710186461002151,0.0007101865577518011,8.382535712239696e-07,154.0,0.0,0.0,0.0,0.0,59,60,1.0,0.0010281146804981278,0.16947659214482916,0.0069640272896028576,-0.0,0.16880991622476937,0.00774669133877607,0.0
755,3.150999999999941,control,22.641299990937114,0.000710580911903736,0.0007105808151787055,0.000710580911903736,8.378627441210213e-07,154.0,0.0,0.0,0.0,0.0,59,60,1.0,0.0010281103410060034,0.16947659418949632,0.006964030627602224,-0.0,0.16880993054487672,0.007746699432542093,0.0
756,3.151999999999941,control,22.803899948485196,0.0007109723634172585,0.0007109722689954473,0.0007109723634172585,8.375043071772054e-07,154.0,0.0,0.0,0.0,0.0,59,60,1.0,0.0010281060097918407,0.16947659632406398,0.006964032512400334,-0.0,0.16880994492561022,0.007746706058848498,0.0
757,3.152999999999941,control,22.15740003157407,0.0007113608227046612,0.0007113607280571781,0.0007113608227046612,8.372175464583715e-07,154.0,0.0,0.0,0.0,0.0,59,60,1.0,0.0010281016891234027,0.16947659854176483,0.006964033003040774,-0.0,0.16880995935477996,0.007746711275100595,0.0
758,3.153999999999941,control,22.2578999819234,0.0007117462858103581,0.0007117461923407218,0.0007117462858103581,8.370235060538608e-07,154.0,0.0,0.0,0.0,0.0,59,60,1.0,0.0010280973813488578,0.1694766008364271,0.006964032158728049,-0.0,0.16880997382099638,0.007746715139144971,0.0
759,3.1549999999999407,control,21.590499905869365,0.0007121287981545733,0.0007121287062391678,0.0007121287981545733,8.369261018822686e-07,154.0,0.0,0.0,0.0,0.0,59,60,1.0,0.0010280930882616264,0.16947660320238325,0.006964030038018986,-0.0,0.16880998831319113,0.00774671770729627,0.0
760,3.1559999999999406,control,21.420500008389354,0.0007125084197977466,0.0007125083308052759,0.0007125084197977466,8.369128376753622e-07,154.0,0.0,0.0,0.0,0.0,59,60,1.0,0.0010280888118470723,0.1694766056344301,0.006964026698499608,-0.0,0.1688100028207722,0.00774671903516101,0.0
761,3.1569999999999405,control,23.902899934910238,0.0007128852353257883,0.0007128851465256743,0.0007128852353257883,8.369641614298955e-07,154.0,0.0,0.0,0.0,0.0,59,60,1.0,0.0010280845544021237,0.1694766081277798,0.006964022196415523,-0.0,0.1688100173334207,0.007746719177293766,0.0
762,3.1579999999999404,control,24.53410008456558,0.0007132593411091164,0.0007132592533178795,0.0007132593411091164,8.370591921033143e-07,154.0,0.0,0.0,0.0,0.0,59,60,1.0,0.0010280803179893857,0.16947661067800318,0.0069640165864965665,-0.0,0.16881003184136753,0.007746718186588593,0.0
763,3.1589999999999403,control,26.689200079999864,0.000713630839980854,0.0007136307538751938,0.000713630839980854,8.371925861277638e-07,154.0,0.0,0.0,0.0,0.0,59,60,1.0,0.0010280761046857516,0.16947661328095867,0.006964009922044208,-0.0,0.16881004633536353,0.007746716114728153,0.0
764,3.15999999999994,control,23.25369999743998,0.0007139998357581722,0.0007139997508904765,0.0007139998357581722,8.373484335375449e-07,154.0,0.0,0.0,0.0,0.0,59,60,1.0,0.0010280719168234613,0.16947661593276994,0.0069640022547593295,-0.0,0.16881006080667027,0.0077467130123392396,0.0
765,3.16099999999994,control,23.681199993006885,0.0007143664329743785,0.0007143663498312187,0.0007143664329743785,8.375018207565081e-07,154.0,0.0,0.0,0.0,0.0,59,60,1.0,0.001028067756171132,0.16947661862979443,0.00696399363493757,-0.0,0.168810075247258,0.00774670892830779,0.0
766,3.16199999999994,control,24.60230002179742,0.0007147307369257772,0.0007147306533890231,0.0007147307369257772,8.376426123801291e-07,154.0,0.0,0.0,0.0,0.0,59,60,1.0,0.0010280636246032474,0.16947662136859348,0.0069639841114873344,-0.0,0.16881008964991828,0.0077467039107975665,0.0
767,3.16299999999994,control,24.427899974398315,0.0007150928525507001,0.0007150927698064461,0.0007150928525507001,8.377670001587911e-07,154.0,0.0,0.0,0.0,0.0,59,60,1.0,0.0010280595233731638,0.16947662414591363,0.006963973731875259,-0.0,0.16881010400829438,0.0077466980062824535,0.0
768,3.1639999999999397,control,23.233299958519638,0.000715452882883812,0.0007154528017753943,0.000715452882883812,8.378741592052914e-07,154.0,0.0,0.0,0.0,0.0,59,60,1.0,0.0010280554537038552,0.16947662695866902,0.006963962542158869,-0.0,0.1688101183168876,0.007746691260375424,0.0
769,3.1649999999999396,control,23.003799957223237,0.0007158109268110129,0.0007158108464372967,0.0007158109268110129,8.379648894326787e-07,154.0,0.0,0.0,0.0,0.0,59,60,1.0,0.0010280514163857229,0.16947662980392458,0.006963950586847496,-0.0,0.16881013257099564,0.007746683717122914,0.0
770,3.1659999999999395,control,22.531499969772995,0.0007161670734981212,0.0007161669926072524,0.0007161670734981212,8.38040822946079e-07,154.0,0.0,0.0,0.0,0.0,59,60,1.0,0.001028047411858304,0.16947663267888588,0.006963937908998057,-0.0,0.1688101467666559,0.007746675419168311,0.0
771,3.1669999999999394,control,23.512500105425715,0.0007165214018143632,0.0007165213235494556,0.0007165214018143632,8.381004410247813e-07,154.0,0.0,0.0,0.0,0.0,59,60,1.0,0.0010280434405619994,0.16947663558090628,0.006963924550066258,-0.0,0.16881016090063516,0.007746666408050143,0.0
772,3.1679999999999393,control,22.845500032417476,0.0007168739856496977,0.0007168739086509993,0.0007168739856496977,8.381457898038817e-07,154.0,0.0,0.0,0.0,0.0,59,60,1.0,0.0010280395024030852,0.169476638507461,0.006963910550082559,-0.0,0.1688101749702736,0.007746656723564631,0.0
773,3.168999999999939,control,23.482999997213483,0.000717224891236661,0.0007172248145236012,0.000717224891236661,8.381806979032517e-07,154.0,0.0,0.0,0.0,0.0,59,60,1.0,0.0010280355974332557,0.16947664145614497,0.00696389594748182,-0.0,0.16881018897327288,0.0077466464043092695,0.0
774,3.169999999999939,control,22.476199897937477,0.0007175741760185613,0.0007175741022279625,0.0007175741760185613,8.382083606044998e-07,154.0,0.0,0.0,0.0,0.0,59,60,1.0,0.0010280317254646762,0.16947664442467417,0.006963880779181531,-0.0,0.1688102029076515,0.007746635487216181,0.0
775,3.170999999999939,control,23.6125000519678,0.0007179218891385184,0.0007179218161718266,0.0007179218891385184,8.382310238937279e-07,154.0,0.0,0.0,0.0,0.0,59,60,1.0,0.0010280278861883648,0.16947664741087598,0.006963865080611134,-0.0,0.16881021677173164,0.007746624007734024,0.0
776,3.171999999999939,control,22.992599988356233,0.0007182680719786372,0.0007182679979871708,0.0007182680719786372,8.382501445382888e-07,154.0,0.0,0.0,0.0,0.0,59,60,1.0,0.001028024079470932,0.16947665041268334,0.0069638488857343885,-0.0,0.1688102305640389,0.007746612000159683,0.0
777,3.1729999999999388,control,22.268899949267507,0.0007186127586795523,0.0007186126865303572,0.0007186127586795523,8.38267055488841e-07,154.0,0.0,0.0,0.0,0.0,59,60,1.0,0.0010280203049599964,0.16947665342812995,0.006963832227056336,-0.0,0.16881024428325686,0.007746599497092301,0.0
778,3.1739999999999386,control,22.92489993851632,0.0007189559773498506,0.0007189559067803414,0.0007189559773498506,8.382831167209406e-07,154.0,0.0,0.0,0.0,0.0,59,60,1.0,0.0010280165622178863,0.1694766564553455,0.006963815135779378,-0.0,0.16881025792818405,0.0077465865297325215,0.0
779,3.1749999999999385,control,22.273900103755295,0.0007192977511092548,0.0007192976809405095,0.0007192977511092548,8.382996125643477e-07,154.0,0.0,0.0,0.0,0.0,59,60,1.0,0.0010280128511307171,0.16947665949255153,0.006963797641684694,-0.0,0.16881027149769384,0.00774657312827038,0.0
780,3.1759999999999384,control,22.066200035624206,0.000719638098981496,0.0007196380284387244,0.000719638098981496,8.383174323731483e-07,154.0,0.0,0.0,0.0,0.0,59,60,1.0,0.0010280091711796747,0.16947666253806024,0.006963779773347685,-0.0,0.16881028499071712,0.007746559321130138,0.0
781,3.1769999999999383,control,25.226500001735985,0.0007199770368135302,0.000719976968702707,0.0007199770368135302,8.383371920832605e-07,154.0,0.0,0.0,0.0,0.0,59,60,1.0,0.0010280055222591164,0.16947666559026806,0.006963761558032766,-0.0,0.1688102984062439,0.0077465451359461975,0.0
782,3.177999999999938,control,29.933199984952807,0.0007203145779528945,0.0007203145128339264,0.0007203145779528945,8.383555659535957e-07,154.0,0.0,0.0,0.0,0.0,59,60,1.0,0.001028001903971166,0.16947666864766495,0.006963743021823542,-0.0,0.16881031174337527,0.007746530598803286,0.0
783,3.178999999999938,control,25.61509993392974,0.0007206507363399848,0.0007206506719338186,0.0007206507363399848,8.383734353101104e-07,154.0,0.0,0.0,0.0,0.0,59,60,1.0,0.001027998316035851,0.16947667170880623,0.006963724189733599,-0.0,0.16881032500126825,0.007746515734862845,0.0
784,3.179999999999938,control,23.30549992620945,0.0007209855244012629,0.0007209854626549415,0.0007209855244012629,8.383923610015902e-07,154.0,0.0,0.0,0.0,0.0,59,60,1.0,0.0010279947581571945,0.16947667477232256,0.00696370508558558,-0.0,0.16881033817902327,0.007746500567962023,0.0
785,3.180999999999938,control,22.26270001847297,0.0007213189529843826,0.0007213188905480659,0.0007213189529843826,8.38413139490171e-07,154.0,0.0,0.0,0.0,0.0,59,60,1.0,0.0010279912302505179,0.1694766778369158,0.006963685732189941,-0.0,0.16881035127577346,0.007746485121170403,0.0
786,3.1819999999999378,control,22.107400000095367,0.0007216510313925383,0.0007216509694902393,0.0007216510313925383,8.38435870179714e-07,154.0,0.0,0.0,0.0,0.0,59,60,1.0,0.0010279877319388,0.1694766809013532,0.006963666151262835,-0.0,0.16881036429071783,0.007746469416079777,0.0
787,3.1829999999999377,control,21.725200000219047,0.0007219817667169055,0.000721981705032094,0.0007219817667169055,8.384600757594062e-07,154.0,0.0,0.0,0.0,0.0,59,60,1.0,0.0010279842631571833,0.16947668396446314,0.00696364636357679,-0.0,0.16881037722312864,0.007746453473758486,0.0
788,3.1839999999999375,control,27.70320000126958,0.0007223111647525092,0.000722311102724312,0.0007223111647525092,8.384851566282928e-07,154.0,0.0,0.0,0.0,0.0,59,60,1.0,0.0010279808235900258,0.1694766870251342,0.006963626388948029,-0.0,0.16881039007234452,0.007746437313994452,0.0
789,3.1849999999999374,control,32.439099973998964,0.00072263923057344,0.0007226391681175534,0.00072263923057344,8.385107169141993e-07,154.0,0.0,0.0,0.0,0.0,59,60,1.0,0.001027977413084599,0.1694766900823098,0.006963606246286316,-0.0,0.16881040283777213,0.007746420955894206,0.0
790,3.1859999999999373,control,28.836800018325448,0.0007229659686091833,0.0007229659067625433,0.0007229659686091833,8.385365178133515e-07,154.0,0.0,0.0,0.0,0.0,59,60,1.0,0.0010279740314169555,0.16947669313498853,0.006963585953671368,-0.0,0.16881041551887324,0.007746404417640731,0.0
791,3.186999999999937,control,32.811100012622774,0.0007232913829302805,0.0007232913214345804,0.0007232913829302805,8.385624568215051e-07,154.0,0.0,0.0,0.0,0.0,59,60,1.0,0.001027970678392695,0.1694766961822196,0.0069635655282897415,-0.0,0.16881042811517188,0.0077463877165723834,0.0
792,3.187999999999937,control,25.43749997857958,0.0007236154771051759,0.0007236154149089888,0.0007236154771051759,8.385884428012258e-07,154.0,0.0,0.0,0.0,0.0,59,60,1.0,0.0010279673537487057,0.16947669922310174,0.006963544986571489,-0.0,0.16881044062625086,0.007746370869188701,0.0
793,3.188999999999937,control,33.788900007493794,0.0007239382542618116,0.0007239381927365356,0.0007239382542618116,8.386144519983772e-07,154.0,0.0,0.0,0.0,0.0,59,60,1.0,0.0010279640573130318,0.16947670225677952,0.006963524344172544,-0.0,0.16881045305175216,0.00774635389134605,0.0
794,3.189999999999937,control,28.038699994795024,0.0007242597171008403,0.0007242596576925888,0.0007242597171008403,8.386385505757177e-07,154.0,0.0,0.0,0.0,0.0,59,60,1.0,0.0010279607889306251,0.16947670528244943,0.006963503615980093,-0.0,0.16881046539141611,0.0077463367981937675,0.0
795,3.1909999999999368,control,33.20279996842146,0.0007245798693402978,0.0007245798097770499,0.0007245798693402978,8.386593095809695e-07,154.0,0.0,0.0,0.0,0.0,59,60,1.0,0.001027957548220902,0.16947670829934863,0.006963482816242014,-0.0,0.16881047764504703,0.007746319603965475,0.0
796,3.1919999999999367,control,38.58669998589903,0.0007248987153643346,0.0007248986573164442,0.0007248987153643346,8.386779061689057e-07,154.0,0.0,0.0,0.0,0.0,59,60,1.0,0.0010279543350916454,0.16947671130675065,0.006963461958514796,-0.0,0.16881048981245572,0.007746302322556619,0.0
797,3.1929999999999366,control,35.228900029323995,0.0007252162589397416,0.0007252162003110347,0.0007252162589397416,8.386956483952025e-07,154.0,0.0,0.0,0.0,0.0,59,60,1.0,0.001027951149165305,0.16947671430397093,0.006963441055650206,-0.0,0.16881050189345687,0.007746284966750821,0.0
798,3.1939999999999364,control,33.627199940383434,0.0007255325032426926,0.0007255324443117155,0.0007255325032426926,8.387132995080657e-07,154.0,0.0,0.0,0.0,0.0,59,60,1.0,0.001027947990416162,0.16947671729036248,0.006963420119911837,-0.0,0.1688105138879214,0.007746267549221373,0.0
799,3.1949999999999363,control,29.760000063106418,0.0007258474509458433,0.0007258473920939522,0.0007258474509458433,8.387310878985449e-07,154.0,0.0,0.0,0.0,0.0,59,60,1.0,0.001027944858526346,0.1694767202653154,0.0069633991629334,-0.0,0.1688105257957743,0.007746250081642441,0.0
800,3.1959999999999362,control,31.910500023514032,0.0007261611042866791,0.0007261610464331437,0.0007261611042866791,8.3874910169834e-07,154.0,0.0,0.0,0.0,0.0,59,60,1.0,0.0010279417532907964,0.16947672322825288,0.006963378195789536,-0.0,0.16881053761699744,0.007746232575297475,0.0
801,3.196999999999936,control,38.380400044843554,0.0007264734653117937,0.0007264734073293518,0.0007264734653117937,8.387674375520764e-07,154.0,0.0,0.0,0.0,0.0,59,60,1.0,0.0010279386744997461,0.16947672617863102,0.006963357229003863,-0.0,0.1688105493516062,0.007746215040913169,0.0
802,3.197999999999936,control,36.30099992733449,0.0007267845355755564,0.0007267844775580693,0.0007267845355755564,8.387861819803973e-07,154.0,0.0,0.0,0.0,0.0,59,60,1.0,0.0010279356218314594,0.16947672911593706,0.0069633362725720445,-0.0,0.16881056099964634,0.0077461974885405585,0.0
803,3.198999999999936,control,37.39920002408326,0.0007270943162600165,0.0007270942571193876,0.0007270943162600165,8.388054048827698e-07,154.0,0.0,0.0,0.0,0.0,59,60,1.0,0.0010279325952403681,0.16947673203968772,0.006963315335970735,-0.0,0.16881057256119067,0.007746179928072167,0.0
804,3.199999999999936,control,31.661599990911782,0.000727402808156785,0.0007274027515642981,0.000727402808156785,8.388250798661018e-07,154.0,0.0,0.0,0.0,0.0,59,60,1.0,0.0010279295943210996,0.16947673494942977,0.006963294428175448,-0.0,0.16881058403633703,0.007746162368422616,0.0
805,3.2009999999999357,control,27.70480001345277,0.0007277100118182773,0.0007277099553419975,0.0007277100118182773,8.388452118381927e-07,154.0,0.0,0.0,0.0,0.0,59,60,1.0,0.0010279266189863955,0.16947673784473602,0.006963273557703665,-0.0,0.16881059542521357,0.007746144818469811,0.0
806,3.2019999999999356,control,31.44440008327365,0.0007280159275153448,0.0007280158712280469,0.0007280159275153448,8.388659974638124e-07,154.0,0.0,0.0,0.0,0.0,59,60,1.0,0.0010279236689160816,0.1694767407252046,0.0069632527326204206,-0.0,0.1688106067279534,0.00774612728631598,0.0
807,3.2029999999999355,control,30.518700019456446,0.0007283205544252598,0.0007283204964470171,0.0007283205544252598,8.388873760651676e-07,154.0,0.0,0.0,0.0,0.0,59,60,1.0,0.001027920743969178,0.16947674359045894,0.0069632319605532865,-0.0,0.16881061794470667,0.007746109779854142,0.0
808,3.2039999999999353,control,36.177200032398105,0.0007286238915902901,0.0007286238337744024,0.0007286238915902901,8.389084050602446e-07,154.0,0.0,0.0,0.0,0.0,59,60,1.0,0.0010279178439306317,0.1694767464401489,0.006963211248718673,-0.0,0.16881062907566194,0.007746092306479008,0.0
809,3.2049999999999352,control,31.583999982103705,0.000728925938631222,0.000728925880434811,0.000728925938631222,8.38927069195921e-07,154.0,0.0,0.0,0.0,0.0,59,60,1.0,0.001027914968521985,0.16947674927395118,0.006963190603955979,-0.0,0.16881064012107339,0.007746074873158001,0.0
810,3.205999999999935,control,28.959100018255413,0.0007292266965584094,0.0007292266392037952,0.0007292266965584094,8.389443999217807e-07,154.0,0.0,0.0,0.0,0.0,59,60,1.0,0.0010279121176822426,0.1694767520915583,0.006963170032718078,-0.0,0.16881065108118817,0.007746057486738062,0.0
811,3.206999999999935,control,29.622799949720502,0.0007295261667007492,0.0007295261100816324,0.0007295261667007492,8.389614898997036e-07,154.0,0.0,0.0,0.0,0.0,59,60,1.0,0.0010279092909578835,0.16947675489268765,0.006963149541145588,-0.0,0.16881066195621758,0.007746040153186766,0.0
812,3.207999999999935,control,31.619700021110475,0.000729824350851048,0.0007298242958439795,0.000729824350851048,8.389789398519453e-07,154.0,0.0,0.0,0.0,0.0,59,60,1.0,0.0010279064883617084,0.16947675767707676,0.0069631291350083935,-0.0,0.16881067274640024,0.007746022878719349,0.0
813,3.208999999999935,control,37.785799941048026,0.0007301212505882676,0.0007301211964911093,0.0007301212505882676,8.389968384767947e-07,154.0,0.0,0.0,0.0,0.0,59,60,1.0,0.0010279037096583075,0.16947676044448426,0.006963108819680713,-0.0,0.1688106834520036,0.0077460056688359626,0.0
814,3.2099999999999347,control,35.182900028303266,0.0007304168672046083,0.0007304168120231847,0.0007304168672046083,8.390151046300648e-07,154.0,0.0,0.0,0.0,0.0,59,60,1.0,0.0010279009546374836,0.1694767631946862,0.006963088600304599,-0.0,0.16881069407333243,0.00774598852885466,0.0
815,3.2109999999999346,control,30.81890009343624,0.0007307112017199984,0.0007307111479912627,0.0007307112017199984,8.390336541261361e-07,154.0,0.0,0.0,0.0,0.0,59,60,1.0,0.0010278982230734596,0.16947676592747538,0.006963068481687512,-0.0,0.1688107046107113,0.00774597146374089,0.0
816,3.2119999999999345,control,29.535399982705712,0.000731004254957347,0.0007310042016200972,0.000731004254957347,8.390524848470917e-07,154.0,0.0,0.0,0.0,0.0,59,60,1.0,0.001027895514740762,0.16947676864266184,0.0069630484683330645,-0.0,0.16881071506447756,0.007745954478152951,0.0
817,3.2129999999999344,control,25.67929995711893,0.0007312960276004879,0.0007312959756853181,0.0007312960276004879,8.39071566397905e-07,154.0,0.0,0.0,0.0,0.0,59,60,1.0,0.0010278928295649357,0.16947677134007125,0.006963028564480497,-0.0,0.1688107254349806,0.007745937576679867,0.0
818,3.2139999999999342,control,31.631799996830523,0.0007315865202848752,0.000731586467411683,0.0007315865202848752,8.390908282851623e-07,154.0,0.0,0.0,0.0,0.0,59,60,1.0,0.0010278901672207618,0.16947677401954586,0.0069630087740642395,-0.0,0.16881073572258243,0.0077459207632732275,0.0
819,3.214999999999934,control,30.51189996767789,0.0007318757337707884,0.0007318756823502238,0.0007318757337707884,8.391101007468425e-07,154.0,0.0,0.0,0.0,0.0,59,60,1.0,0.0010278875275805345,0.1694767766809415,0.006962989100852368,-0.0,0.1688107459276534,0.007745904041973135,0.0
820,3.215999999999934,control,30.39530001115054,0.000732163668892264,0.0007321636177257623,0.000732163668892264,8.391293982961683e-07,154.0,0.0,0.0,0.0,0.0,59,60,1.0,0.001027884910404091,0.16947677932412877,0.006962969548297272,-0.0,0.16881075605057094,0.0077458874163496855,0.0
821,3.216999999999934,control,36.085300031118095,0.0007324503266422858,0.0007324502763139683,0.0007324503266422858,8.391490235365888e-07,154.0,0.0,0.0,0.0,0.0,59,60,1.0,0.0010278823155388313,0.16947678194898946,0.006962950119616578,-0.0,0.16881076609171825,0.0077458708898486325,0.0
822,3.217999999999934,control,39.4279999891296,0.0007327357072744236,0.0007327356581150242,0.0007327357072744236,8.391690738231161e-07,154.0,0.0,0.0,0.0,0.0,59,60,1.0,0.0010278797428204848,0.16947678455541781,0.006962930817847799,-0.0,0.16881077605147699,0.007745854465708307,0.0
823,3.2189999999999337,control,33.97670004051179,0.000733019810645762,0.0007330197603536492,0.000733019810645762,8.391893849978769e-07,154.0,0.0,0.0,0.0,0.0,59,60,1.0,0.0010278771920019419,0.16947678714332093,0.0069629116457754475,-0.0,0.16881078593024818,0.007745838146810773,0.0
824,3.2199999999999336,control,23.593700025230646,0.0007333026370000172,0.0007333025885808912,0.0007333026370000172,8.392099199972096e-07,154.0,0.0,0.0,0.0,0.0,59,60,1.0,0.0010278746629999633,0.16947678971261773,0.006962892606015846,-0.0,0.1688107957284495,0.007745821936089145,0.0
825,3.2209999999999335,control,23.709699977189302,0.0007335841869124162,0.0007335841372461015,0.0007335841869124162,8.392297754571592e-07,154.0,0.0,0.0,0.0,0.0,59,60,1.0,0.001027872155512697,0.16947679226324164,0.0069628737009575226,-0.0,0.1688108054465244,0.007745805835971261,0.0
826,3.2219999999999334,control,22.327300044707954,0.0007338644617898523,0.0007338644146757905,0.0007338644617898523,8.392476967512832e-07,154.0,0.0,0.0,0.0,0.0,59,60,1.0,0.0010278696693984963,0.16947679479513775,0.006962854932841398,-0.0,0.1688108150849547,0.0077457898489703796,0.0
827,3.2229999999999333,control,26.658899965696037,0.0007341434642698061,0.0007341434180948451,0.0007341434642698061,8.392645915548681e-07,154.0,0.0,0.0,0.0,0.0,59,60,1.0,0.0010278672045468836,0.16947679730825815,0.00696283630373128,-0.0,0.16881082464419875,0.007745773977437587,0.0
828,3.223999999999933,control,22.85230008419603,0.0007344211971182321,0.0007344211530545146,0.0007344211971182321,8.392813407901556e-07,154.0,0.0,0.0,0.0,0.0,59,60,1.0,0.0010278647606014838,0.16947679980256636,0.006962817815511336,-0.0,0.16881083412468456,0.00774575822318601,0.0
829,3.224999999999933,control,22.069299942813814,0.0007346976629617059,0.0007346976195551224,0.0007346976629617059,8.392978393159004e-07,154.0,0.0,0.0,0.0,0.0,59,60,1.0,0.0010278623375209832,0.16947680227803485,0.006962799469917005,-0.0,0.1688108435268634,0.007745742588305729,0.0
830,3.225999999999933,control,21.0593999363482,0.0007349728639819932,0.0007349728203724327,0.0007349728639819932,8.393138017876838e-07,154.0,0.0,0.0,0.0,0.0,59,60,1.0,0.0010278599351110046,0.16947680473464594,0.006962781268495793,-0.0,0.1688108528512106,0.007745727074510069,0.0
831,3.226999999999933,control,19.927099929191172,0.0007352468021911679,0.0007352467582821413,0.0007352468021911679,8.393296729610776e-07,154.0,0.0,0.0,0.0,0.0,59,60,1.0,0.001027857553215914,0.16947680717238783,0.006962763212678708,-0.0,0.1688108620982076,0.007745711683446786,0.0
832,3.2279999999999327,control,20.491399918682873,0.0007355194796540734,0.0007355194360599736,0.0007355194796540734,8.393457963357216e-07,154.0,0.0,0.0,0.0,0.0,59,60,1.0,0.0010278551915532238,0.16947680959125805,0.006962745303736953,-0.0,0.16881087126832894,0.007745696416423618,0.0
833,3.2289999999999326,control,20.031599909998477,0.0007357908983362639,0.0007357908564816352,0.0007357908983362639,8.3936231992224e-07,154.0,0.0,0.0,0.0,0.0,59,60,1.0,0.0010278528500955036,0.1694768119912604,0.006962727542814863,-0.0,0.16881088036205355,0.007745681274954473,0.0
834,3.2299999999999325,control,19.679300021380186,0.0007360610600233535,0.0007360610167719816,0.0007360610600233535,8.393794253076915e-07,154.0,0.0,0.0,0.0,0.0,59,60,1.0,0.0010278505286001596,0.16947681437240614,0.006962709930910939,-0.0,0.16881088937985614,0.007745666260115136,0.0
835,3.2309999999999324,control,19.93029995355755,0.0007363299656829049,0.0007363299224820798,0.0007363299656829049,8.393970406086413e-07,154.0,0.0,0.0,0.0,0.0,59,60,1.0,0.0010278482268471442,0.1694768167347112,0.006962692468921556,-0.0,0.1688108983222137,0.007745651372906686,0.0
836,3.2319999999999323,control,19.696200033649802,0.0007365976158433604,0.0007365975736121336,0.0007365976158433604,8.39414964011065e-07,154.0,0.0,0.0,0.0,0.0,59,60,1.0,0.0010278459447174689,0.16947681907819867,0.00696267515759201,-0.0,0.16881090718960634,0.0077456366143084585,0.0
837,3.232999999999932,control,19.82209994457662,0.0007368640112226768,0.0007368639701623744,0.0007368640112226768,8.39433081044417e-07,154.0,0.0,0.0,0.0,0.0,59,60,1.0,0.0010278436820866184,0.16947682140289783,0.00696265799761089,-0.0,0.16881091598251965,0.007745621985235065,0.0
838,3.233999999999932,control,19.87669989466667,0.0007371291528004142,0.0007371291121330361,0.0007371291528004142,8.39451301054883e-07,154.0,0.0,0.0,0.0,0.0,59,60,1.0,0.0010278414387154093,0.16947682370884432,0.006962640989504362,-0.0,0.1688109247014451,0.007745607486287781,0.0
839,3.234999999999932,control,19.77510005235672,0.0007373930418539876,0.0007373929995243509,0.0007373930418539876,8.394696539980176e-07,154.0,0.0,0.0,0.0,0.0,59,60,1.0,0.0010278392144942251,0.16947682599607866,0.006962624133759068,-0.0,0.16881093334687614,0.0077455931181959654,0.0
840,3.235999999999932,control,19.132400047965348,0.0007376556797709715,0.0007376556378874518,0.0007376556797709715,8.394881620732531e-07,154.0,0.0,0.0,0.0,0.0,59,60,1.0,0.001027837009304576,0.16947682826464736,0.006962607430707245,-0.0,0.16881094191930604,0.007745578881517657,0.0
841,3.2369999999999317,control,19.89670004695654,0.0007379170680616198,0.0007379170272225817,0.0007379170680616198,8.395067898295378e-07,154.0,0.0,0.0,0.0,0.0,59,60,1.0,0.001027834822832726,0.16947683051460177,0.006962590880637259,-0.0,0.16881095041923536,0.007745564776512717,0.0
842,3.2379999999999316,control,23.641099920496345,0.0007381772083515191,0.0007381771675299739,0.0007381772083515191,8.395255555684085e-07,154.0,0.0,0.0,0.0,0.0,59,60,1.0,0.0010278326551310581,0.169476832745998,0.006962574483723223,-0.0,0.16881095884716696,0.007745550803805318,0.0
843,3.2389999999999315,control,22.255999967455864,0.0007384361024845311,0.0007384360615853649,0.0007384361024845311,8.395444626382077e-07,154.0,0.0,0.0,0.0,0.0,59,60,1.0,0.0010278305058696376,0.1694768349588975,0.006962558240092391,-0.0,0.16881096720360178,0.007745536963464656,0.0
844,3.2399999999999314,control,27.07499999087304,0.0007386937524450514,0.0007386937121644221,0.0007386937524450514,8.395634713496652e-07,154.0,0.0,0.0,0.0,0.0,59,60,1.0,0.0010278283749063654,0.16947683715336478,0.006962542149761614,-0.0,0.1688109754890515,0.007745523255702618,0.0
845,3.2409999999999313,control,23.04670005105436,0.0007389501602062327,0.0007389501192674387,0.0007389501602062327,8.395826454227945e-07,154.0,0.0,0.0,0.0,0.0,59,60,1.0,0.0010278262622318594,0.16947683932946897,0.00696252621269587,-0.0,0.1688109837040201,0.007745509680842928,0.0
846,3.241999999999931,control,22.623499971814454,0.0007392053277648733,0.0007392052884455623,0.0007392053277648733,8.396005587933637e-07,154.0,0.0,0.0,0.0,0.0,59,60,1.0,0.0010278241674825856,0.16947684148728537,0.006962510428757285,-0.0,0.16881099184903373,0.007745496238655157,0.0
847,3.242999999999931,control,21.8104999512434,0.0007394592570470662,0.0007394592196989571,0.0007394592570470662,8.396173999148089e-07,154.0,0.0,0.0,0.0,0.0,59,60,1.0,0.0010278220906526263,0.16947684362688767,0.006962494797783379,-0.0,0.16881099992461385,0.0077454829293510455,0.0
848,3.243999999999931,control,21.29339997190982,0.0007397119501621804,0.0007397119130279664,0.0007397119501621804,8.396337443365946e-07,154.0,0.0,0.0,0.0,0.0,59,60,1.0,0.0010278200316013357,0.16947684574835536,0.0069624793194925485,-0.0,0.16881100793124412,0.007745469752809269,0.0
849,3.244999999999931,control,20.46240004710853,0.0007399634096377541,0.0007399633739837411,0.0007399634096377541,8.396499124685895e-07,154.0,0.0,0.0,0.0,0.0,59,60,1.0,0.0010278179899717232,0.16947684785177156,0.006962463993649517,-0.0,0.16881101586940625,0.007745456708666075,0.0
850,3.2459999999999307,control,19.84040008392185,0.0007402136381674706,0.0007402136025665926,0.0007402136381674706,8.396660339774245e-07,154.0,0.0,0.0,0.0,0.0,59,60,1.0,0.0010278159658426303,0.16947684993722123,0.006962448819846194,-0.0,0.16881102373959106,0.007745443796963141,0.0
851,3.2469999999999306,control,20.504400017671287,0.0007404626383421213,0.000740462601552313,0.0007404626383421213,8.396821732141473e-07,154.0,0.0,0.0,0.0,0.0,59,60,1.0,0.0010278139590218834,0.16947685200479404,0.006962433797715729,-0.0,0.1688110315422926,0.00774543101742638,0.0
852,3.2479999999999305,control,19.824499962851405,0.0007407104127357592,0.0007407103764920388,0.0007407104127357592,8.39698293810407e-07,154.0,0.0,0.0,0.0,0.0,59,60,1.0,0.0010278119693584566,0.1694768540545809,0.006962418926730656,-0.0,0.16881103927802107,0.007745418369687732,0.0
853,3.2489999999999304,control,20.181700005196035,0.000740956963852245,0.0007409569273860519,0.000740956963852245,8.397144577838411e-07,154.0,0.0,0.0,0.0,0.0,59,60,1.0,0.0010278099966463219,0.1694768560866753,0.006962404206451304,-0.0,0.1688110469472881,0.007745405853393766,0.0
854,3.2499999999999303,control,20.117900101467967,0.0007412022942629441,0.0007412022570100665,0.0007412022942629441,8.397307051828433e-07,154.0,0.0,0.0,0.0,0.0,59,60,1.0,0.0010278080408046742,0.16947685810117274,0.0069623896362945616,-0.0,0.1688110545506048,0.007745393468209745,0.0
855,3.25099999999993,control,19.92790005169809,0.0007414464065295544,0.0007414463709152448,0.0007414464065295544,8.397470891983276e-07,154.0,0.0,0.0,0.0,0.0,59,60,1.0,0.00102780610175302,0.16947686009817123,0.006962375215647654,-0.0,0.168811062088479,0.007745381213766842,0.0
856,3.25199999999993,control,21.178600029088557,0.0007416893032445043,0.0007416892691018613,0.0007416893032445043,8.397636557225109e-07,154.0,0.0,0.0,0.0,0.0,59,60,1.0,0.001027804179151421,0.1694768620777708,0.006962360943891712,-0.0,0.16881106956141934,0.007745369089348397,0.0
857,3.25299999999993,control,21.09070005826652,0.0007419309869133095,0.0007419309515701742,0.0007419309869133095,8.397806332645971e-07,154.0,0.0,0.0,0.0,0.0,59,60,1.0,0.0010278022730181593,0.16947686404007006,0.006962346820343618,-0.0,0.16881107696992226,0.0077453570946346365,0.0
858,3.25399999999993,control,21.62399992812425,0.0007421714590752053,0.0007421714238713136,0.0007421714590752053,8.397978047550353e-07,154.0,0.0,0.0,0.0,0.0,59,60,1.0,0.001027800383123981,0.16947686598517184,0.006962332844281887,-0.0,0.16881108431447225,0.007745345228928691,0.0
859,3.2549999999999297,control,22.417500033043325,0.0007424107215181027,0.0007424106860055101,0.0007424107215181027,8.398148341423199e-07,154.0,0.0,0.0,0.0,0.0,59,60,1.0,0.001027798509442763,0.1694768679131793,0.006962319014961688,-0.0,0.16881109159556695,0.007745333491787814,0.0
860,3.2559999999999296,control,21.818299894221127,0.0007426487759312365,0.0007426487407485271,0.0007426487759312365,8.398316497633603e-07,154.0,0.0,0.0,0.0,0.0,59,60,1.0,0.0010277966517194554,0.16947686982419854,0.00696230533158187,-0.0,0.16881109881370449,0.007745321882410422,0.0
861,3.2569999999999295,control,24.82569997664541,0.0007428856242007436,0.000742885588100563,0.0007428856242007436,8.398483146019996e-07,154.0,0.0,0.0,0.0,0.0,59,60,1.0,0.0010277948098585661,0.16947687171833578,0.006962291793351094,-0.0,0.16881110596938156,0.0077453104002127935,0.0
862,3.2579999999999294,control,26.089999941177666,0.0007431212684420218,0.0007431212336127183,0.0007431212684420218,8.398649342526522e-07,154.0,0.0,0.0,0.0,0.0,59,60,1.0,0.0010277929837229965,0.1694768735956997,0.006962278399392752,-0.0,0.1688111130630866,0.007745299044462172,0.0
863,3.2589999999999293,control,26.823799940757453,0.0007433557110571548,0.0007433556772852143,0.0007433557110571548,8.398815998038919e-07,154.0,0.0,0.0,0.0,0.0,59,60,1.0,0.0010277911732700998,0.16947687545639997,0.00696226514887355,-0.0,0.1688111200953071,0.007745287814591493,0.0
864,3.259999999999929,control,24.189200019463897,0.0007435889547746415,0.0007435889218937513,0.0007435889547746415,8.398983172287887e-07,154.0,0.0,0.0,0.0,0.0,59,60,1.0,0.001027789378238637,0.16947687730054828,0.006962252040889329,-0.0,0.16881112706653148,0.007745276709674892,0.0
865,3.260999999999929,control,23.374499985948205,0.0007438210026030012,0.0007438209702140251,0.0007438210026030012,8.399151254488118e-07,154.0,0.0,0.0,0.0,0.0,59,60,1.0,0.0010277875985847625,0.16947687912825612,0.006962239074561694,-0.0,0.1688111339772501,0.007745265729099445,0.0
866,3.261999999999929,control,23.083999985828996,0.0007440518575944258,0.0007440518250217876,0.0007440518575944258,8.399321066118657e-07,154.0,0.0,0.0,0.0,0.0,59,60,1.0,0.0010277858340832678,0.16947688093963684,0.0069622262489491705,-0.0,0.16881114082794668,0.007745254871943897,0.0
867,3.262999999999929,control,22.118299966678023,0.0007442815226929855,0.0007442814890927432,0.0007442815226929855,8.399494870141064e-07,154.0,0.0,0.0,0.0,0.0,59,60,1.0,0.0010277840847047195,0.16947688273480155,0.006962213563108228,-0.0,0.16881114761909308,0.007745244137533611,0.0
868,3.2639999999999287,control,23.039799998514354,0.0007445099999689787,0.0007445099679780181,0.0007445099999689787,8.399671013535666e-07,154.0,0.0,0.0,0.0,0.0,59,60,1.0,0.0010277823502953703,0.16947688451386397,0.006962201016039692,-0.0,0.16881115435115437,0.007745233524967211,0.0
869,3.2649999999999286,control,21.97700005490333,0.0007447372917923571,0.000744737258902413,0.0007447372917923571,8.399847714319977e-07,154.0,0.0,0.0,0.0,0.0,59,60,1.0,0.001027780630678117,0.1694768862769383,0.0069621886068073615,-0.0,0.1688111610246055,0.007745223033383574,0.0
870,3.2659999999999285,control,21.98659989517182,0.000744963400762907,0.0007449633674170737,0.000744963400762907,8.363902696098047e-07,155.0,0.0,0.0,0.0,0.0,59,60,1.0,0.00102777893615498,0.16947688802861413,0.006962176339056226,-0.0,0.1688111676712122,0.007745212703055063,0.0
871,3.2669999999999284,control,22.254499956034124,0.0007451876998843571,0.0007451876665324756,0.0007451876998843571,8.37152496972952e-07,154.0,0.0,0.0,0.0,0.0,59,60,1.0,0.001027777191092728,0.16947688975711087,0.006962164185751266,-0.0,0.16881117426502468,0.007745202395627962,0.0
872,3.2679999999999283,control,21.960599930025637,0.0007454108527066287,0.000745410819009801,0.0007454108527066287,8.38665098645271e-07,154.0,0.0,0.0,0.0,0.0,59,60,1.0,0.0010277755260544707,0.16947689147198997,0.00696215216507704,-0.0,0.16881118072772566,0.007745192225947243,0.0
873,3.268999999999928,control,21.52639999985695,0.0007456333087014981,0.0007456332774795947,0.0007456333087014981,8.396351617339295e-07,154.0,0.0,0.0,0.0,0.0,59,60,1.0,0.001027773894317097,0.16947689317319126,0.006962140283320216,-0.0,0.16881118712514415,0.007745182194991124,0.0
874,3.269999999999928,control,22.161299944855273,0.0007458550213510839,0.000745854989295232,0.0007458550213510839,8.399878777489756e-07,154.0,0.0,0.0,0.0,0.0,59,60,1.0,0.0010277722686867956,0.16947689485936687,0.006962128544063222,-0.0,0.16881119348635587,0.007745172296514431,0.0
875,3.270999999999928,control,22.130299941636622,0.0007460757969367339,0.0007460757657740325,0.0007460757969367339,8.364201419250696e-07,155.0,0.0,0.0,0.0,0.0,59,60,1.0,0.0010277706542521352,0.1694768965342993,0.006962116949540988,-0.0,0.1688111998427921,0.007745162562936695,0.0
876,3.271999999999928,control,21.61339996382594,0.0007462948467619335,0.0007462948161784043,0.0007462948467619335,8.371683629547151e-07,154.0,0.0,0.0,0.0,0.0,59,60,1.0,0.0010277689793124008,0.16947689818606262,0.006962105468312437,-0.0,0.1688112061596068,0.007745152849222418,0.0
877,3.2729999999999277,control,22.467399947345257,0.000746512707229088,0.0007465126755755333,0.000746512707229088,8.386998718614933e-07,154.0,0.0,0.0,0.0,0.0,59,60,1.0,0.0010277673800485798,0.1694768998244758,0.0069620941146070385,-0.0,0.16881121235155755,0.007745143267528887,0.0
878,3.2739999999999276,control,21.940300008282065,0.0007467297700632176,0.0007467297410601795,0.0007467297700632176,8.397107131093555e-07,154.0,0.0,0.0,0.0,0.0,59,60,1.0,0.0010277658127092512,0.16947690144971517,0.0069620828924663114,-0.0,0.16881121848155672,0.007745133817807488,0.0
879,3.2749999999999275,control,22.069099941290915,0.0007469459729874619,0.0007469459460907894,0.0007469459729874619,8.364747841010477e-07,155.0,0.0,0.0,0.0,0.0,59,60,1.0,0.001027764261959867,0.16947690306507543,0.0069620718097093024,-0.0,0.16881122460915668,0.0077451245355761745,0.0
880,3.2759999999999274,control,21.18849998805672,0.000747160525467297,0.0007471604999683943,0.000747160525467297,8.372121207175573e-07,172.0,0.0,0.0,0.0,0.0,59,60,1.0,0.0010277624010587973,0.16947690480479594,0.006962056961185906,-0.0,0.16881123198974782,0.007745112039923065,0.0
881,3.2769999999999273,control,23.20629998575896,0.0007473308208853578,0.0007473307952660928,0.0007473308208853578,8.367830373765776e-07,157.0,0.0,0.0,0.0,0.0,59,60,1.0,0.0010277614806415947,0.16947690636053167,0.006962047065981868,-0.0,0.1688112371511591,0.007745104001832566,0.0
882,3.277999999999927,control,28.5132999997586,0.0007475493374185729,0.000747549313489797,0.0007475493374185729,8.371913209202865e-07,157.0,0.0,0.0,0.0,0.0,59,60,1.0,0.0010277598400214743,0.169476907934675,0.0069620365942389024,-0.0,0.1688112421681055,0.007745094303465002,0.0
883,3.278999999999927,control,33.366600051522255,0.0007477735881106708,0.0007477735628712868,0.0007477735881106708,8.372495529693124e-07,156.0,0.0,0.0,0.0,0.0,59,60,1.0,0.0010277582403842296,0.1694769095191952,0.00696202568353682,-0.0,0.1688112475279581,0.007745084502591903,0.0
884,3.279999999999927,control,60.063499957323074,0.0007479861826785374,0.0007479861584607634,0.0007479861826785374,8.380879739267974e-07,154.0,0.0,0.0,0.0,0.0,59,60,1.0,0.0010277566886004064,0.16947691110056565,0.006962014365529057,-0.0,0.16881125327464527,0.007745074688718679,0.0
885,3.280999999999927,control,34.97470007278025,0.0007481859504826242,0.000748185926744753,0.0007481859504826242,8.380189580280351e-07,169.0,0.0,0.0,0.0,0.0,59,60,1.0,0.001027754965808896,0.16947691281056895,0.006961999110560345,-0.0,0.1688112604550253,0.007745061822802506,0.0
886,3.2819999999999268,control,27.131600072607398,0.0007483384304932304,0.000748338407921381,0.0007483384304932304,8.395754554478515e-07,156.0,0.0,0.0,0.0,0.0,59,60,1.0,0.0010277542558391982,0.16947691434693551,0.006961988787241275,-0.0,0.16881126557999643,0.007745053618189555,0.0
887,3.2829999999999266,control,25.791399995796382,0.0007485380322135958,0.0007485380117195601,0.0007485380322135958,8.384179794997834e-07,156.0,0.0,0.0,0.0,0.0,59,60,1.0,0.0010277527036939536,0.1694769158885456,0.006961978048154256,-0.0,0.16881127067592988,0.007745043863314132,0.0
888,3.2839999999999265,control,28.0038999626413,0.0007487457181845501,0.0007487457005088749,0.0007487457181845501,8.38501224913374e-07,155.0,0.0,0.0,0.0,0.0,59,60,1.0,0.0010277511345384634,0.16947691742713952,0.006961967034614525,-0.0,0.16881127606116947,0.007745034060133171,0.0
889,3.2849999999999264,control,29.94629996828735,0.000748944719324815,0.0007489447003823327,0.000748944719324815,8.377899628432005e-07,154.0,0.0,0.0,0.0,0.0,59,60,1.0,0.001027749606663407,0.16947691895971773,0.006961955734924389,-0.0,0.16881128178324678,0.0077450243164015,0.0
890,3.2859999999999263,control,25.71940002962947,0.000749132908466307,0.0007491328887755782,0.000749132908466307,8.393633248761677e-07,169.0,0.0,0.0,0.0,0.0,59,60,1.0,0.0010277478526683657,0.16947692061604497,0.006961940546128621,-0.0,0.16881128892393815,0.007745011487440744,0.0
891,3.286999999999926,control,25.273800012655556,0.0007492748281911291,0.0007492748089316611,0.0007492748281911291,8.370001198137192e-07,157.0,0.0,0.0,0.0,0.0,59,60,1.0,0.001027747123232998,0.1694769221028007,0.006961930325416364,-0.0,0.16881129399019973,0.007745003352042227,0.0
892,3.287999999999926,control,24.356500012800097,0.0007494644404009423,0.0007494644210234338,0.0007494644404009423,8.37191715380677e-07,156.0,0.0,0.0,0.0,0.0,59,60,1.0,0.001027745508772645,0.16947692359065678,0.006961919658224584,-0.0,0.1688112989966512,0.007744993556817343,0.0
893,3.288999999999926,control,24.232800002209842,0.0007496625397324253,0.000749662520037658,0.0007496625397324253,8.392911399786651e-07,155.0,0.0,0.0,0.0,0.0,59,60,1.0,0.0010277439631902782,0.16947692508068887,0.00696190872257685,-0.0,0.1688113041933228,0.007744983743360976,0.0
894,3.289999999999926,control,24.02229991275817,0.0007498530972955553,0.0007498530790188707,0.0007498530972955553,8.395646546839674e-07,154.0,0.0,0.0,0.0,0.0,59,60,1.0,0.0010277424957223621,0.1694769265689113,0.006961897523306056,-0.0,0.16881130969254388,0.007744974027492265,0.0
895,3.2909999999999258,control,22.29219989385456,0.0007500339940523676,0.0007500339755926269,0.0007500339940523676,8.378084144490016e-07,170.0,0.0,0.0,0.0,0.0,59,60,1.0,0.0010277408178565523,0.16947692818736002,0.006961882455187258,-0.0,0.16881131663434595,0.007744961282115086,0.0
896,3.2919999999999257,control,25.549300014972687,0.0007501690349627266,0.0007501690177513367,0.0007501690349627266,8.393325100607702e-07,156.0,0.0,0.0,0.0,0.0,59,60,1.0,0.0010277400989671197,0.16947692962463767,0.006961872369915825,-0.0,0.16881132147198186,0.007744953143618677,0.0
897,3.2929999999999255,control,21.534200059249997,0.0007503527870605942,0.0007503527700742431,0.0007503527870605942,8.397868654454363e-07,156.0,0.0,0.0,0.0,0.0,59,60,1.0,0.0010277386146641339,0.1694769310710924,0.006961861894977884,-0.0,0.16881132616710492,0.007744943481953065,0.0
898,3.2939999999999254,control,23.629500064998865,0.0007505460595538922,0.0007505460422432664,0.0007505460595538922,8.372435906569271e-07,156.0,0.0,0.0,0.0,0.0,59,60,1.0,0.0010277371633038513,0.16947693252342516,0.006961851180574706,-0.0,0.1688113311431983,0.007744933857867429,0.0
899,3.2949999999999253,control,21.880800020880997,0.0007507313201730046,0.0007507313029619329,0.0007507313201730046,8.373307291357056e-07,154.0,0.0,0.0,0.0,0.0,59,60,1.0,0.0010277357016585645,0.16947693396466937,0.006961840196691881,-0.0,0.16881133645430219,0.007744924244962965,0.0
900,3.295999999999925,control,27.56850002333522,0.0007509068265939674,0.0007509068093915016,0.0007509068265939674,8.394094484002485e-07,169.0,0.0,0.0,0.0,0.0,59,60,1.0,0.0010277340824072926,0.16947693553277354,0.006961825368991028,-0.0,0.16881134310939436,0.007744911615889659,0.0
901,3.296999999999925,control,40.06569995544851,0.0007510380281219694,0.0007510380098814356,0.0007510380281219694,8.377231592390164e-07,157.0,0.0,0.0,0.0,0.0,59,60,1.0,0.001027733511197194,0.16947693693243387,0.0069618155575809585,-0.0,0.16881134767346417,0.00774490374442959,0.0
902,3.297999999999925,control,39.46400003042072,0.0007512179596559514,0.0007512179431896705,0.0007512179596559514,8.378639806948306e-07,156.0,0.0,0.0,0.0,0.0,59,60,1.0,0.0010277320502195028,0.16947693833240868,0.006961805347744826,-0.0,0.16881135218936905,0.007744894265583668,0.0
903,3.298999999999925,control,45.20699998829514,0.0007514069811276209,0.0007514069658121213,0.0007514069811276209,8.396045080977628e-07,155.0,0.0,0.0,0.0,0.0,59,60,1.0,0.0010277306473104341,0.16947693973293584,0.006961794911835657,-0.0,0.16881135691107743,0.007744884811315989,0.0
904,3.2999999999999248,control,30.434699961915612,0.0007515888439106064,0.0007515888287296864,0.0007515888439106064,8.395966333260975e-07,154.0,0.0,0.0,0.0,0.0,59,60,1.0,0.001027729315227147,0.16947694112993103,0.006961784249489873,-0.0,0.16881136194685895,0.007744875493495548,0.0
905,3.3009999999999247,control,26.996599975973368,0.0007517612469036027,0.0007517612319021009,0.0007517612469036027,8.376000895046203e-07,170.0,0.0,0.0,0.0,0.0,59,60,1.0,0.0010277277679599144,0.16947694265624064,0.0069617697511026155,-0.0,0.16881136843845942,0.007744863184647295,0.0
906,3.3019999999999246,control,29.903899994678795,0.0007518882760971895,0.0007518882608508405,0.0007518882760971895,8.390836504772401e-07,156.0,0.0,0.0,0.0,0.0,59,60,1.0,0.0010277271731857127,0.16947694399979957,0.006961760267908516,-0.0,0.16881137283639203,0.007744855516869093,0.0
907,3.3029999999999244,control,34.4145999988541,0.0007520640864583902,0.000752064072124464,0.0007520640864583902,8.396646686414807e-07,156.0,0.0,0.0,0.0,0.0,59,60,1.0,0.0010277258091422807,0.16947694535142133,0.0069617504206789475,-0.0,0.16881137710052468,0.007744846354888505,0.0
908,3.3039999999999243,control,24.281800026074052,0.0007522493684951418,0.0007522493532791842,0.0007522493684951418,8.371453947905678e-07,156.0,0.0,0.0,0.0,0.0,59,60,1.0,0.0010277244738017772,0.1694769467079208,0.006961740356771228,-0.0,0.1688113816558145,0.00774483725720302,0.0
909,3.304999999999924,control,22.90549990721047,0.0007524265670989473,0.0007524265508132169,0.0007524265670989473,8.372567484101117e-07,154.0,0.0,0.0,0.0,0.0,59,60,1.0,0.0010277231246936355,0.1694769480523346,0.0069617300460682935,-0.0,0.1688113865545007,0.007744828196769183,0.0
910,3.305999999999924,control,22.143300040625036,0.0007525939211606243,0.0007525939052467388,0.0007525939211606243,8.391775332666557e-07,169.0,0.0,0.0,0.0,0.0,59,60,1.0,0.0010277216152317639,0.16947694952320325,0.006961715913076665,-0.0,0.16881139280700247,0.0077448161467215185,0.0
911,3.306999999999924,control,21.756200003437698,0.0007527172197610767,0.0007527172063283115,0.0007527172197610767,8.375931495821534e-07,157.0,0.0,0.0,0.0,0.0,59,60,1.0,0.0010277211492201403,0.16947695082458245,0.006961706819621034,-0.0,0.1688113969741337,0.007744808877278403,0.0
912,3.307999999999924,control,21.519199945032597,0.0007528892443875424,0.0007528892319081506,0.0007528892443875424,8.378971324310003e-07,156.0,0.0,0.0,0.0,0.0,59,60,1.0,0.001027719791724091,0.16947695212556949,0.006961697344648729,-0.0,0.16881140109538065,0.007744800017684638,0.0
913,3.308999999999924,control,21.732799941673875,0.0007530702339780564,0.000753070221908661,0.0007530702339780564,8.396847596694492e-07,155.0,0.0,0.0,0.0,0.0,59,60,1.0,0.0010277184903710193,0.16947695342649405,0.0069616876572103975,-0.0,0.16881140542571524,0.00774479119705032,0.0
914,3.3099999999999237,control,22.253899951465428,0.0007532439141032521,0.0007532439023219692,0.0007532439141032521,8.39700887048972e-07,154.0,0.0,0.0,0.0,0.0,59,60,1.0,0.0010277172591379089,0.16947695472336283,0.006961677757149917,-0.0,0.16881141007223996,0.007744782527976704,0.0
915,3.3109999999999236,control,21.696699899621308,0.0007534080118181662,0.0007534079980936883,0.0007534080118181662,8.375791654701632e-07,170.0,0.0,0.0,0.0,0.0,59,60,1.0,0.001027715812312477,0.16947695614961475,0.006961664034484626,-0.0,0.16881141617893686,0.0077447708843507,0.0
916,3.3119999999999234,control,21.697400021366775,0.0007535269781819837,0.0007535269638975658,0.0007535269781819837,8.391420035133244e-07,156.0,0.0,0.0,0.0,0.0,59,60,1.0,0.0010277153157739992,0.16947695739247973,0.0069616553424631045,-0.0,0.16881142019293854,0.007744763895796121,0.0
917,3.3129999999999233,control,20.787499961443245,0.0007536947016286277,0.0007536946898227281,0.0007536947016286277,8.398489241853343e-07,156.0,0.0,0.0,0.0,0.0,59,60,1.0,0.0010277140503543415,0.1694769586431095,0.006961646296996642,-0.0,0.16881142407152552,0.007744755423059075,0.0
918,3.3139999999999232,control,21.058699931018054,0.0007538717933977183,0.0007538717801614029,0.0007538717933977183,8.373407854220322e-07,156.0,0.0,0.0,0.0,0.0,59,60,1.0,0.0010277128122268124,0.16947695989842373,0.006961637042305001,-0.0,0.16881142824306777,0.007744747021895542,0.0
919,3.314999999999923,control,21.065099979750812,0.0007540407125059876,0.0007540407008308462,0.0007540407125059876,8.374488249006524e-07,154.0,0.0,0.0,0.0,0.0,59,60,1.0,0.001027711561176181,0.16947696114146346,0.0069616275498249605,-0.0,0.1688114327583839,0.0077447386685627045,0.0
920,3.315999999999923,control,21.31600002758205,0.0007541997136454551,0.0007541997006895449,0.0007541997136454551,8.392314210308879e-07,169.0,0.0,0.0,0.0,0.0,59,60,1.0,0.0010277101497800645,0.16947696251128935,0.0069616142435587215,-0.0,0.1688114386307722,0.007744727336555093,0.0
921,3.316999999999923,control,21.110799978487194,0.0007543149173994625,0.0007543149053300634,0.0007543149173994625,8.37691048317257e-07,157.0,0.0,0.0,0.0,0.0,59,60,1.0,0.0010277097802792324,0.1694769637112809,0.006961605987763451,-0.0,0.16881144241858756,0.007744720795089534,0.0
922,3.317999999999923,control,26.511300005950034,0.0007544788629114818,0.0007544788511229958,0.0007544788629114818,8.380927901645015e-07,156.0,0.0,0.0,0.0,0.0,59,60,1.0,0.0010277085195275226,0.16947696491078942,0.006961597356913384,-0.0,0.16881144615956425,0.007744712669544381,0.0
923,3.3189999999999227,control,24.153999984264374,0.0007546516951524346,0.0007546516836244864,0.0007546516951524346,8.398739601035516e-07,155.0,0.0,0.0,0.0,0.0,59,60,1.0,0.0010277073134869147,0.16947696611021285,0.0069615885170777325,-0.0,0.1688114501121541,0.007744704586713872,0.0
924,3.3199999999999226,control,26.968799997121096,0.0007548171361427743,0.0007548171232659492,0.0007548171361427743,8.398696089010182e-07,154.0,0.0,0.0,0.0,0.0,59,60,1.0,0.0010277061780559439,0.169476967305579,0.006961579469948799,-0.0,0.1688114543822158,0.007744696662488261,0.0
925,3.3209999999999225,control,22.553599905222654,0.000754972941281034,0.0007549729283097429,0.000754972941281034,8.375997870230182e-07,170.0,0.0,0.0,0.0,0.0,59,60,1.0,0.0010277048269674049,0.16947696863083217,0.006961566605360785,-0.0,0.168811460116739,0.00774468577192588,0.0
926,3.3219999999999223,control,21.27000002656132,0.0007550838925108119,0.0007550838809480006,0.0007550838925108119,8.392109548857955e-07,156.0,0.0,0.0,0.0,0.0,59,60,1.0,0.0010277044238466335,0.1694769697724828,0.006961558778675786,-0.0,0.16881146376043218,0.007744679542490933,0.0
927,3.3229999999999222,control,19.891100004315376,0.0007552436065183096,0.0007552435964827748,0.0007552436065183096,8.399981999865513e-07,156.0,0.0,0.0,0.0,0.0,59,60,1.0,0.001027703251813364,0.1694769709219758,0.006961550601866391,-0.0,0.1688114672689595,0.00774467183233438,0.0
928,3.323999999999922,control,19.837899948470294,0.0007554126451675213,0.0007554126375751078,0.0007554126451675213,8.374896198233616e-07,156.0,0.0,0.0,0.0,0.0,59,60,1.0,0.001027702105895862,0.16947697207629614,0.006961542217212804,-0.0,0.16881147107337505,0.007744664195945243,0.0
929,3.324999999999922,control,19.81049997266382,0.0007555734510489481,0.0007555734423816888,0.0007555734510489481,8.375850932344639e-07,154.0,0.0,0.0,0.0,0.0,59,60,1.0,0.001027700946820673,0.16947697321847693,0.006961533596669459,-0.0,0.16881147522385465,0.007744656610792924,0.0
930,3.325999999999922,control,19.830700010061264,0.0007557242816472376,0.0007557242708684112,0.0007557242816472376,8.392406262883452e-07,169.0,0.0,0.0,0.0,0.0,59,60,1.0,0.0010276996270812192,0.1694769744880437,0.0069615211644235815,-0.0,0.16881148073585167,0.007744646051843374,0.0
931,3.326999999999922,control,19.775400054641068,0.000755831559982521,0.0007558315483921942,0.000755831559982521,8.377472930065212e-07,157.0,0.0,0.0,0.0,0.0,59,60,1.0,0.001027699347068262,0.1694769755877507,0.006961513786987825,-0.0,0.1688114841656512,0.007744640287035231,0.0
932,3.3279999999999217,control,20.01340000424534,0.0007559875988651885,0.0007559875864959352,0.0007559875988651885,8.382269195961365e-07,156.0,0.0,0.0,0.0,0.0,59,60,1.0,0.0010276981755416618,0.16947697668719267,0.006961506035162168,-0.0,0.1688114875493407,0.007744632938934922,0.0
933,3.3289999999999216,control,20.05489997100085,0.0007561524816309742,0.0007561524696769093,0.0007561524816309742,8.363711178642489e-07,156.0,0.0,0.0,0.0,0.0,59,60,1.0,0.0010276970678880508,0.16947697779142157,0.006961498078343899,-0.0,0.16881149117949068,0.007744625675026869,0.0
934,3.3299999999999215,control,19.92460002657026,0.000756309305765009,0.000756309294151638,0.000756309305765009,8.371241902562864e-07,154.0,0.0,0.0,0.0,0.0,59,60,1.0,0.0010276959651706037,0.1694769788844238,0.006961489891381673,-0.0,0.16881149513495927,0.007744618473433532,0.0
935,3.3309999999999214,control,19.600600004196167,0.0007564564482356448,0.0007564564365313978,0.0007564564482356448,8.39200552666507e-07,169.0,0.0,0.0,0.0,0.0,59,60,1.0,0.0010276947023455437,0.1694769801055465,0.006961477900458926,-0.0,0.1688115004565532,0.00774460830978093,0.0
936,3.3319999999999212,control,19.605700043030083,0.0007565604034484474,0.0007565603915968912,0.0007565604034484474,8.378523130246042e-07,157.0,0.0,0.0,0.0,0.0,59,60,1.0,0.001027694470002444,0.16947698115677315,0.006961470970223465,-0.0,0.16881150370813386,0.007744602944430971,0.0
937,3.332999999999921,control,19.752500113099813,0.0007567132141060186,0.0007567132016538749,0.0007567132141060186,8.383455946446805e-07,156.0,0.0,0.0,0.0,0.0,59,60,1.0,0.0010276933406141464,0.16947698220774962,0.006961463666836142,-0.0,0.1688115069219837,0.007744595996891188,0.0
938,3.333999999999921,control,20.5375999212265,0.0007568748057081518,0.0007568747929805425,0.0007568748057081518,8.365000816867034e-07,156.0,0.0,0.0,0.0,0.0,59,60,1.0,0.0010276922716861347,0.1694769832635968,0.006961456155964387,-0.0,0.16881151038803105,0.007744589131371276,0.0
939,3.334999999999921,control,20.71139996405691,0.0007570281814598484,0.0007570281701790691,0.0007570281814598484,8.372526476584782e-07,154.0,0.0,0.0,0.0,0.0,59,60,1.0,0.0010276912061458444,0.16947698430838293,0.006961448410793964,-0.0,0.16881151418281945,0.00774458232473974,0.0
940,3.335999999999921,control,20.49329993315041,0.0007571717087573429,0.00075717169597085,0.0007571717087573429,8.392166436514857e-07,169.0,0.0,0.0,0.0,0.0,59,60,1.0,0.0010276899808159985,0.16947698548171955,0.006961436857587073,-0.0,0.16881151934603666,0.007744572553957042,0.0
941,3.3369999999999207,control,26.11439989414066,0.0007572720218799315,0.0007572720094635936,0.0007572720218799315,8.378760072503985e-07,157.0,0.0,0.0,0.0,0.0,59,60,1.0,0.00102768978601559,0.16947698648532616,0.006961430362534989,-0.0,0.1688115224394377,0.0077445675790625435,0.0
942,3.3379999999999206,control,26.34580002631992,0.0007574210869216845,0.0007574210752458488,0.0007574210869216845,8.384511429669987e-07,156.0,0.0,0.0,0.0,0.0,59,60,1.0,0.0010276886939834123,0.16947698748890758,0.006961423490435009,-0.0,0.1688115254954241,0.007744561017929599,0.0
943,3.3389999999999205,control,29.95200001168996,0.0007575788555886209,0.0007575788445760169,0.0007575788555886209,8.365894084068163e-07,156.0,0.0,0.0,0.0,0.0,59,60,1.0,0.0010276876636468519,0.16947698849761272,0.0069614164080498645,-0.0,0.1688115288028484,0.007744554536770514,0.0
944,3.3399999999999204,control,22.033700020983815,0.0007577283474367407,0.0007577283359398031,0.0007577283474367407,8.373278812147599e-07,154.0,0.0,0.0,0.0,0.0,59,60,1.0,0.0010276866367500165,0.1694769894954872,0.006961409088382402,-0.0,0.16881153243914865,0.007744548111496299,0.0
945,3.3409999999999203,control,21.150300046429038,0.0007578679479556256,0.000757867937037527,0.0007578679479556256,8.392465309638425e-07,169.0,0.0,0.0,0.0,0.0,59,60,1.0,0.0010276854507796384,0.16947699062234117,0.00696139795852404,-0.0,0.1688115374445026,0.007744538720998265,0.0
946,3.34199999999992,control,20.721000037156045,0.0007579644367991577,0.0007579644257588845,0.0007579644367991577,8.379310751635877e-07,157.0,0.0,0.0,0.0,0.0,59,60,1.0,0.0010276852945064546,0.1694769915796183,0.006961391885262479,-0.0,0.16881154038050644,0.007744534124032308,0.0
947,3.34299999999992,control,21.188699989579618,0.0007581096553212521,0.0007581096445629351,0.0007581096553212521,8.385298668429947e-07,156.0,0.0,0.0,0.0,0.0,59,60,1.0,0.0010276842400423756,0.16947699253709997,0.006961385431670188,-0.0,0.16881154327996079,0.007744527936840469,0.0
948,3.34399999999992,control,20.80459997523576,0.0007582635674103145,0.0007582635558101395,0.0007582635674103145,8.366697454581623e-07,156.0,0.0,0.0,0.0,0.0,59,60,1.0,0.0010276832482199916,0.16947699349999368,0.00696137876558009,-0.0,0.1688115464307847,0.0077445218283426764,0.0
949,3.34499999999992,control,20.514199975878,0.0007584091909344267,0.0007584091779911072,0.0007584091909344267,8.374057214944289e-07,154.0,0.0,0.0,0.0,0.0,59,60,1.0,0.0010276822594393878,0.1694769944523337,0.006961371859302127,-0.0,0.1688115499116177,0.007744515773022801,0.0
950,3.3459999999999197,control,20.655900007113814,0.000758544910540084,0.0007585448988037237,0.000758544910540084,8.392692230012756e-07,169.0,0.0,0.0,0.0,0.0,59,60,1.0,0.001027681111373924,0.16947699553411485,0.0069613611404088,-0.0,0.16881155476358953,0.007744506751133525,0.0
951,3.3469999999999196,control,20.70999995339662,0.0007586376516376208,0.0007586376404684712,0.0007586376516376208,8.379745601328988e-07,157.0,0.0,0.0,0.0,0.0,59,60,1.0,0.0010276809928646802,0.16947699644651446,0.006961355477017181,-0.0,0.16881155754669802,0.007744502521770865,0.0
952,3.3479999999999195,control,21.012700046412647,0.0007587791122329317,0.0007587791011151285,0.0007587791122329317,8.386073244785719e-07,156.0,0.0,0.0,0.0,0.0,59,60,1.0,0.00102767997461237,0.16947699735937619,0.006961349429456067,-0.0,0.16881156029492678,0.007744496697520149,0.0
953,3.3489999999999194,control,22.93239999562502,0.0007589292569782096,0.0007589292458748041,0.0007589292569782096,8.367431010937609e-07,156.0,0.0,0.0,0.0,0.0,59,60,1.0,0.0010276790198127874,0.1694769982779449,0.006961343166808709,-0.0,0.16881156329493824,0.007744490950534288,0.0
954,3.3499999999999193,control,23.621700005605817,0.0007590710967796399,0.0007590710849172459,0.0007590710967796399,8.374719264497607e-07,154.0,0.0,0.0,0.0,0.0,59,60,1.0,0.001027678067622952,0.16947699918624617,0.006961336660744266,-0.0,0.16881156662632846,0.007744485253844323,0.0
955,3.350999999999919,control,23.43599998857826,0.0007592030166766767,0.0007592030059380018,0.0007592030166766767,8.392846003305117e-07,169.0,0.0,0.0,0.0,0.0,59,60,1.0,0.0010276769558925977,0.16947700022444603,0.00696132633935706,-0.0,0.16881157133116334,0.007744476589090306,0.0
956,3.351999999999919,control,23.353500058874488,0.0007592920864956535,0.0007592920754877701,0.0007592920864956535,8.380077003287382e-07,157.0,0.0,0.0,0.0,0.0,59,60,1.0,0.0010276768734724456,0.16947700109346772,0.0069613210722074634,-0.0,0.16881157396762247,0.007744472715543181,0.0
957,3.352999999999919,control,22.063700016587973,0.0007594298648809631,0.00075942985291875,0.0007594298648809631,8.386737498958956e-07,156.0,0.0,0.0,0.0,0.0,59,60,1.0,0.0010276758900298068,0.1694770019632185,0.00696131541679941,-0.0,0.16881157657080068,0.007744467242484666,0.0
958,3.353999999999919,control,23.469300009310246,0.0007595763172768415,0.0007595763061326006,0.0007595763172768415,8.368081911181349e-07,156.0,0.0,0.0,0.0,0.0,59,60,1.0,0.0010276749705069052,0.1694770028389806,0.006961309543514496,-0.0,0.16881157942626102,0.007744461844673726,0.0
959,3.3549999999999187,control,23.1382999336347,0.0007597144471972813,0.0007597144369776191,0.0007597144471972813,8.37532915516268e-07,154.0,0.0,0.0,0.0,0.0,59,60,1.0,0.0010276740533188737,0.16947700370477067,0.006961303423361612,-0.0,0.16881158261445642,0.007744456494242286,0.0
960,3.3559999999999186,control,22.090299986302853,0.000759842640955796,0.0007598426303721305,0.000759842640955796,8.39300819647987e-07,169.0,0.0,0.0,0.0,0.0,59,60,1.0,0.0010276729761856595,0.16947700470092097,0.006961293484974435,-0.0,0.1688115871783073,0.007744448173769037,0.0
961,3.3569999999999185,control,25.610400014556944,0.0007599281085159481,0.0007599280999721885,0.0007599281085159481,8.380422343609849e-07,157.0,0.0,0.0,0.0,0.0,59,60,1.0,0.0010276729283150575,0.16947700552811085,0.006961288599262305,-0.0,0.1688115896742635,0.0077444446431260035,0.0
962,3.3579999999999184,control,25.003699935041368,0.0007600622743615281,0.0007600622663528144,0.0007600622743615281,8.387418752057524e-07,156.0,0.0,0.0,0.0,0.0,59,60,1.0,0.001027671978038268,0.16947700635631144,0.006961283321216064,-0.0,0.1688115921383393,0.007744439508043191,0.0
963,3.3589999999999183,control,27.9223999241367,0.0007602051047814924,0.0007602050974112709,0.0007602051047814924,8.368753614332458e-07,156.0,0.0,0.0,0.0,0.0,59,60,1.0,0.001027671092351345,0.16947700719083758,0.006961277822182177,-0.0,0.16881159485519404,0.0077444344461265885,0.0
964,3.359999999999918,control,22.455699974671006,0.0007603395957389142,0.0007603395866737629,0.0007603395957389142,8.37596182655936e-07,154.0,0.0,0.0,0.0,0.0,59,60,1.0,0.0010276702085212199,0.16947700801569665,0.006961272072730675,-0.0,0.16881159790605182,0.007744429428224772,0.0
965,3.360999999999918,control,21.97550004348159,0.0007604641343795317,99.99923956690812,99.99923956690812,8.397590322759466e-07,196.0,0.0,0.0,0.0,0.0,59,60,1.0,0.0010271230980723315,0.16947701858394754,0.006961123752176077,-0.0,0.16881331070409825,0.007745007486424763,0.0
966,3.361999999999918,control,21.527200005948544,0.0007589879281410958,199.80876485317614,199.80876485317614,8.39419926095103e-07,181.0,0.0,0.0,0.0,0.0,59,60,1.0,0.0010254167940708574,0.1694770429115675,0.006960790499395701,-0.0,0.16881820159789876,0.007746543466278925,0.0
967,3.362999999999918,control,22.095999913290143,0.0007564067180593179,299.27434566995214,299.27434566995214,8.385546074718896e-07,176.0,0.0,0.0,0.0,0.0,59,60,1.0,0.0010220547115675168,0.1694770842430027,0.006960229442813918,-0.0,0.16882745633517976,0.007749266460205972,0.0
968,3.3639999999999177,control,21.635300014168024,0.0007529310386184383,398.27269214095264,398.27269214095264,8.399357449468624e-07,169.0,0.0,0.0,0.0,0.0,59,60,1.0,0.0010167446695579915,0.1694771439993579,0.006959421610926742,-0.0,0.16884204793500174,0.007753413243196191,0.0
969,3.3649999999999176,control,23.641700041480362,0.0007487307796266328,496.705122985538,496.705122985538,6.206590143474907e-07,398.0,0.0,0.0,0.0,0.0,59,60,1.0,0.0010093983263140254,0.16947722233549228,0.006958357166573308,-0.0,0.16886281540176407,0.0077592248840849115,0.0
970,3.3659999999999175,control,22.083100047893822,0.0007438667472591667,594.4930193339484,594.4930193339484,5.631791648518614e-07,252.0,0.0,0.0,0.0,0.0,59,60,1.0,0.0010000745855923393,0.16947731972691563,0.006957019661277414,-0.0,0.16889035297212518,0.007766722820168659,0.0
971,3.3669999999999174,control,21.595300058834255,0.0007384953257116155,691.5741146678566,691.5741146678566,7.791718832850528e-07,173.0,0.0,0.0,0.0,0.0,59,60,1.0,0.0009891595513024799,0.16947743691181488,0.006955409706455626,-0.0,0.16892510045811085,0.007775995509307817,0.0
972,3.3679999999999173,control,21.805499913170934,0.0007327321755511872,787.8994676602356,787.8994676602356,8.385433322345291e-07,162.0,0.0,0.0,0.0,0.0,59,60,1.0,0.0009773359296209763,0.16947757308606606,0.006953532681930004,-0.0,0.16896741840038898,0.007787155927773001,0.0
973,3.368999999999917,control,21.348900045268238,0.0007266453396831353,883.4309918984055,883.4309918984055,8.364864562504852e-07,187.0,0.0,0.0,0.0,0.0,59,60,1.0,0.0009655714328331283,0.1694777254835863,0.0069513979404917745,-0.0,0.16901761284271513,0.007800294017531817,0.0
974,3.369999999999917,control,21.374700008891523,0.0007203239065586053,978.1394400911889,978.1394400911889,8.379503687137217e-07,210.0,0.0,0.0,0.0,0.0,59,60,0.9945859563311056,0.000954683310677208,0.16947789709926098,0.006949001594188053,-0.0,0.16904927788546778,0.007802058329260754,0.0
975,3.370999999999917,control,20.789700094610453,0.0007138042526082834,1072.0027593689276,1072.0027593689276,8.383954797987411e-07,168.0,0.0,0.0,0.0,0.0,59,60,0.9818266423687545,0.000947946214209239,0.16947816531799764,0.006945473925119164,-0.0,0.16905195126706044,0.007792199150807713,0.0
976,3.371999999999917,control,20.499899983406067,0.0007071863394080663,1165.0047491130786,1165.0047491130786,8.311113092249033e-07,66.0,0.0,0.0,0.0,0.0,59,60,0.9671008825891437,0.0009471061347846344,0.1694785526504331,0.006940489434105194,-0.0,0.1690518473958564,0.007786026338245593,0.0
977,3.3729999999999167,control,21.155500086024404,0.0007004826947943301,1257.1339660915455,1257.1339660915455,7.478736098342736e-07,290.0,0.0,0.0,0.0,0.0,59,60,0.9506966877028414,0.0009466885301506083,0.1694789753378255,0.006934996296078352,-0.0,0.16905146497774598,0.007779658397242719,0.0
978,3.3739999999999166,control,20.96729993354529,0.0006937384670429221,1348.3828309218325,1348.3828309218325,8.69564082557225e-07,197.0,0.0,0.0,0.0,0.0,59,60,0.9326481389122704,0.0009462341595397876,0.16947943374206198,0.006929029783452634,-0.0,0.16905100162036263,0.007772715152400182,0.0
979,3.3749999999999165,control,20.578499999828637,0.0006869899135064428,1438.7468992112915,1438.7468992112915,2.9806973000031244e-07,222.0,0.0,0.0,0.0,0.0,59,60,0.9129388670261323,0.0009457981594280447,0.1694799260517302,0.006922602838566349,-0.0,0.16905043675450357,0.007765261192791385,0.0
980,3.3759999999999164,control,19.739100011065602,0.0006802499609221492,1528.2242669270943,1528.2242669270943,4.4940814370249767e-07,198.0,0.0,0.0,0.0,0.0,59,60,0.8915631517966055,0.0009453698885680225,0.16948045113653143,0.006915722367865937,-0.0,0.16904977689486214,0.007757294660526348,0.0
981,3.3769999999999163,control,18.70250003412366,0.0006735308938977322,1616.8150852876024,1616.8150852876024,7.586893568275833e-07,45.0,0.0,0.0,0.0,0.0,59,60,0.8685180155318638,0.0009449384748284205,0.16948100656623577,0.006908398750613333,-0.0,0.1690490251490483,0.007748815775914321,0.0
982,3.377999999999916,control,22.880899952724576,0.0006667440756953888,1704.5211651835305,1704.5211651835305,5.362136953308791e-07,199.0,0.0,0.0,0.0,0.0,59,60,0.8437907422444215,0.0009445500724295313,0.16948158917482564,0.0069006545556683715,-0.0,0.16904816825692523,0.0077398929885663156,0.0
983,3.378999999999916,control,21.916600060649216,0.000660006932953456,1791.345654152182,1791.345654152182,6.029207996206381e-07,140.0,0.0,0.0,0.0,0.0,59,60,0.8174113802126798,0.0009440995618556547,0.16948220428626073,0.006892477715433272,-0.0,0.16904724304550098,0.007730411305721173,0.0
984,3.379999999999916,control,23.703700047917664,0.0006533286100687142,1877.2927735107228,1877.2927735107228,6.453399490630693e-07,137.0,0.0,0.0,0.0,0.0,59,60,0.7893707932871517,0.0009436711417698635,0.16948284991673748,0.00688387088620056,-0.0,0.16904621605085546,0.007720450882957688,0.0
985,3.380999999999916,control,24.568299995735288,0.000646711372770469,1862.3676036625827,1862.3676036625827,6.308960419523505e-07,139.0,0.0,0.0,0.0,0.0,59,60,0.7600356967995625,0.0009433017324168944,0.16948351444219195,0.006874975369069145,-0.0,0.16904507476400563,0.007710193189145193,0.0
986,3.3819999999999157,control,21.08899992890656,0.0006401613640451678,1846.766385321666,1846.766385321666,7.190138496010901e-07,141.0,0.0,0.0,0.0,0.0,59,60,0.7297070858865918,0.0009429828983580628,0.169484188476611,0.006865908177283838,-0.0,0.1690438273305659,0.007699753970970897,0.0
987,3.3829999999999156,control,19.670199952088296,0.0006336836225138042,1930.648893938045,1930.648893938045,7.17679971561748e-07,55.0,0.0,0.0,0.0,0.0,59,60,0.6982724722768787,0.0009426357694855001,0.16948487564582032,0.00685662628730024,-0.0,0.16904250679081623,0.0076890156132985304,0.0
988,3.3839999999999155,control,20.578700001351535,0.0006272427852766481,2013.9546744407937,2013.9546744407937,7.373427734066954e-07,151.0,0.0,0.0,0.0,0.0,59,60,0.6656110335616756,0.0009423249622551568,0.16948557488963886,0.006847099335163467,-0.0,0.1690410924943231,0.007678009519686158,0.0
989,3.3849999999999154,control,19.288500072434545,0.0006208768502119618,2096.636000624335,2096.636000624335,7.405130894549147e-07,104.0,0.0,0.0,0.0,0.0,59,60,0.6316776999261822,0.0009419381493010858,0.16948629602486873,0.006837281035869982,-0.0,0.16903962626712687,0.007666578090385184,0.0
990,3.3859999999999153,control,18.562000012025237,0.0006145848015852959,2178.6555173640377,2178.6555173640377,7.497539304081027e-07,135.0,0.0,0.0,0.0,0.0,59,60,0.5963945290393909,0.0009415657309461661,0.16948703933003714,0.006827140308419212,-0.0,0.16903807053536424,0.0076547712932803075,0.0
991,3.386999999999915,control,18.758299993351102,0.0006083621422304909,2259.984316542715,2259.984316542715,7.497429236744085e-07,116.0,0.0,0.0,0.0,0.0,59,60,0.5597074691233385,0.0009411877610500314,0.16948780584387108,0.006816653547244707,-0.0,0.16903643549123518,0.007642546522339976,0.0
992,3.387999999999915,control,20.027299993671477,0.0006022111292215778,2340.6003670605855,2340.6003670605855,7.464980320854725e-07,181.0,0.0,0.0,0.0,0.0,59,60,0.5215764503443606,0.0009408069486404135,0.16948859685968254,0.0068058078692636165,-0.0,0.1690347205747816,0.007629891622661666,0.0
993,3.388999999999915,control,19.715099944733083,0.000596122870043792,2420.4872338089745,2420.4872338089745,7.497281692646182e-07,129.0,0.0,0.0,0.0,0.0,59,60,0.481970541720518,0.0009404194234872536,0.16948941394238634,0.006794567579209048,-0.0,0.16903292835152536,0.0076167656073071474,0.0
994,3.389999999999915,control,19.56769998650998,0.000590103038936262,2499.633032389338,2499.633032389338,6.985590514411687e-07,228.0,0.0,0.0,0.0,0.0,59,60,0.44086776480214024,0.0009400284426560835,0.1694902578414924,0.006782934177867318,-0.0,0.16903105706149157,0.007603170800220311,0.0
995,3.3909999999999147,control,18.574099987745285,0.0005841431145895311,2578.0295763065924,2578.0295763065924,6.032406174603338e-07,94.0,0.0,0.0,0.0,0.0,59,60,0.3982234838899563,0.0009396742406087182,0.16949112382491235,0.006770887539327614,-0.0,0.16902909405100253,0.007589127214779987,0.0
996,3.3919999999999146,control,18.240600009448826,0.0005782604634174442,2655.671681118457,2655.671681118457,7.182305441996251e-07,153.0,0.0,0.0,0.0,0.0,59,60,0.3540604798836112,0.0009392496661563614,0.16949202098806354,0.006758407210003337,-0.0,0.16902708148261608,0.007574508424099425,0.0
997,3.3929999999999145,control,18.150100018829107,0.0005724416003413035,2632.5565968268747,2632.5565968268747,7.183209527482539e-07,155.0,0.0,0.0,0.0,0.0,59,60,0.3087233554505442,0.0009388890089859262,0.1694929369857674,0.006745628781442489,-0.0,0.1690249570763811,0.007559574342033226,0.0
998,3.3939999999999144,control,18.030300037935376,0.000566692609441756,2608.8740209134266,2608.8740209134266,6.884354500127913e-07,102.0,0.0,0.0,0.0,0.0,59,60,0.2624981804801791,0.0009385877206538664,0.16949386077270892,0.006732673498133138,-0.0,0.16902272675504054,0.007544449111685228,0.0
999,3.3949999999999143,control,17.86240004003048,0.0005610221263193482,2584.7782376123373,2584.7782376123373,7.181938322873765e-07,150.0,0.0,0.0,0.0,0.0,59,60,0.21562535586275364,0.0009383225743344296,0.1694947857362836,0.006719633661232337,-0.0,0.16902040354582235,0.00752920811171776,0.0
1000,3.395999999999914,control,18.136800033971667,0.0005554288229922328,2660.394636878215,2660.394636878215,5.823140915310397e-07,104.0,0.0,0.0,0.0,0.0,59,60,0.1679221934065294,0.0009380424728667588,0.16949571643404368,0.006706440540827711,-0.0,0.16901801507757613,0.007513735465208541,0.0
1001,3.396999999999914,control,20.692900056019425,0.0005499104999607187,2735.634558067141,2735.634558067141,6.668385225653629e-07,101.0,0.0,0.0,0.0,0.0,59,60,0.11925255769857879,0.0009377136687707108,0.16949666285816878,0.006692998774927177,-0.0,0.16901557698544192,0.0074978983386381195,0.0
1002,3.397999999999914,control,25.113999960012734,0.0005444578880870695,2810.427114260619,2810.427114260619,6.890422736841629e-07,181.0,0.0,0.0,0.0,0.0,59,60,0.06948928328059115,0.0009373730988496154,0.1694976293378817,0.006679247875362829,-0.0,0.16901307280501376,0.00748166503177334,0.0
1003,3.398999999999914,control,24.10750009585172,0.000539060495631612,2884.715907959682,2884.715907959682,6.826657536533785e-07,121.0,0.0,0.0,0.0,0.0,59,60,0.018530349688806656,0.0009370187424634055,0.1694986194541491,0.006665124376601663,-0.0,0.16901050534350182,0.007464967322882191,0.0
1004,3.3999999999999138,control,30.56819993071258,0.0005337227697228148,2958.4563510042053,2958.4563510042053,7.125535262706889e-07,129.0,0.0,0.0,0.0,0.0,58,59,0.9908772603949796,0.0009534697928023798,0.16949963630656173,0.00665058453336398,-0.0,0.16911951546218687,0.007525005936040262,0.0
1005,3.4009999999999136,control,25.47640004195273,0.0005284397617852575,3031.613477632668,3031.613477632668,1.4949458833324043e-06,501.0,0.0,0.0,0.0,0.0,58,59,0.941075026827255,0.0009383295682704698,0.16949998675413927,0.006644915662227314,-0.0,0.16912259750294342,0.007504008050607332,0.0
1006,3.4019999999999135,control,21.312600001692772,0.0005230810662154964,3104.1601600355766,3104.1601600355766,6.897312682042549e-07,128.0,0.0,0.0,0.0,0.0,58,59,0.8892746670043054,0.0009359362068301051,0.16950052861992482,0.006636636470292532,-0.0,0.16912059262853105,0.007491987407451753,0.0
1007,3.4029999999999134,control,22.61230000294745,0.000517441855866284,3176.075652126517,3176.075652126517,7.169822013607576e-07,133.0,0.0,0.0,0.0,0.0,58,59,0.8360227850884825,0.0009370297163767355,0.16950116638881713,0.006627238859073366,-0.0,0.1691171224361623,0.007481952221436638,0.0
1008,3.4039999999999133,control,22.728599957190454,0.0005118789181928248,3247.3444007175226,3247.3444007175226,7.181919552192678e-07,137.0,0.0,0.0,0.0,0.0,58,59,0.7815791313771872,0.0009366956027550008,0.16950184048469907,0.006617498311778956,-0.0,0.16911417345315008,0.007470207479590905,0.0
1009,3.404999999999913,control,20.412299898453057,0.0005063873991475342,3317.955076942665,3317.955076942665,6.45901041404798e-07,146.0,0.0,0.0,0.0,0.0,58,59,0.7257313219717927,0.0009365255835663165,0.1695025367433881,0.006607280916431985,-0.0,0.16911113183681944,0.007458093685370136,0.0
1010,3.405999999999913,control,21.949300076812506,0.0005009576441996327,3287.8997848727454,3287.8997848727454,7.163455113428012e-07,112.0,0.0,0.0,0.0,0.0,58,59,0.6688860279149244,0.0009362810105020928,0.16950326076344924,0.006596657727905847,-0.0,0.16910807822147492,0.007445452690865415,0.0
1011,3.406999999999913,control,22.394699975848198,0.0004956028990897204,3257.3638922790587,3257.3638922790587,7.192389477659202e-07,124.0,0.0,0.0,0.0,0.0,58,59,0.6113200751974748,0.0009360592180496264,0.16950400689025125,0.006585710522250175,-0.0,0.16910497052869738,0.007432455372753285,0.0
1012,3.407999999999913,control,21.59999997820705,0.0004903204482404334,3226.498021149892,3226.498021149892,7.179337166180649e-07,100.0,0.0,0.0,0.0,0.0,58,59,0.5532606192378414,0.0009358617753700326,0.16950476920642701,0.006574508306980811,-0.0,0.16910180689134105,0.007419173113409556,0.0
1013,3.4089999999999128,control,21.278500091284513,0.000485112337275657,3195.4244451983723,3195.4244451983723,7.196170258400351e-07,152.0,0.0,0.0,0.0,0.0,58,59,0.4948897360840129,0.0009356826327531489,0.16950554229598364,0.006563130792597429,-0.0,0.1690985875515327,0.007405680390665543,0.0
1014,3.4099999999999127,control,21.696200012229383,0.0004799725377519168,3164.242310640367,3164.242310640367,4.781000107060272e-07,160.0,0.0,0.0,0.0,0.0,58,59,0.4363396615965767,0.0009355446820816497,0.16950631748974765,0.006551648168987106,-0.0,0.16909530349394403,0.007392071483409543,0.0
1015,3.4109999999999125,control,20.660300040617585,0.0004749017845342595,3133.031896621033,3133.031896621033,6.153406880530289e-07,164.0,0.0,0.0,0.0,0.0,58,59,0.37775884343911187,0.0009353803037630159,0.1695070991055002,0.006540070616973905,-0.0,0.1690919799692249,0.007378290406388263,0.0
1016,3.4119999999999124,control,20.52889997139573,0.00046990072931619515,3101.858091972716,3101.858091972716,4.7018580467737905e-07,247.0,0.0,0.0,0.0,0.0,58,59,0.31923870372625723,0.000935238335942009,0.16950788409386436,0.006528424962322915,-0.0,0.1690885975609644,0.0073644091418049815,0.0
1017,3.4129999999999123,control,21.186299971304834,0.0004649693783932005,3070.7732324208264,3070.7732324208264,6.893336927101579e-07,156.0,0.0,0.0,0.0,0.0,58,59,0.26085245089173664,0.0009351103700215596,0.16950867015250587,0.006516724448894598,-0.0,0.1690851612921281,0.007350434020210288,0.0
1018,3.413999999999912,control,20.455299993045628,0.0004601152598081163,3039.819415867178,3039.819415867178,6.472983763018651e-07,86.0,0.0,0.0,0.0,0.0,58,59,0.2026469353645261,0.0009350230588122245,0.16950945168827325,0.006505011872819721,-0.0,0.1690816637554944,0.007336435714839768,0.0
1019,3.414999999999912,control,20.66829998511821,0.00045533964327997456,3009.0303917783162,3009.0303917783162,6.884766612415401e-07,203.0,0.0,0.0,0.0,0.0,58,59,0.14468548928341382,0.0009349204236136152,0.169510231547436,0.006493294520250681,-0.0,0.16907812813452217,0.0073223680025416545,0.0
1020,3.415999999999912,control,19.68429994303733,0.00045063319266770696,2978.433102986161,2978.433102986161,6.898214414659254e-07,84.0,0.0,0.0,0.0,0.0,58,59,0.08699755528328694,0.0009348339123409868,0.1695110069867442,0.00648158449055811,-0.0,0.16907454160835986,0.007308272108183149,0.0
1021,3.416999999999912,control,26.957000023685396,0.0004460022698134514,2948.0489438108293,2948.0489438108293,6.889757209507733e-07,138.0,0.0,0.0,0.0,0.0,58,59,0.02962460679588157,0.0009347336255565044,0.16951178088348576,0.006469887142132994,-0.0,0.16907091684571227,0.007294123668224905,0.0
1022,3.4179999999999118,control,27.344300062395632,0.0004414389053913979,2917.8947867646802,2917.8947867646802,7.185540851996084e-07,132.0,0.0,0.0,0.0,0.0,57,58,0.9936811395442647,0.0009460685765058974,0.16951255287332756,0.0064581995274902914,-0.0,0.16916736897639958,0.007339047884901209,0.0
1023,3.4189999999999117,control,32.453799969516695,0.00043694281575236497,2887.983820304488,2887.983820304488,7.198032405664648e-07,501.0,0.0,0.0,0.0,0.0,57,58,0.9398612242822565,0.000936351250331412,0.1695127209629415,0.006454678787964473,-0.0,0.16916727335046589,0.007324977363760211,0.0
1024,3.4199999999999116,control,22.679300047457218,0.0004322356593031639,2858.326232737681,2858.326232737681,3.9475516289610887e-07,84.0,0.0,0.0,0.0,0.0,57,58,0.8860135654728919,0.0009359305984548552,0.169513025266061,0.006449408428191099,-0.0,0.1691637878720903,0.007317739774957196,0.0
1025,3.4209999999999114,control,21.037900005467236,0.00042758575211909635,2828.929769214688,2828.929769214688,5.030462748709875e-07,84.0,0.0,0.0,0.0,0.0,57,58,0.8325721784823422,0.0009359251816727477,0.16951334589013006,0.006443954268915765,-0.0,0.16916014328873835,0.007310674447554346,0.0
1026,3.4219999999999113,control,23.674400057643652,0.00042296174130487146,2799.800187736422,2799.800187736422,6.884314344701116e-07,87.0,0.0,0.0,0.0,0.0,57,58,0.7795669686473005,0.0009359333146640286,0.16951367718571622,0.006438400167336141,-0.0,0.16915648544748896,0.007303492781823273,0.0
1027,3.4229999999999112,control,24.462300003506243,0.0004183684588731946,2770.941630197065,2770.941630197065,7.197397719040598e-07,165.0,0.0,0.0,0.0,0.0,57,58,0.7270023871100237,0.0009359423347247216,0.1695140182301238,0.00643275636592996,-0.0,0.16915281810100036,0.00729619282604221,0.0
1028,3.423999999999911,control,24.575900053605437,0.0004138050344398436,2742.3569254379195,2742.3569254379195,7.186364558382444e-07,136.0,0.0,0.0,0.0,0.0,57,58,0.6748803169843949,0.000935949761688175,0.16951436849663476,0.006427012157399299,-0.0,0.16914914166229156,0.00728876114398402,0.0
1029,3.424999999999911,control,22.53499999642372,0.0004092816044412317,2714.0478364497408,2714.0478364497408,6.261534296598273e-07,91.0,0.0,0.0,0.0,0.0,57,58,0.6232020904661714,0.0009359568164377843,0.16951472727356426,0.0064211642507864455,-0.0,0.16914545535527487,0.007281195304062561,0.0
1030,3.425999999999911,control,21.80170000065118,0.0004048089501631845,2686.0152620723525,2686.0152620723525,6.68881121054855e-07,93.0,0.0,0.0,0.0,0.0,57,58,0.5719661677721384,0.0009359651865035956,0.16951509410005694,0.006415207897519967,-0.0,0.16914175848806728,0.007273491854708391,0.0
1031,3.426999999999911,control,20.59430000372231,0.00040039001667918893,2658.259401537138,2658.259401537138,7.176571855472465e-07,130.0,0.0,0.0,0.0,0.0,57,58,0.5211707232760063,0.000935974467569729,0.16951546828914182,0.0064091556651144875,-0.0,0.16913805063884035,0.0072656625951409495,0.0
1032,3.4279999999999107,control,20.72790008969605,0.0003960231934908919,2630.7798886771393,2630.7798886771393,7.19596429151778e-07,168.0,0.0,0.0,0.0,0.0,57,58,0.47081092439225947,0.0009359799349819345,0.16951584917942747,0.0064030141567773535,-0.0,0.16913433218994878,0.007257708970981758,0.0
1033,3.4289999999999106,control,20.19559999462217,0.00039170817432395794,2603.5759013913016,2603.5759013913016,7.190737759981432e-07,130.0,0.0,0.0,0.0,0.0,57,58,0.42088169484301013,0.0009359812111016842,0.1695162365821647,0.006396771478189605,-0.0,0.1691306024961297,0.007249617993820255,0.0
1034,3.4299999999999105,control,20.914699998684227,0.0003874521753046407,2576.6462509168755,2576.6462509168755,7.194694988564923e-07,139.0,0.0,0.0,0.0,0.0,57,58,0.3713834467729721,0.0009359874842152848,0.16951663049771026,0.006390438220959084,-0.0,0.16912685908854205,0.007241408737018651,0.0
1035,3.4309999999999103,control,21.221900009550154,0.0003832542792659969,2549.9894546468945,2549.9894546468945,7.187713600704465e-07,140.0,0.0,0.0,0.0,0.0,57,58,0.32231183905124394,0.0009359949076786329,0.16951703058834086,0.006384011247556966,-0.0,0.16912310364173228,0.007233074276981736,0.0
1036,3.4319999999999102,control,21.261400077492,0.00037911580673264246,2523.6037954751964,2523.6037954751964,7.187780864573475e-07,171.0,0.0,0.0,0.0,0.0,57,58,0.27366149048960825,0.0009359990636184725,0.16951743640811856,0.006377494272908971,-0.0,0.16911933665312448,0.007224613409847991,0.0
1037,3.43299999999991,control,21.69240009970963,0.0003750360812454958,2497.487370184161,2497.487370184161,7.196551685799478e-07,163.0,0.0,0.0,0.0,0.0,57,58,0.22542543276764357,0.0009360122389181537,0.16951784696444713,0.006370887568913101,-0.0,0.1691155546069735,0.00721603830725679,0.0
1038,3.43399999999991,control,21.624699933454394,0.0003710189137615543,2471.638128868067,2471.638128868067,7.184699522696443e-07,117.0,0.0,0.0,0.0,0.0,57,58,0.17759280620498794,0.0009360358419370448,0.1695182606336205,0.006364192916251985,-0.0,0.1691117584597167,0.007207353090834662,0.0
1039,3.43499999999991,control,21.43020008224994,0.00036706855541229386,2446.053907060821,2446.053907060821,7.199089990179163e-07,140.0,0.0,0.0,0.0,0.0,57,58,0.13016754165061875,0.0009360439519392067,0.16951867957359082,0.006357411153026345,-0.0,0.16910795756698443,0.007198532852455859,0.0
1040,3.43599999999991,control,21.30100002977997,0.00036318246364058554,2420.732451905237,2420.732451905237,7.197535781665396e-07,143.0,0.0,0.0,0.0,0.0,57,58,0.083143194583517,0.0009360507110989365,0.16951910396067493,0.006350539722556922,-0.0,0.16910414596579418,0.007189587275579615,0.0
1041,3.4369999999999097,control,21.33050002157688,0.00035935965586266107,2395.6714434418154,2395.6714434418154,7.199334329429123e-07,142.0,0.0,0.0,0.0,0.0,57,58,0.03651366065317264,0.0009360576661230505,0.1695195336129464,0.006343580282221506,-0.0,0.16910032312143072,0.0071805190602160065,0.0
1042,3.4379999999999096,control,32.219900051131845,0.0003555994507315319,2370.8685119379097,2370.8685119379097,7.188973541290915e-07,143.0,0.0,0.0,0.0,0.0,56,57,1.0,0.0009375905840955487,0.1695199683386121,0.006336534830412987,-0.0,0.1691441705526608,0.0071955180243456285,0.0
1043,3.4389999999999095,control,28.453700011596084,0.0003519011645853684,2346.32125197715,2346.32125197715,2.3315862466181944e-07,344.0,0.0,0.0,0.0,0.0,56,57,0.9646272207197885,0.0009419851025240403,0.16952010991069372,0.00633333858803465,-0.0,0.1691855689196216,0.007213916954036063,0.0
1044,3.4399999999999094,control,26.166799943894148,0.00034802590023094704,2322.027234144729,2322.027234144729,2.282256610733939e-07,217.0,0.0,0.0,0.0,0.0,56,57,0.9210073750735326,0.000937465645916557,0.16952013135998253,0.006331785076648729,-0.0,0.16918366282065084,0.007206788367678964,0.0
1045,3.4409999999999092,control,22.268099943175912,0.0003440986894287588,2297.9840137145266,2297.9840137145266,4.1248422441152156e-07,64.0,0.0,0.0,0.0,0.0,56,57,0.8776173911146709,0.000937296572463792,0.1695202317607541,0.006329269592020835,-0.0,0.16918022164861202,0.00720272135851599,0.0
1046,3.441999999999909,control,21.438300027512014,0.0003401783627878578,2274.1891386122315,2274.1891386122315,5.599709474706468e-07,123.0,0.0,0.0,0.0,0.0,56,57,0.8346261626845394,0.0009373472835079623,0.16952034886956568,0.006326571844062274,-0.0,0.16917671065493073,0.007198657107865221,0.0
1047,3.442999999999909,control,20.740299951285124,0.0003362857452062773,2250.6401554842932,2250.6401554842932,6.830314996030823e-07,125.0,0.0,0.0,0.0,0.0,56,57,0.7920393185964452,0.0009374014348754373,0.1695204795656509,0.006323725147575505,-0.0,0.16917320561437438,0.007194427308403953,0.0
1048,3.443999999999909,control,20.98410006146878,0.0003324258813610471,2227.334614601532,2227.334614601532,7.19542588064211e-07,140.0,0.0,0.0,0.0,0.0,56,57,0.7498522160296328,0.0009374539000513346,0.1695206230166515,0.006320735062286472,-0.0,0.16916970730634243,0.0071900324676545885,0.0
1049,3.444999999999909,control,20.947600016370416,0.00032860179269026383,2204.2700738175004,2204.2700738175004,7.174250395939875e-07,128.0,0.0,0.0,0.0,0.0,56,57,0.7080599608501967,0.000937503644509187,0.169520778663618,0.006317597333883997,-0.0,0.16916621533489,0.007185467099107636,0.0
1050,3.4459999999999087,control,21.35480009019375,0.0003248193420915888,2181.4441017568624,2181.4441017568624,7.195006275074101e-07,138.0,0.0,0.0,0.0,0.0,56,57,0.6666576058041382,0.0009375528918251111,0.16952094569411955,0.006314320084700996,-0.0,0.16916272806969965,0.007180741205475757,0.0
1051,3.4469999999999086,control,22.12340000551194,0.0003210799429574668,2158.8542803812647,2158.8542803812647,5.874757016420655e-07,126.0,0.0,0.0,0.0,0.0,56,57,0.6256403282526516,0.0009376043932165426,0.16952112295492944,0.006310907999084379,-0.0,0.1691592444936739,0.00717586232010849,0.0
1052,3.4479999999999085,control,20.522200036793947,0.0003173909697665784,2136.4982070196647,2136.4982070196647,4.4547001409079656e-07,123.0,0.0,0.0,0.0,0.0,56,57,0.5850040145541054,0.0009376482178653528,0.16952131105059445,0.006307336514175328,-0.0,0.16915576737529944,0.007170795836852366,0.0
1053,3.4489999999999084,control,21.765199955552816,0.00031375679947518825,2114.3734959962694,2114.3734959962694,5.062180360926675e-07,127.0,0.0,0.0,0.0,0.0,56,57,0.5447437605340723,0.0009376895328403528,0.1695215090656706,0.006303619774519355,-0.0,0.16915229322889933,0.00716556021670527,0.0
1054,3.4499999999999083,control,20.352100022137165,0.00031017786346149054,2092.477779906825,2092.477779906825,6.733070704162921e-07,129.0,0.0,0.0,0.0,0.0,56,57,0.5048555609829054,0.0009377314783908259,0.16952171660451956,0.006299763273960471,-0.0,0.16914882076273938,0.007160163771838111,0.0
1055,3.450999999999908,control,20.579800009727478,0.00030665381268200534,2070.8087106103203,2070.8087106103203,7.174938198174089e-07,128.0,0.0,0.0,0.0,0.0,56,57,0.4653343840155086,0.0009377712433476253,0.16952193329983956,0.006295770313674633,-0.0,0.1691453505087036,0.007154606914123176,0.0
1056,3.451999999999908,control,20.601400057785213,0.0003031850005257153,2049.363959994407,2049.363959994407,7.194329585485866e-07,149.0,0.0,0.0,0.0,0.0,56,57,0.4261716832039004,0.0009378084307843361,0.16952215831338416,0.006291651912213821,-0.0,0.16914188161192334,0.007148899999511925,0.0
1057,3.452999999999908,control,20.35450004041195,0.0002997705716645227,2028.1412205585927,2028.1412205585927,6.50089006252349e-07,123.0,0.0,0.0,0.0,0.0,56,57,0.38736320830681026,0.0009378426485920634,0.16952239146542766,0.006287406155477011,-0.0,0.16913841353628536,0.0071430402965967825,0.0
1058,3.453999999999908,control,20.39439999498427,0.0002964116306189441,2007.1382058411455,2007.1382058411455,7.195963077972589e-07,129.0,0.0,0.0,0.0,0.0,56,57,0.34890764447145844,0.0009378798014328497,0.1695226326106698,0.006283045209777711,-0.0,0.1691349444828461,0.007137045465913669,0.0
1059,3.4549999999999077,control,20.736200036481023,0.00029310660838678443,1986.3526507311835,1986.3526507311835,7.189508931835973e-07,146.0,0.0,0.0,0.0,0.0,56,57,0.3108002439355762,0.0009379165624391419,0.16952288138569915,0.006278569527385004,-0.0,0.16913147556416766,0.007130912745208032,0.0
1060,3.4559999999999076,control,19.987299921922386,0.0002898556631261086,1965.7823116716445,1965.7823116716445,7.159338613150881e-07,124.0,0.0,0.0,0.0,0.0,56,57,0.2730361279694844,0.0009379511846342971,0.16952313762483154,0.006273972355133758,-0.0,0.16912800738633638,0.0071246335799369336,0.0
1061,3.4569999999999075,control,22.580799995921552,0.0002866625725628803,1945.4249667839665,1945.4249667839665,7.159948003771583e-07,123.0,0.0,0.0,0.0,0.0,56,57,0.23561071118275775,0.0009379859539194648,0.16952340091323548,0.00626925970991456,-0.0,0.16912453886235296,0.007118215959739013,0.0
1062,3.4579999999999074,control,22.19299995340407,0.000283527332671798,1925.2784159365226,1925.2784159365226,6.684637163317609e-07,132.0,0.0,0.0,0.0,0.0,56,57,0.19851204335049888,0.0009380354786627183,0.16952366882856218,0.006264447700918278,-0.0,0.16912106555743478,0.0071116909749001445,0.0
1063,3.4589999999999073,control,26.37540001887828,0.00028044911371066604,1905.3404807493841,1905.3404807493841,6.512848283357755e-07,127.0,0.0,0.0,0.0,0.0,56,57,0.16173944095426193,0.0009380774446160859,0.16952394223688963,0.006259530003118142,-0.0,0.16911759621190484,0.007105031156326405,0.0
1064,3.459999999999907,control,27.47919992543757,0.00027743120489527427,1885.6090045541262,1885.6090045541262,7.196840182396004e-07,137.0,0.0,0.0,0.0,0.0,56,57,0.12529155672173697,0.00093811277582833,0.16952422190957045,0.0062545081810965065,-0.0,0.16911412969269485,0.007098237968309444,0.0
1065,3.460999999999907,control,21.2341999867931,0.00027447262474592025,1866.0818523326059,1866.0818523326059,7.184396599293895e-07,175.0,0.0,0.0,0.0,0.0,56,57,0.08916464995844699,0.0009381464107952277,0.16952450768949864,0.006249391599028856,-0.0,0.1691106636337014,0.0070913249607441695,0.0
1066,3.461999999999907,control,20.13339998666197,0.00027157123360536993,1846.756910616254,1846.756910616254,5.921441966868349e-07,183.0,0.0,0.0,0.0,0.0,56,57,0.05334654777939669,0.0009381894125825503,0.16952479701108197,0.006244185440674556,-0.0,0.16910719300111354,0.007084308208334306,0.0
1067,3.462999999999907,control,20.87310003116727,0.00026872838524632646,1827.632087361479,1827.632087361479,6.671302098597365e-07,152.0,0.0,0.0,0.0,0.0,56,57,0.017849717777924285,0.0009381991163114147,0.16952509444465086,0.0062388695065650505,-0.0,0.16910373345391355,0.0070771251342421895,0.0
1068,3.4639999999999067,control,20.721100037917495,0.0002659430344451595,1808.7053118179879,1808.7053118179879,7.492243855603396e-07,174.0,0.0,0.0,0.0,0.0,55,56,1.0,0.0009430409208614974,0.169525399110882,0.006233452093194597,-0.0,0.1691852123958373,0.007112996962616509,0.0
1069,3.4649999999999066,control,21.422300022095442,0.0002632125821240555,1789.9745343764148,1789.9745343764148,7.135039603111985e-07,383.0,0.0,0.0,0.0,0.0,55,56,0.967371944592333,0.0009397367146011615,0.16952538515336157,0.006232232190404385,-0.0,0.16918788192537634,0.0071092707664481836,0.0
1070,3.4659999999999065,control,19.34100000653416,0.00026028465209983236,1771.4377266541535,1771.4377266541535,7.190274989518572e-07,134.0,0.0,0.0,0.0,0.0,55,56,0.9340621275432658,0.0009391619695530222,0.16952542196666395,0.006230381420782229,-0.0,0.16918505682706725,0.0071056966650239976,0.0
1071,3.4669999999999064,control,20.097499946132302,0.000257349949866883,1753.0928806292657,1753.0928806292657,2.676901530237803e-07,180.0,0.0,0.0,0.0,0.0,55,56,0.9010447921994454,0.0009392047738651844,0.16952547860861117,0.006228307912750829,-0.0,0.1691820240548792,0.007102461547286501,0.0
1072,3.4679999999999063,control,21.349100046791136,0.0002544040745068894,1734.9380091029248,1734.9380091029248,2.6776333331266546e-07,175.0,0.0,0.0,0.0,0.0,55,56,0.8683420585544831,0.000939274125514969,0.1695255460616579,0.006226118447495901,-0.0,0.16917899465024805,0.00709912360332933,0.0
1073,3.468999999999906,control,19.980599987320602,0.00025145509488779563,1716.971145307559,1716.971145307559,3.157228913022298e-07,177.0,0.0,0.0,0.0,0.0,55,56,0.8359520588775424,0.0009393420454687771,0.16952562340813032,0.00622382019803808,-0.0,0.16917597764393832,0.007095663829641856,0.0
1074,3.469999999999906,control,21.09510009177029,0.000248512406245835,1699.1903427313837,1699.1903427313837,3.29791324254049e-07,189.0,0.0,0.0,0.0,0.0,55,56,0.8038714240875321,0.0009394081019335336,0.16952571007205194,0.006221415723689703,-0.0,0.1691729723249217,0.007092084239100619,0.0
1075,3.470999999999906,control,19.762400072067976,0.00024558370354920415,1681.5936749319624,1681.5936749319624,6.693008782137739e-07,161.0,0.0,0.0,0.0,0.0,55,56,0.7720967930978925,0.0009394718263822188,0.1695258056501641,0.006218900453823412,-0.0,0.1691699782444019,0.0070883797059476256,0.0
1076,3.471999999999906,control,20.59289999306202,0.00024267776110122386,1664.1792353421495,1664.1792353421495,6.059818828868609e-07,163.0,0.0,0.0,0.0,0.0,55,56,0.7406247644079818,0.0009395347065412869,0.16952590956018304,0.006216280037655304,-0.0,0.1691669941951658,0.007084557197063608,0.0
1077,3.4729999999999057,control,20.081199938431382,0.00023979920866298846,1646.9451370831196,1646.9451370831196,5.27281957056132e-07,164.0,0.0,0.0,0.0,0.0,55,56,0.7094520405248044,0.0009395959961690758,0.1695260213815755,0.00621355686507154,-0.0,0.16916401984652046,0.007080618295787242,0.0
1078,3.4739999999999056,control,20.82249999511987,0.0002369521726086511,1629.8895127678386,1629.8895127678386,4.577372314751139e-07,165.0,0.0,0.0,0.0,0.0,55,56,0.6785752869066933,0.0009396560756308314,0.1695261406957897,0.006210733991868105,-0.0,0.1691610545277814,0.007076566325752073,0.0
1079,3.4749999999999055,control,20.724400063045323,0.00023413996602781906,1613.0105143085655,1613.0105143085655,4.3732951448311715e-07,163.0,0.0,0.0,0.0,0.0,55,56,0.6479920492426021,0.000939713932219517,0.16952626712475988,0.006207815952053938,-0.0,0.16915809780077773,0.0070724046538572834,0.0
1080,3.4759999999999054,control,20.663499948568642,0.00023136499256960763,1596.306312724447,1596.306312724447,3.4059978720178626e-07,158.0,0.0,0.0,0.0,0.0,55,56,0.6176990979947278,0.0009397678534159216,0.1695264001899165,0.006204798740044804,-0.0,0.16915514907565693,0.007068127315081564,0.0
1081,3.4769999999999053,control,24.714000057429075,0.0002286341344198454,1579.775097944191,1579.775097944191,6.074688047968745e-07,158.0,0.0,0.0,0.0,0.0,55,56,0.5876943514271131,0.0009398207638065885,0.16952654016335295,0.006201674719502165,-0.0,0.16915220746300322,0.007063729298708656,0.0
1082,3.477999999999905,control,23.934800061397254,0.00022594967258729405,1563.4150786242901,1563.4150786242901,4.601614061144903e-07,158.0,0.0,0.0,0.0,0.0,55,56,0.557974353989902,0.0009398726392292828,0.16952668665581394,0.006198450084262433,-0.0,0.16914927254592144,0.007059216700498139,0.0
1083,3.478999999999905,control,24.783700006082654,0.0002233113846125096,1547.224481957041,1547.224481957041,5.92508183475001e-07,157.0,0.0,0.0,0.0,0.0,55,56,0.5285355701182093,0.0009399235371769871,0.16952683933374404,0.0061951318757782516,-0.0,0.16914634392149752,0.007054596532991477,0.0
1084,3.479999999999905,control,27.634199941530824,0.00022071831588565805,1531.20155348006,1531.20155348006,5.467657500289017e-07,158.0,0.0,0.0,0.0,0.0,55,56,0.4993742114192189,0.0009399736894591404,0.16952699787411935,0.006191725015523089,-0.0,0.169143421254271,0.007049873903293244,0.0
1085,3.480999999999905,control,21.960699930787086,0.00021817009101352883,1515.3445568876284,1515.3445568876284,5.807483926175799e-07,158.0,0.0,0.0,0.0,0.0,55,56,0.4704866424516811,0.0009400232230507493,0.1695271619495987,0.006188234625869253,-0.0,0.16914050429469907,0.0070450540454567445,0.0
1086,3.4819999999999047,control,21.408400032669306,0.00021566662583900098,1499.6517738451469,1499.6517738451469,4.780265323602129e-07,162.0,0.0,0.0,0.0,0.0,55,56,0.44186783929245904,0.0009400723724623541,0.16952733109028717,0.006184667644294201,-0.0,0.16913759290659527,0.007040144244581749,0.0
1087,3.4829999999999046,control,20.954800071194768,0.00021320868376407338,1484.1215038042212,1484.1215038042212,4.994056746880132e-07,158.0,0.0,0.0,0.0,0.0,55,56,0.41351156688408247,0.0009401183225636696,0.16952750475028858,0.006181022990273668,-0.0,0.1691346871425048,0.007035140539229871,0.0
1088,3.4839999999999045,control,21.3590000057593,0.00021079638248846518,1468.7520638213755,1468.7520638213755,4.6743899585098845e-07,257.0,0.0,0.0,0.0,0.0,55,56,0.3854198860329432,0.0009401674960748852,0.16952768302035573,0.006177327867616127,-0.0,0.16913178535386392,0.007030076340697174,0.0
1089,3.4849999999999044,control,22.855799994431436,0.00020842371789786096,1453.5417883826522,1453.5417883826522,2.4797553505245535e-07,260.0,0.0,0.0,0.0,0.0,55,56,0.3575846739480402,0.0009402147915848297,0.16952786428058952,0.006173561793415796,-0.0,0.16912888738292434,0.007024926162792602,0.0
1090,3.4859999999999043,control,21.73339994624257,0.00020609929315995262,1438.4890292028542,1438.4890292028542,6.49009353357821e-07,225.0,0.0,0.0,0.0,0.0,55,56,0.33002008089493395,0.0009402307278694171,0.16952805309720795,0.006169701557474019,-0.0,0.1691260022050565,0.007019636203049828,0.0
1091,3.486999999999904,control,20.356699940748513,0.00020382656225199276,1423.5921550679677,1423.5921550679677,3.33751273130974e-07,231.0,0.0,0.0,0.0,0.0,55,56,0.30271781089395855,0.0009402516129790523,0.1695282488647833,0.006165743327651102,-0.0,0.16912311562930635,0.007014236201646925,0.0
1092,3.487999999999904,control,20.30079998075962,0.00020160893649977685,1408.8495516539292,1408.8495516539292,4.020212059504279e-07,233.0,0.0,0.0,0.0,0.0,55,56,0.2756741218793713,0.0009402750623646428,0.16952845071826106,0.006161703576840266,-0.0,0.1691202286262198,0.007008740716801849,0.0
1093,3.488999999999904,control,20.35689994227141,0.0001994435840096327,1394.2596213584357,1394.2596213584357,5.011751901059575e-07,235.0,0.0,0.0,0.0,0.0,55,56,0.24888481435975865,0.000940300275594478,0.16952865816893248,0.006157586803752208,-0.0,0.1691173417896064,0.007003153740417276,0.0
1094,3.489999999999904,control,20.20310005173087,0.00019732877285946412,1379.8207831207908,1379.8207831207908,5.791696684570692e-07,257.0,0.0,0.0,0.0,0.0,55,56,0.2223400573655539,0.0009403382897331707,0.1695288692287784,0.006153405577563287,-0.0,0.16911445205423598,0.006997499473159368,0.0
1095,3.4909999999999037,control,23.50270003080368,0.00019526348927217818,1365.5314722513945,1365.5314722513945,6.312284223170062e-07,257.0,0.0,0.0,0.0,0.0,55,56,0.19603870982584362,0.0009403735594045329,0.16952908413601098,0.006149159098542007,-0.0,0.16911156603795374,0.006991762842315924,0.0
1096,3.4919999999999036,control,21.40339999459684,0.00019324698660348546,1351.3901402628694,1351.3901402628694,6.41994631240588e-07,254.0,0.0,0.0,0.0,0.0,55,56,0.16997990210493238,0.0009404047684607278,0.16952930337331856,0.006144846013976089,-0.0,0.16910868401995943,0.006985940829156531,0.0
1097,3.4929999999999035,control,20.743199973367155,0.00019127822400411115,1337.395254703139,1337.395254703139,6.54224679162054e-07,256.0,0.0,0.0,0.0,0.0,55,56,0.14416033189588953,0.0009404366960794343,0.16952952670678595,0.00614046893947586,-0.0,0.1691058040717109,0.0069800404420043045,0.0
1098,3.4939999999999034,control,20.47999994829297,0.00018935631247269603,1323.545298989106,1323.545298989106,9.570409360244451e-08,258.0,0.0,0.0,0.0,0.0,55,56,0.1185768822704897,0.0009404694314963146,0.16952975384750296,0.006136030670505546,-0.0,0.16910292629889767,0.006974064676576063,0.0
1099,3.4949999999999033,control,20.806899992749095,0.0001874805152103301,1309.8387722424482,1309.8387722424482,7.020621972264905e-07,257.0,0.0,0.0,0.0,0.0,55,56,0.0932265316279349,0.0009405029939995127,0.16952998451210632,0.006131534538483339,-0.0,0.16910005080611326,0.006968016989090115,0.0
1100,3.495999999999903,control,21.67269994970411,0.00018565020506037302,1296.2741891271587,1296.2741891271587,7.195143257464801e-07,253.0,0.0,0.0,0.0,0.0,55,56,0.06810626441542354,0.000940537061366571,0.16953021842385863,0.0061269839179444955,-0.0,0.16909717786422934,0.006961900582959647,0.0
1101,3.496999999999903,control,25.258100009523332,0.00018386489045189736,1282.8500796886601,1282.8500796886601,6.618686663687521e-07,248.0,0.0,0.0,0.0,0.0,55,56,0.043213007395502094,0.000940571724741096,0.1695304553432576,0.0061223814968191445,-0.0,0.16909430758376007,0.006955718344239028,0.0
1102,3.497999999999903,control,33.23109995108098,0.00018212416886213075,1269.5649891946512,1269.5649891946512,6.444918624137065e-07,241.0,0.0,0.0,0.0,0.0,55,56,0.01854375996858402,0.0009406069985513708,0.1695306950175297,0.006117730700443929,-0.0,0.16909144009545396,0.006949473833361806,0.0
1103,3.498999999999903,control,26.491899974644184,0.00018042767535443902,1256.4174779775742,1256.4174779775742,6.341666512735358e-07,232.0,0.0,0.0,0.0,0.0,54,55,1.0,0.0009412025736466521,0.1695309372053422,0.006113034944014675,-0.0,0.16911721742757532,0.006958433211178502,0.0
1104,3.4999999999999027,control,25.647200061939657,0.0001787750821883082,1243.406121278677,1243.406121278677,7.193697507492182e-07,232.0,0.0,0.0,0.0,0.0,54,55,0.9891298068464369,0.0009493800877238318,0.1695311270506551,0.006109007752890994,-0.0,0.16917671825041955,0.0069897557039428895,0.0
1105,3.5009999999999026,control,21.67739998549223,0.00017701234902522004,1230.5295092475258,1230.5295092475258,2.4926890366049496e-07,214.0,0.0,0.0,0.0,0.0,54,55,0.9663457223853708,0.0009418600280050029,0.1695310402165371,0.0061084913637285305,-0.0,0.16917715529911434,0.006981340593306171,0.0
1106,3.5019999999999025,control,20.53980005439371,0.00017506686494560188,1217.786246554374,1217.786246554374,7.199250118337551e-07,167.0,0.0,0.0,0.0,0.0,54,55,0.9434863447704424,0.0009414907385463827,0.16953107614625873,0.006106493416699484,-0.0,0.1691749206261983,0.006978019696451904,0.0
1107,3.5029999999999024,control,21.80769992992282,0.00017263266354549972,1205.174952551784,1205.174952551784,5.868364720782555e-07,194.0,0.0,0.0,0.0,0.0,54,55,0.9208269972101538,0.0009415531863944484,0.16953112296378095,0.0061043874197767925,-0.0,0.16917254103156187,0.006974985720197585,0.0
1108,3.5039999999999023,control,22.28599996306002,0.00017026747933497556,1192.694260031073,1192.694260031073,2.7197637866972266e-07,188.0,0.0,0.0,0.0,0.0,54,55,0.8983851415822928,0.000941629733311648,0.16953117488450492,0.006102238247794921,-0.0,0.16917017190862446,0.0069719183073927125,0.0
1109,3.504999999999902,control,22.204400040209293,0.00016796597566724918,1180.3428164989662,1180.3428164989662,4.6702169605141455e-08,179.0,0.0,0.0,0.0,0.0,54,55,0.8761607080542367,0.0009417002989242515,0.16953123158802683,0.006100045755390774,-0.0,0.16916781891024293,0.006968798124377453,0.0
1110,3.505999999999902,control,21.20489999651909,0.00016572450972524561,1168.1192834668313,1168.1192834668313,3.9701646990046706e-07,174.0,0.0,0.0,0.0,0.0,54,55,0.8541502860361698,0.0009417676285099591,0.16953129306868772,0.00609780938514908,-0.0,0.16916547972958532,0.006965626685647302,0.0
1111,3.506999999999902,control,21.62120002321899,0.00016353291655026896,1156.0223363138816,1156.0223363138816,5.708253449173309e-07,175.0,0.0,0.0,0.0,0.0,54,55,0.8323539584270161,0.0009418332930291222,0.16953135875122477,0.006095552698903161,-0.0,0.16916315261810982,0.00696242881196351,0.0
1112,3.507999999999902,control,21.709599997848272,0.00016138482081759487,1144.0506641333275,1144.0506641333275,5.46541174947369e-07,176.0,0.0,0.0,0.0,0.0,54,55,0.8107691275860235,0.0009418971366765513,0.16953142840801516,0.006093272285047821,-0.0,0.169160837183836,0.006959200896794126,0.0
1113,3.5089999999999018,control,21.930000046268106,0.00015927905895092454,1132.202969588678,1132.202969588678,4.1827545830566857e-07,179.0,0.0,0.0,0.0,0.0,54,55,0.7893931954159833,0.0009419594510194914,0.16953150189969282,0.00609096037554636,-0.0,0.16915853313525972,0.006955935466587823,0.0
1114,3.5099999999999016,control,21.87109994702041,0.0001572166786131563,1120.477968776286,1120.477968776286,3.2828448855338637e-07,181.0,0.0,0.0,0.0,0.0,54,55,0.7682238663939797,0.0009420204439852952,0.1695315790970789,0.006088609855407007,-0.0,0.1691562402972676,0.006952625655171389,0.0
1115,3.5109999999999015,control,22.329900064505637,0.00015519918937073314,1108.8743910880078,1108.8743910880078,6.320114887694392e-07,183.0,0.0,0.0,0.0,0.0,54,55,0.747259084002599,0.0009420803269430155,0.16953165983826937,0.006086216519559364,-0.0,0.16915395843465228,0.006949267498423728,0.0
1116,3.5119999999999014,control,20.670700003392994,0.00015322732421296773,1097.3909790747707,1097.3909790747707,4.907586010509822e-07,184.0,0.0,0.0,0.0,0.0,54,55,0.7264970537162905,0.0009421390660278839,0.16953174396072254,0.006083779901099329,-0.0,0.16915168729270433,0.006945860494101391,0.0
1117,3.5129999999999013,control,20.402900059707463,0.00015130057266641488,1086.026488310793,1086.026488310793,4.053121138218927e-07,184.0,0.0,0.0,0.0,0.0,54,55,0.7059360748596275,0.000942196582649727,0.16953183129054647,0.0060813024523402835,-0.0,0.16914942652979592,0.006942406975213169,0.0
1118,3.513999999999901,control,20.908699952997267,0.00014941757368447687,1074.7796872583333,1074.7796872583333,3.7271746734351817e-07,184.0,0.0,0.0,0.0,0.0,54,55,0.6855743350290439,0.0009422527962260752,0.1695319216927026,0.006078786375926361,-0.0,0.16914717581497474,0.0069389090076291205,0.0
1119,3.514999999999901,control,20.263500045984983,0.00014757682961515932,1063.6493571334872,1063.6493571334872,3.10337364162687e-07,210.0,0.0,0.0,0.0,0.0,54,55,0.6654108938109246,0.0009423061091085957,0.1695320150823607,0.006076238188497224,-0.0,0.1691449353331696,0.00693537151402332,0.0
1120,3.515999999999901,control,22.034499910660088,0.00014577611715781662,1052.6342917747454,1052.6342917747454,7.192697323579112e-07,186.0,0.0,0.0,0.0,0.0,54,55,0.6454470289341945,0.0009423441949787073,0.16953211209318014,0.006073640170277761,-0.0,0.16914270560586184,0.006931763220570949,0.0
1121,3.516999999999901,control,28.046400053426623,0.00014402237284834573,1041.73329750225,1041.73329750225,7.194079480692769e-07,105.0,0.0,0.0,0.0,0.0,54,55,0.625684564245815,0.0009423703040057889,0.16953221405701682,0.006070978806709552,-0.0,0.16914048429086848,0.006928072488978488,0.0
1122,3.5179999999999008,control,29.667000053450465,0.00014231858531754237,1030.9451930016521,1030.9451930016521,7.194549485133646e-07,218.0,0.0,0.0,0.0,0.0,54,55,0.6061222479919354,0.0009423962914318856,0.16953232102624427,0.0060682677270753466,-0.0,0.1691382662868011,0.006924323585315298,0.0
1123,3.5189999999999007,control,32.06659993156791,0.0001406580185634159,1020.2688092020833,1020.2688092020833,7.196920351823697e-07,219.0,0.0,0.0,0.0,0.0,54,55,0.586755832116759,0.0009424215468147442,0.16953243307812157,0.006065491985724975,-0.0,0.16913605221810835,0.0069205011001301185,0.0
1124,3.5199999999999005,control,34.351699985563755,0.00013903949688399533,1009.7029891337796,1009.7029891337796,3.8499654993695216e-07,309.0,0.0,0.0,0.0,0.0,54,55,0.5675783885667618,0.0009424590790894861,0.16953254859946817,0.006062672462924826,-0.0,0.169133838827791,0.0069166394609565685,0.0
1125,3.5209999999999004,control,29.059599968604743,0.0001374568039476658,999.2465878136907,999.2465878136907,4.0313370290382e-07,250.0,0.0,0.0,0.0,0.0,54,55,0.5485861934175735,0.000942502457650527,0.16953266694651647,0.006059806725118611,-0.0,0.16913163018325383,0.006912731339131542,0.0
1126,3.5219999999999003,control,31.129000009968877,0.00013591103043135446,988.8984721087043,988.8984721087043,5.098311669079383e-07,222.0,0.0,0.0,0.0,0.0,54,55,0.5297777037129018,0.0009425467420449092,0.16953278784600515,0.006056901512816644,-0.0,0.1691294284334691,0.006908779171437906,0.0
1127,3.5229999999999,control,32.43110002949834,0.00013440104967745017,978.6575206226393,978.6575206226393,6.08339532550271e-07,211.0,0.0,0.0,0.0,0.0,54,55,0.5111506663130797,0.0009425920210011116,0.16953291102308102,0.0060539620102995646,-0.0,0.16912723364119997,0.006904788420259374,0.0
1128,3.5239999999999,control,34.0608999831602,0.0001329258077545941,968.5226235723353,968.5226235723353,6.553085507000492e-07,210.0,0.0,0.0,0.0,0.0,54,55,0.49270298571126037,0.0009426372985407546,0.16953303633488942,0.006050989184701401,-0.0,0.16912504624653676,0.006900759250311037,0.0
1129,3.5249999999999,control,30.637299991212785,0.00013148535475223286,958.4926826663237,958.4926826663237,5.696761147573827e-07,218.0,0.0,0.0,0.0,0.0,54,55,0.47443284791374885,0.0009426821471093198,0.16953316352440698,0.00604799080085852,-0.0,0.16912286618345024,0.006896699067863423,0.0
1130,3.5259999999999,control,27.773699956014752,0.00013007995546150162,948.5666109867934,948.5666109867934,4.880997096602299e-07,233.0,0.0,0.0,0.0,0.0,54,55,0.4563385183810783,0.0009427260142349859,0.1695332925541849,0.006044965942105238,-0.0,0.16912069356394605,0.006892606438524129,0.0
1131,3.5269999999998998,control,25.674899923615158,0.00012871003091061704,938.7433328717401,938.7433328717401,4.276589733164646e-07,257.0,0.0,0.0,0.0,0.0,54,55,0.4384178990027021,0.000942768486022717,0.1695334233925459,0.006041913940127256,-0.0,0.16911852841286973,0.006888480283704104,0.0
1132,3.5279999999998997,control,28.648799983784556,0.0001273757992899168,929.0217837988245,929.0217837988245,4.5720714767365105e-07,276.0,0.0,0.0,0.0,0.0,54,55,0.4206668306244443,0.0009428072688691409,0.1695335560402631,0.006038826572210184,-0.0,0.1691163710454089,0.006884309999783415,0.0
1133,3.5289999999998996,control,28.55179994367063,0.00012608361973143894,919.4009102636346,919.4009102636346,4.65729003440052e-07,307.0,0.0,0.0,0.0,0.0,54,55,0.40308657453029106,0.0009428475904477655,0.16953369061576762,0.006035722019093725,-0.0,0.16911421954264574,0.006880118606975948,0.0
1134,3.5299999999998994,control,31.455300049856305,0.00012483050927948087,909.879669681258,909.879669681258,4.173861050848608e-07,330.0,0.0,0.0,0.0,0.0,54,55,0.3856751697558799,0.0009428869945546459,0.16953382704704906,0.006032597622658573,-0.0,0.16911207483401752,0.0068759012188226686,0.0
1135,3.5309999999998993,control,27.40229992195964,0.00012361542591670657,900.4570302616021,900.4570302616021,3.5959319477882726e-07,348.0,0.0,0.0,0.0,0.0,54,55,0.36843113772958075,0.0009429251591775742,0.1695339656735123,0.006029436132809125,-0.0,0.1691099373525491,0.006871640287887432,0.0
1136,3.531999999999899,control,29.0040000109002,0.0001219002242727707,891.1319714368785,891.1319714368785,5.843557220682359e-07,352.0,0.0,0.0,0.0,0.0,54,55,0.3513532942223946,0.0009429630660222707,0.16953410638846692,0.006026239562189122,-0.0,0.16910780662985417,0.006867338759483255,0.0
1137,3.532999999999899,control,27.309600031003356,0.00011984640102625968,881.903482514083,881.903482514083,3.39624113280087e-07,335.0,0.0,0.0,0.0,0.0,54,55,0.3344393515430744,0.0009430000152784813,0.16953424894193575,0.0060230081365257124,-0.0,0.16910568258297737,0.006862996175002673,0.0
1138,3.533999999999899,control,26.52650000527501,0.00011757906248511544,872.7705633015802,872.7705633015802,4.910828251012945e-07,323.0,0.0,0.0,0.0,0.0,54,55,0.31768809560331895,0.0009430382058486894,0.16953439327883016,0.006019746262310022,-0.0,0.16910356466878954,0.006858619176678331,0.0
1139,3.534999999999899,control,25.05079994443804,0.00011517638912729063,863.7322240113133,863.7322240113133,3.5696749194906024e-07,317.0,0.0,0.0,0.0,0.0,54,55,0.3010970959683175,0.0009430774323791317,0.16953453919991676,0.006016456064397224,-0.0,0.1691014532626928,0.006854209974827761,0.0
1140,3.535999999999899,control,24.500900064595044,0.00011266828406814374,854.7874851528491,854.7874851528491,5.547490823999612e-07,319.0,0.0,0.0,0.0,0.0,54,55,0.2846642460153771,0.0009431171514251315,0.16953468630805163,0.0060131509149038915,-0.0,0.1690993484684017,0.006849781614006654,0.0
1141,3.5369999999998987,control,27.41730003617704,0.00011048666778550117,845.9353769768982,845.9353769768982,6.207784840990446e-07,330.0,0.0,0.0,0.0,0.0,54,55,0.2683877020908932,0.0009431567281553748,0.16953483451640455,0.006009832418027954,-0.0,0.16909725059430983,0.006845335215742569,0.0
1142,3.5379999999998986,control,26.948299957439303,0.00010857684351817654,837.1749402590274,837.1749402590274,3.6704263175713956e-07,348.0,0.0,0.0,0.0,0.0,54,55,0.25226584067480695,0.0009431957339401282,0.1695349837755472,0.006006501956148829,-0.0,0.16909515976567518,0.006840871797923417,0.0
1143,3.5389999999998984,control,28.391300002112985,0.00010689409992552678,828.5052256990346,828.5052256990346,4.64391188740358e-07,367.0,0.0,0.0,0.0,0.0,54,55,0.23629715768192852,0.0009432339040628064,0.1695351340662046,0.006003160010125422,-0.0,0.16909307600112286,0.006836391589501618,0.0
1144,3.5399999999998983,control,32.539700041525066,0.00010540193408706435,819.9252938198375,819.9252938198375,6.898385736641359e-07,372.0,0.0,0.0,0.0,0.0,54,55,0.2204814332607366,0.0009432678720089233,0.16953528587999855,0.0059997914077438265,-0.0,0.16909100037674493,0.006831875940686795,0.0
1145,3.5409999999998982,control,24.631000007502735,0.0001035450961440488,811.4342153927113,811.4342153927113,6.898113101166209e-07,439.0,0.0,0.0,0.0,0.0,54,55,0.20481273739645714,0.0009433087671736539,0.16953543828994178,0.005996403039393736,-0.0,0.1690889288695007,0.006827342728952519,0.0
1146,3.541999999999898,control,22.273799986578524,0.00010133167807947055,803.0310702543107,803.0310702543107,6.898937476063055e-07,370.0,0.0,0.0,0.0,0.0,54,55,0.18929410694080095,0.0009433418608301281,0.1695355922595177,0.005992989393209723,-0.0,0.1690868674495069,0.006822772443937579,0.0
1147,3.542999999999898,control,22.533299983479083,9.893531118022892e-05,794.7149476046613,794.7149476046613,6.898499979064723e-07,365.0,0.0,0.0,0.0,0.0,54,55,0.17392355112735697,0.000943375248682963,0.1695357474356599,0.00598956633277072,-0.0,0.16908481205843837,0.006818188167745942,0.0
1148,3.543999999999898,control,21.557800006121397,9.6899017130759e-05,786.4849457047909,786.4849457047909,6.899743739167017e-07,378.0,0.0,0.0,0.0,0.0,54,55,0.15869919306376395,0.0009434092058175581,0.16953590368439725,0.005986135232769346,-0.0,0.16908276267942485,0.006813591672247533,0.0
1149,3.544999999999898,control,20.92009992338717,9.516117793064029e-05,778.3401727531722,778.3401727531722,6.898424084169301e-07,393.0,0.0,0.0,0.0,0.0,54,55,0.14361918743178728,0.0009434436785698858,0.16953606087101247,0.005982697384470102,-0.0,0.1690807194549672,0.006808984362140304,0.0
1150,3.5459999999998977,control,21.12779999151826,9.367154300725723e-05,770.2797461729631,770.2797461729631,6.898184752259146e-07,394.0,0.0,0.0,0.0,0.0,54,55,0.12868143570583426,0.0009434793068527419,0.16953621881490685,0.005979253644535868,-0.0,0.16907868234389076,0.006804367927620016,0.0
1151,3.5469999999998976,control,22.632100037299097,9.238925445063797e-05,762.3027925183341,762.3027925183341,5.378600699939896e-07,427.0,0.0,0.0,0.0,0.0,54,55,0.11388121340360502,0.0009435221383239596,0.16953637674919905,0.00597581042947164,-0.0,0.16907664972116188,0.006799755260876949,0.0
1152,3.5479999999998975,control,33.56839995831251,9.128070380685505e-05,754.4084473819867,754.4084473819867,5.571783413158764e-07,427.0,0.0,0.0,0.0,0.0,54,55,0.09921880733986763,0.0009435630150352249,0.1695365348276521,0.005972367596796081,-0.0,0.16907462573083537,0.006795138008041111,0.0
1153,3.5489999999998973,control,30.625700019299984,9.031834694757807e-05,746.5958553026052,746.5958553026052,4.584849935916855e-07,452.0,0.0,0.0,0.0,0.0,54,55,0.08469330548887018,0.0009436022821249967,0.1695366931117942,0.00596892566379637,-0.0,0.1690726099321283,0.006790516845091966,0.0
1154,3.5499999999998972,control,23.850500001572073,8.94798621070893e-05,738.8641696730466,738.8641696730466,6.899277516489088e-07,323.0,0.0,0.0,0.0,0.0,54,55,0.07030406077306377,0.0009436389837593133,0.16953685172117738,0.0059654792260280575,-0.0,0.1690706025007895,0.006785885342630077,0.0
1155,3.550999999999897,control,27.081499923951924,8.874866141436526e-05,731.2125526479765,731.2125526479765,6.056753493105523e-07,409.0,0.0,0.0,0.0,0.0,54,55,0.056049900332316833,0.0009436749193708317,0.16953701066262283,0.005962034438204023,-0.0,0.16906860236060323,0.006781251147047693,0.0
1156,3.551999999999897,control,25.776599999517202,8.810841108333276e-05,723.6401750587916,723.6401750587916,6.458888267892397e-07,394.0,0.0,0.0,0.0,0.0,54,55,0.04192904447302578,0.0009437106747117695,0.1695371699134037,0.005958589602585808,-0.0,0.16906660931565212,0.006776613172789393,0.0
1157,3.552999999999897,control,26.53229993302375,8.754718771848876e-05,716.1462163193428,716.1462163193428,4.3832759098220424e-07,377.0,0.0,0.0,0.0,0.0,54,55,0.027940141235832903,0.0009437462241328193,0.16953732944874123,0.005955144961356765,-0.0,0.16906462342468243,0.006771971718009285,0.0
1158,3.553999999999897,control,28.31200009677559,8.705500494539595e-05,708.729864339607,708.729864339607,7.141514517598152e-07,356.0,0.0,0.0,0.0,0.0,54,55,0.014081648412989521,0.000943782124349721,0.16953748916235736,0.005951701690837788,-0.0,0.16906264450539926,0.006767328596966084,0.0
1159,3.5549999999998967,control,23.892599972896278,8.662377130094033e-05,701.390315437719,701.390315437719,5.61413649182563e-07,335.0,0.0,0.0,0.0,0.0,54,55,0.00035208922571176746,0.0009438182635030427,0.1695376489759413,0.005948260371963852,-0.0,0.16906067270423505,0.006762684432727713,0.0
1160,3.5559999999998966,control,25.360099971294403,8.624683000700463e-05,694.1267742533147,694.1267742533147,5.75717408077358e-07,313.0,0.0,0.0,0.0,0.0,53,54,1.0,0.0009466594254303948,0.16953780880258632,0.005944822163930176,-0.0,0.16912144839164087,0.006795003365765139,0.0
1161,3.5569999999998965,control,35.96500004641712,8.591868765427335e-05,686.9384536616291,686.9384536616291,3.614478301289712e-07,398.0,0.0,0.0,0.0,0.0,53,54,0.9951476400539778,0.0009507991407979935,0.1695379039048394,0.005942197811541915,-0.0,0.16915936224683997,0.006814393442866251,0.0
1162,3.5579999999998964,control,35.96449992619455,8.543268553675629e-05,679.8245748907568,679.8245748907568,6.496960312448284e-07,240.0,0.0,0.0,0.0,0.0,53,54,0.9826806042764166,0.00094479732695218,0.16953781925425576,0.005941852675887018,-0.0,0.16916022571214215,0.0068079156678050885,0.0
1163,3.5589999999998962,control,38.564000045880675,8.47886230625275e-05,672.7843670294933,672.7843670294933,6.897999354284625e-07,172.0,0.0,0.0,0.0,0.0,53,54,0.9700891049728069,0.0009444670021597657,0.16953783508256562,0.005940313591034531,-0.0,0.16915882063231802,0.006805395069666553,0.0
1164,3.559999999999896,control,36.249700002372265,8.365029698381584e-05,665.8170674847613,665.8170674847613,2.857564716069063e-07,215.0,0.0,0.0,0.0,0.0,53,54,0.9575986465956098,0.000944517988451996,0.16953785767705593,0.005938716004693567,-0.0,0.16915727945586306,0.006803166378088756,0.0
1165,3.560999999999896,control,28.848799993284047,8.252966109539308e-05,658.9219207176402,658.9219207176402,4.267914411334558e-07,214.0,0.0,0.0,0.0,0.0,53,54,0.9452288062230884,0.0009445814784400972,0.1695378823369788,0.00593711662619649,-0.0,0.16915574867409552,0.006800949962612424,0.0
1166,3.561999999999896,control,25.892899953760207,8.142816690980663e-05,652.0981795181891,652.0981795181891,4.4872942960157886e-07,204.0,0.0,0.0,0.0,0.0,53,54,0.9329837141569934,0.0009446404730501847,0.1695379089201849,0.0059355240320708835,-0.0,0.16915423307466115,0.006798738066297693,0.0
1167,3.562999999999896,control,22.798600024543703,8.034909057540121e-05,645.3451044128449,645.3451044128449,9.118944836942959e-08,220.0,0.0,0.0,0.0,0.0,53,54,0.9208560605642521,0.0009446963668840119,0.16953793743636142,0.0059339186474649495,-0.0,0.16915273242013262,0.006796512596595144,0.0
1168,3.5639999999998957,control,26.248499983921647,7.929244041488846e-05,638.6619635888445,638.6619635888445,3.591898937155353e-07,226.0,0.0,0.0,0.0,0.0,53,54,0.9088465188294776,0.0009447540189626288,0.16953796769486945,0.005932308115639701,-0.0,0.16915124496913092,0.0067942858936266975,0.0
1169,3.5649999999998956,control,28.51219999138266,7.825793797876987e-05,632.0480328126426,632.0480328126426,7.169560650247432e-07,152.0,0.0,0.0,0.0,0.0,53,54,0.8969610449587959,0.0009447913275374217,0.16953800058871346,0.0059306846168757366,-0.0,0.16914977444919604,0.006792027241610706,0.0
1170,3.5659999999998955,control,26.145200012251735,7.725449356290042e-05,625.502595341546,625.502595341546,5.973278291936732e-07,128.0,0.0,0.0,0.0,0.0,53,54,0.8851985310827644,0.0009448205823118668,0.16953803692597158,0.00592903708120429,-0.0,0.16914831404552064,0.006789735640058175,0.0
1171,3.5669999999998954,control,27.869399986229837,7.628047353732461e-05,619.0249418658053,619.0249418658053,7.193420596079221e-07,314.0,0.0,0.0,0.0,0.0,53,54,0.8735551000188674,0.0009448552320038615,0.16953807650755912,0.005927377624665083,-0.0,0.16914685945430713,0.006787436126564753,0.0
1172,3.5679999999998953,control,27.262500021606684,7.532254789106354e-05,612.6143704331377,612.6143704331377,7.198692973104154e-07,374.0,0.0,0.0,0.0,0.0,53,54,0.8620288452655653,0.0009448924095785933,0.169538118410733,0.005925721828848368,-0.0,0.16914541192107163,0.006785142144326826,0.0
1173,3.568999999999895,control,21.888600080274045,7.437869723417817e-05,606.2701863493522,606.2701863493522,7.197833757215038e-07,307.0,0.0,0.0,0.0,0.0,53,54,0.8506187018891535,0.0009449282688601861,0.1695381628594946,0.005924047312473634,-0.0,0.16914397337713954,0.006782827892885043,0.0
1174,3.569999999999895,control,20.748900016769767,7.345720556887801e-05,599.9917021038143,599.9917021038143,7.191727366339076e-07,278.0,0.0,0.0,0.0,0.0,53,54,0.839323633690647,0.0009449643225228418,0.1695382097622861,0.005922349026843254,-0.0,0.16914254342260623,0.006780489876870449,0.0
1175,3.570999999999895,control,22.162699955515563,7.256063783991855e-05,593.778237311512,593.778237311512,7.191517563299717e-07,265.0,0.0,0.0,0.0,0.0,53,54,0.8281423226423954,0.0009450015648218607,0.16953825892682378,0.0059206263276181895,-0.0,0.16914112195068925,0.006778128618986842,0.0
1176,3.571999999999895,control,21.038100006990135,7.168918503726983e-05,587.6291186358474,587.6291186358474,7.193791027105087e-07,260.0,0.0,0.0,0.0,0.0,53,54,0.81707344856248,0.0009450399122471125,0.16953831014429638,0.005918880681899714,-0.0,0.16913970919811255,0.006775745736293573,0.0
1177,3.5729999999998947,control,21.367100067436695,7.084207708999273e-05,581.5436797142305,581.5436797142305,7.192265947341354e-07,259.0,0.0,0.0,0.0,0.0,53,54,0.8061157431014232,0.0009450788987256077,0.1695383632432308,0.00591711393962607,-0.0,0.1691383054412163,0.006773342810818663,0.0
1178,3.5739999999998946,control,21.679900004528463,7.001837409135954e-05,575.5212610850455,575.5212610850455,7.197635835690202e-07,272.0,0.0,0.0,0.0,0.0,53,54,0.7952678382798732,0.0009451184748901541,0.16953841807319206,0.005915328033851813,-0.0,0.16913691078812781,0.00677092188119939,0.0
1179,3.5749999999998945,control,22.12660002987832,6.921695017639274e-05,569.5612101162106,569.5612101162106,7.194562059973999e-07,260.0,0.0,0.0,0.0,0.0,53,54,0.7845288474748111,0.000945157035722674,0.1695384746028561,0.0059135225892769485,-0.0,0.16913552568054893,0.006768481060892716,0.0
1180,3.5759999999998944,control,21.273300051689148,6.843815248926596e-05,563.6628809327611,563.6628809327611,7.192568952266925e-07,256.0,0.0,0.0,0.0,0.0,53,54,0.7738977334012197,0.0009451946986409213,0.1695385328305193,0.005911697450857954,-0.0,0.1691341499045229,0.006766020263090831,0.0
1181,3.5769999999998943,control,25.273600011132658,6.768182616356983e-05,557.8256343488652,557.8256343488652,7.199494790325712e-07,253.0,0.0,0.0,0.0,0.0,53,54,0.7633733852357228,0.0009452317703095202,0.16953859273082986,0.005909852725295844,-0.0,0.1691327832352773,0.00676353987696316,0.0
1182,3.577999999999894,control,23.01090001128614,6.694774869745165e-05,552.0488377981152,552.0488377981152,7.190037115370139e-07,258.0,0.0,0.0,0.0,0.0,53,54,0.7529546063665495,0.0009452686488917663,0.16953865424922215,0.0059079890313721165,-0.0,0.16913142548855026,0.006761040937799443,0.0
1183,3.578999999999894,control,26.11019997857511,6.623542569422528e-05,546.3318652651908,546.3318652651908,7.148971103768622e-07,256.0,0.0,0.0,0.0,0.0,53,54,0.7426403868259466,0.0009453050158052739,0.16953871734630419,0.005906106508130936,-0.0,0.16913007670852445,0.006758523308799237,0.0
1184,3.579999999999894,control,23.550500045530498,6.554480701705887e-05,540.6740972172838,540.6740972172838,6.960125352971665e-07,282.0,0.0,0.0,0.0,0.0,53,54,0.7324293616630805,0.0009453417803570052,0.16953878194049918,0.005904206253345651,-0.0,0.16912873661873176,0.006755989040084858,0.0
1185,3.580999999999894,control,23.029200034216046,6.48748949697127e-05,535.0749205383805,535.0749205383805,6.180902971593043e-07,323.0,0.0,0.0,0.0,0.0,53,54,0.7223202978673323,0.000945378976941846,0.16953884792272023,0.005902289487706306,-0.0,0.16912740529581088,0.006753439518432706,0.0
1186,3.5819999999998937,control,22.613200009800494,6.422503629532412e-05,529.5337284615031,529.5337284615031,5.715964752034074e-07,387.0,0.0,0.0,0.0,0.0,53,54,0.7123121649823808,0.0009454160625832424,0.16953891523265713,0.005900356356963592,-0.0,0.16912608295897005,0.006750874460940669,0.0
1187,3.5829999999998936,control,21.921499981544912,6.359496497581644e-05,524.0499205029158,524.0499205029158,7.197941741443872e-07,297.0,0.0,0.0,0.0,0.0,53,54,0.7024053324603933,0.0009454487565792591,0.16953898412632792,0.005898399930899469,-0.0,0.16912477060589276,0.0067482825762135,0.0
1188,3.5839999999998935,control,22.961000096984208,6.298828757875596e-05,518.6229023934993,518.6229023934993,7.19741795845712e-07,285.0,0.0,0.0,0.0,0.0,53,54,0.692598774635987,0.0009454806542967086,0.1695390546290854,0.005896423426864327,-0.0,0.16912346651757543,0.00674567026331467,0.0
1189,3.5849999999998934,control,24.17850005440414,6.240335290402492e-05,513.2520860236866,513.2520860236866,7.195071523084643e-07,280.0,0.0,0.0,0.0,0.0,53,54,0.6828909383923392,0.0009455135068781916,0.16953912661505255,0.005894429277455121,-0.0,0.1691221701570801,0.006743041735438242,0.0
1190,3.5859999999998933,control,22.438099957071245,6.183875900635385e-05,507.9368893740702,507.9368893740702,7.195184813490828e-07,262.0,0.0,0.0,0.0,0.0,53,54,0.6732805741821445,0.0009455468070597297,0.1695391999832769,0.005892417970026329,-0.0,0.1691208818722808,0.006740397169272102,0.0
1191,3.586999999999893,control,21.738699986599386,6.129423122594961e-05,502.67673645144134,502.67673645144134,7.191083347982831e-07,244.0,0.0,0.0,0.0,0.0,53,54,0.663766601375265,0.000945580190707209,0.1695392746636231,0.0058903899470386985,-0.0,0.16911960186550612,0.006737736770705698,0.0
1192,3.587999999999893,control,22.375399945303798,6.076965443148141e-05,497.47105722737564,497.47105722737564,7.197941275773398e-07,243.0,0.0,0.0,0.0,0.0,53,54,0.6543477985760947,0.0009456140435884936,0.1695393505737387,0.005888345972846059,-0.0,0.16911833009816182,0.006735061792101139,0.0
1193,3.588999999999893,control,21.71580004505813,6.0264535519534666e-05,492.3192875769956,492.3192875769956,7.199534346304509e-07,246.0,0.0,0.0,0.0,0.0,53,54,0.6450230591287475,0.0009456482552780483,0.16953942762439983,0.005886287161085262,-0.0,0.16911706669568669,0.0067323733674537305,0.0
1194,3.589999999999893,control,21.180300042033195,5.977841746643709e-05,487.2208692174313,487.2208692174313,7.197618106606301e-07,238.0,0.0,0.0,0.0,0.0,53,54,0.6357915686189924,0.0009456819261356588,0.16953950580180757,0.0058842129844979855,-0.0,0.16911581196189654,0.006729670159901385,0.0
1195,3.5909999999998927,control,22.106099990196526,5.931152747570162e-05,482.1752496466443,482.1752496466443,7.191773260222691e-07,234.0,0.0,0.0,0.0,0.0,53,54,0.6266524975368726,0.0009457150295110047,0.1695395850982372,0.005882123681355369,-0.0,0.1691145658034628,0.006726952371749152,0.0
1196,3.5919999999998926,control,21.212399937212467,5.8863750732493615e-05,477.18188208461885,477.18188208461885,7.193618576532991e-07,197.0,0.0,0.0,0.0,0.0,53,54,0.6176056787725629,0.0009457462728651118,0.16953966555911867,0.005880016388742563,-0.0,0.1691133284605781,0.006724215826699178,0.0
1197,3.5929999999998925,control,21.292899968102574,5.8437200011553025e-05,472.24022541146434,472.24022541146434,7.191818672037936e-07,222.0,0.0,0.0,0.0,0.0,53,54,0.6086494829304192,0.0009457786643748127,0.16953974714593734,0.0058778931759570895,-0.0,0.16911209889102607,0.006721465491800822,0.0
1198,3.5939999999998924,control,21.148800035007298,5.8029560817786e-05,467.3497441155791,467.3497441155791,7.191508680826473e-07,228.0,0.0,0.0,0.0,0.0,53,54,0.5997827716374237,0.0009458115711203324,0.16953982972982762,0.0058757566881554625,-0.0,0.16911087742715936,0.006718703572662848,0.0
1199,3.5949999999998923,control,21.776200039312243,5.763989617470151e-05,462.50990822971784,462.50990822971784,7.499399428241739e-07,198.0,0.0,0.0,0.0,0.0,53,54,0.5910050745379282,0.0009458428928402028,0.16953991336800756,0.005873605219347459,-0.0,0.16910966470287098,0.006715926336312073,0.0
1200,3.595999999999892,control,21.851200028322637,5.726899521086117e-05,457.72019327316366,457.72019327316366,7.496371754847928e-07,223.0,0.0,0.0,0.0,0.0,53,54,0.5823150344432503,0.0009458751402294553,0.16953999793385674,0.0058714438348701475,-0.0,0.16910845972214883,0.006713141258378162,0.0
1201,3.596999999999892,control,26.14600001834333,5.691475171341903e-05,452.98008019964936,452.98008019964936,7.494485150836027e-07,216.0,0.0,0.0,0.0,0.0,53,54,0.5737117480582744,0.0009459069801289433,0.16954008341435556,0.005869270640913562,-0.0,0.16910726305884793,0.006710345283804971,0.0
1202,3.597999999999892,control,27.70030009560287,5.657775758765453e-05,448.2890553353367,448.2890553353367,7.489451231725963e-07,214.0,0.0,0.0,0.0,0.0,53,54,0.5651944388764103,0.0009459382941719263,0.16954016979719563,0.005867085857789959,-0.0,0.16910607467183672,0.006707538520657133,0.0
1203,3.598999999999892,control,25.470599997788668,5.6258003186906145e-05,443.64661032657773,443.64661032657773,7.494720269467735e-07,212.0,0.0,0.0,0.0,0.0,53,54,0.5567622828475979,0.000945969205087172,0.16954025706565584,0.005864889790807992,-0.0,0.1691048944354227,0.006704721391290934,0.0
1204,3.5999999999998917,control,23.521700059063733,5.595536796833654e-05,439.0522420843074,439.0522420843074,7.498445617167496e-07,211.0,0.0,0.0,0.0,0.0,53,54,0.548414435100874,0.0009459998259616101,0.16954034519197403,0.005862683026383882,-0.0,0.16910372224333575,0.006701894603664494,0.0
1205,3.6009999999998916,control,21.336300065740943,5.566961166200315e-05,434.5054527295337,434.5054527295337,7.499482466696801e-07,210.0,0.0,0.0,0.0,0.0,53,54,0.5401500463714091,0.0009460302070066037,0.16954043414501793,0.005860466103464948,-0.0,0.16910255802826588,0.006699058769153778,0.0
1206,3.6019999999998915,control,20.839600008912385,5.540049661044459e-05,430.00574953925815,430.00574953925815,7.499683706317335e-07,214.0,0.0,0.0,0.0,0.0,53,54,0.5319682069507696,0.000946060531004554,0.1695405239029179,0.005858239002493673,-0.0,0.16910140173281676,0.006696214090458872,0.0
1207,3.6029999999998914,control,21.25210000667721,5.5151186645517856e-05,425.55264488967254,425.55264488967254,7.488230253100664e-07,215.0,0.0,0.0,0.0,0.0,53,54,0.5238681010318789,0.0009460906981859556,0.16954061442355062,0.005856002634923179,-0.0,0.16910025336373216,0.0066933614267141025,0.0
1208,3.6039999999998913,control,20.66829998511821,5.492178576353762e-05,421.1456562098035,421.1456562098035,7.490375745763673e-07,215.0,0.0,0.0,0.0,0.0,53,54,0.515848930782279,0.0009461205897070216,0.16954070568438878,0.005853757364631051,-0.0,0.16909911292735202,0.006690501057287433,0.0
1209,3.604999999999891,control,21.979300072416663,5.471234736268162e-05,416.7843059261856,416.7843059261856,7.497733684962173e-07,216.0,0.0,0.0,0.0,0.0,53,54,0.507909880860498,0.0009461502534322821,0.16954079766085065,0.005851503661142084,-0.0,0.16909798036372586,0.006687633521532846,0.0
1210,3.605999999999891,control,21.433499990962446,5.452280887429038e-05,412.4681214111804,412.4681214111804,7.487687073169902e-07,239.0,0.0,0.0,0.0,0.0,53,54,0.5000497660359751,0.0009461805028690673,0.16954089029422856,0.005849243144920583,-0.0,0.16909685542086514,0.006684761292686802,0.0
1211,3.606999999999891,control,22.276300005614758,5.435259479141704e-05,408.1966349321783,408.1966349321783,7.488806504153812e-07,230.0,0.0,0.0,0.0,0.0,53,54,0.4922680179346949,0.0009462098192285361,0.16954098372294096,0.005846969019076869,-0.0,0.1690957387955828,0.0066818761855728295,0.0
1212,3.607999999999891,control,22.57059991825372,5.385323092003314e-05,403.96938394852066,403.96938394852066,7.498983433466234e-07,228.0,0.0,0.0,0.0,0.0,53,54,0.4845641305419748,0.0009462386133965058,0.16954107790137868,0.0058446838749967485,-0.0,0.16909463013375123,0.006678981126738002,0.0
1213,3.6089999999998907,control,22.297099931165576,5.308794782271352e-05,399.78591030120106,399.78591030120106,7.495509531523783e-07,224.0,0.0,0.0,0.0,0.0,53,54,0.47693733747749567,0.0009462669594966914,0.169541172844193,0.005842387034120695,-0.0,0.1690935293554299,0.006676075504475841,0.0
1214,3.6099999999998906,control,22.975599975325167,5.211855241760434e-05,395.6457605766058,395.6457605766058,7.493472822158374e-07,222.0,0.0,0.0,0.0,0.0,53,54,0.46938685271955033,0.0009462951181217305,0.16954126852816698,0.005840078846889091,-0.0,0.1690924363189919,0.006673159934531849,0.0
1215,3.6109999999998905,control,23.10710004530847,5.099333922032987e-05,391.5484860695259,391.5484860695259,7.494647727425759e-07,221.0,0.0,0.0,0.0,0.0,53,54,0.4619118705943044,0.0009463232375309805,0.1695413649166798,0.00583775992785239,-0.0,0.16909135095606992,0.006670235215862392,0.0
1216,3.6119999999998904,control,21.749499952420592,4.974900879817728e-05,387.4936427326192,387.4936427326192,7.491860627978883e-07,221.0,0.0,0.0,0.0,0.0,53,54,0.4545115866121016,0.000946351363684954,0.16954146196832998,0.005835431042490019,-0.0,0.1690902732478244,0.006667302211624353,0.0
1217,3.6129999999998903,control,21.92009997088462,4.841266016031052e-05,383.4807911262914,383.4807911262914,7.497991564480128e-07,220.0,0.0,0.0,0.0,0.0,53,54,0.44718522942986677,0.0009463794153547427,0.16954155964685444,0.005833092857659932,-0.0,0.16908920321687448,0.006664361561547534,0.0
1218,3.61399999999989,control,22.47460000216961,4.7006528419082196e-05,379.50949636633334,379.50949636633334,7.49368650693945e-07,221.0,0.0,0.0,0.0,0.0,53,54,0.43993202078140414,0.0009464074093489081,0.1695416579171533,0.005830746153176753,-0.0,0.16908814084072263,0.006661414104801395,0.0
1219,3.61499999999989,control,23.96949997637421,4.5545279232525176e-05,375.57932807951346,375.57932807951346,7.499400123204962e-07,220.0,0.0,0.0,0.0,0.0,53,54,0.43275122382080605,0.0009464352223038016,0.16954175675239616,0.005828391439284034,-0.0,0.1690870861415774,0.006658460271173853,0.0
1220,3.61599999999989,control,24.410199956037104,4.404349896027603e-05,371.6898603494296,371.6898603494296,7.499045483988214e-07,278.0,0.0,0.0,0.0,0.0,53,54,0.4256408863369015,0.0009464644581235989,0.1695418560347609,0.005826031168395297,-0.0,0.16908603871726444,0.006655504220134483,0.0
1221,3.61699999999989,control,23.73519993852824,4.243989540488779e-05,367.8406717463102,367.8406717463102,7.463378195542518e-07,226.0,0.0,0.0,0.0,0.0,53,54,0.41860065355320264,0.0009464917607422028,0.16954195570728706,0.005823662600815252,-0.0,0.16908499959887263,0.006652540015235273,0.0
1222,3.6179999999998897,control,23.635299992747605,4.083320507537449e-05,364.0313450449396,364.0313450449396,7.493985888468793e-07,210.0,0.0,0.0,0.0,0.0,53,54,0.4116309919091242,0.0009465167464100385,0.16954205622750382,0.005821280873987551,-0.0,0.16908396893541633,0.006649562217531275,0.0
1223,3.6189999999998896,control,26.287199929356575,3.922487549319851e-05,360.26146743729686,360.26146743729686,7.491373926802519e-07,225.0,0.0,0.0,0.0,0.0,53,54,0.40473120692286285,0.0009465424731148448,0.16954215740967749,0.005818893292742646,-0.0,0.16908294525407974,0.006646580944916847,0.0
1224,3.6199999999998895,control,27.023999951779842,3.757087385896799e-05,356.5306304360824,356.5306304360824,7.441221779194368e-07,284.0,0.0,0.0,0.0,0.0,53,54,0.3979003694787168,0.0009465702215292315,0.16954225911990642,0.0058165051957207465,-0.0,0.16908192827665602,0.006643602952360358,0.0
1225,3.6209999999998894,control,25.652999989688396,3.5796981971656374e-05,352.8384298149855,352.8384298149855,7.299175134588428e-07,152.0,0.0,0.0,0.0,0.0,53,54,0.3911379614708746,0.0009465921437245622,0.16954236142485413,0.005814100139650696,-0.0,0.16908092046385553,0.006640604178402932,0.0
1226,3.6219999999998893,control,22.789700073190033,3.4141202555999586e-05,349.1844652212551,349.1844652212551,7.491081192133443e-07,239.0,0.0,0.0,0.0,0.0,53,54,0.3844438516085436,0.0009466188212979763,0.16954246384958202,0.005811709234870961,-0.0,0.16907991707487158,0.00663762549820553,0.0
1227,3.622999999999889,control,21.865900023840368,3.28634575615804e-05,345.5683404245164,345.5683404245164,7.499819936639485e-07,229.0,0.0,0.0,0.0,0.0,53,54,0.37781643302034346,0.0009466461438690603,0.16954256666880865,0.00580931200189979,-0.0,0.16907892086263804,0.0066346431403663825,0.0
1228,3.623999999999889,control,21.639700047671795,3.152527132203743e-05,341.98966399404964,341.98966399404964,7.496641140624004e-07,225.0,0.0,0.0,0.0,0.0,53,54,0.3712548042287777,0.0009466738280833512,0.16954266976716323,0.0058069100159020125,-0.0,0.16907793206668437,0.006631658587608327,0.0
1229,3.624999999999889,control,22.031000000424683,3.016731363391326e-05,338.4480480775377,338.4480480775377,7.497981367563562e-07,225.0,0.0,0.0,0.0,0.0,53,54,0.3647581452906453,0.0009467015712180946,0.16954277310390906,0.005804504118203204,-0.0,0.16907695088025773,0.006628672499603113,0.0
1230,3.625999999999889,control,21.267400006763637,2.87994172012311e-05,334.9431088697293,334.9431088697293,7.49459327561515e-07,230.0,0.0,0.0,0.0,0.0,53,54,0.3583257822651228,0.0009467291017739277,0.16954287666911483,0.0058020953336518685,-0.0,0.16907597739404798,0.006625685680297406,0.0
1231,3.6269999999998888,control,21.94740006234497,2.7412018084043334e-05,331.47446655940996,331.47446655940996,7.490631418927654e-07,232.0,0.0,0.0,0.0,0.0,53,54,0.3519572339715059,0.0009467559218075311,0.1695429804910773,0.005799684018125883,-0.0,0.1690750117016473,0.006622697983740709,0.0
1232,3.6279999999998886,control,21.472199936397374,2.5998865093544008e-05,328.0417452654576,328.0417452654576,7.490821560035624e-07,227.0,0.0,0.0,0.0,0.0,53,54,0.34565214116231535,0.0009467816672478307,0.16954308462447487,0.00579726987812473,-0.0,0.16907405376634438,0.006619708678010749,0.0
1233,3.6289999999998885,control,22.301199962385,2.4565478339261704e-05,324.64457298760146,324.64457298760146,7.493131100910308e-07,227.0,0.0,0.0,0.0,0.0,53,54,0.33941000226792656,0.0009468067139175107,0.1695431891058825,0.005794853028121829,-0.0,0.16907310326656427,0.006616718137000254,0.0
1234,3.6299999999998884,control,21.907899994403124,2.3109804739556035e-05,321.2825815855634,321.2825815855634,7.496635904855842e-07,228.0,0.0,0.0,0.0,0.0,53,54,0.3332302095287489,0.0009468314017322664,0.16954329394353915,0.005792433585015959,-0.0,0.16907215996898348,0.006613726761248213,0.0
1235,3.6309999999998883,control,22.06420002039522,2.163235350567223e-05,317.955406728979,317.955406728979,7.497572052749906e-07,229.0,0.0,0.0,0.0,0.0,53,54,0.32711211480077435,0.0009468559299821557,0.16954339912489363,0.00579001172015896,-0.0,0.16907122374808692,0.006610734916906687,0.0
1236,3.631999999999888,control,21.036199992522597,2.0137514745708006e-05,314.662687856598,314.662687856598,7.490337468987114e-07,230.0,0.0,0.0,0.0,0.0,53,54,0.32105505811859303,0.0009468804106305038,0.16954350462486953,0.005787587686292324,-0.0,0.1690702945410336,0.0066077429938967884,0.0
1237,3.632999999999888,control,21.344600012525916,1.863179883459355e-05,311.40406813899455,311.40406813899455,7.49125691456295e-07,229.0,0.0,0.0,0.0,0.0,53,54,0.3150584087707664,0.0009469048234945969,0.16954361041545854,0.005785161702317717,-0.0,0.169069372344088,0.006604751231545664,0.0
1238,3.633999999999888,control,21.58369997050613,1.7124913496636747e-05,308.1791944388243,308.1791944388243,7.493444337551071e-07,229.0,0.0,0.0,0.0,0.0,53,54,0.30912153695997996,0.000946929203418246,0.16954371646722646,0.0057827341577595245,-0.0,0.1690684571289417,0.006601760089985995,0.0
1239,3.634999999999888,control,21.307700080797076,1.5622607610570335e-05,304.9877172798034,304.9877172798034,7.496876988412462e-07,229.0,0.0,0.0,0.0,0.0,53,54,0.3032438247522702,0.0009469535329098481,0.16954382275276045,0.005780305432696772,-0.0,0.1690675488884077,0.006598769970489911,0.0
1240,3.6359999999998878,control,21.675299969501793,1.41289674737732e-05,301.8292908065916,301.8292908065916,7.493303894660348e-07,230.0,0.0,0.0,0.0,0.0,53,54,0.2974246607532605,0.0009469778000739055,0.16954392924759468,0.005777875935575895,-0.0,0.16906664760911994,0.006595781303823152,0.0
1241,3.6369999999998877,control,25.36359999794513,1.2645393413469933e-05,298.7035727484617,298.7035727484617,7.492661775692038e-07,230.0,0.0,0.0,0.0,0.0,53,54,0.291663461525546,0.0009470019257892631,0.16954403593292167,0.005775445949321033,-0.0,0.16906575329715898,0.006592794325337324,0.0
1242,3.6379999999998875,control,25.444099912419915,1.117492332255904e-05,295.6102243780218,295.6102243780218,7.497854078491632e-07,230.0,0.0,0.0,0.0,0.0,53,54,0.28595965593651335,0.0009470258758521921,0.16954414279398466,0.005773015745430113,-0.0,0.16906486593024186,0.006589809291814067,0.0
1243,3.6389999999998874,control,29.8677000682801,9.720449600246632e-06,292.5489104766566,292.5489104766566,7.490948556044161e-07,232.0,0.0,0.0,0.0,0.0,53,54,0.2803126560642547,0.0009470497006549237,0.1695442498158386,0.005770585663823203,-0.0,0.16906398545363402,0.006586826607360593,0.0
1244,3.6399999999998873,control,22.808299981988966,8.282868579116154e-06,289.5192993008487,289.5192993008487,7.496746651411398e-07,231.0,0.0,0.0,0.0,0.0,53,54,0.2747219165338522,0.0009470732945091106,0.1695443569876918,0.005768155814553178,-0.0,0.16906311187261674,0.0065838462977566665,0.0
1245,3.640999999999887,control,21.57530002295971,6.8717748231965945e-06,286.52106253675805,286.52106253675805,7.491532789212763e-07,233.0,0.0,0.0,0.0,0.0,53,54,0.2691868658559081,0.0009470967474042699,0.1695444642970252,0.005765726521516775,-0.0,0.1690622451097511,0.006580868781719534,0.0
1246,3.641999999999887,control,20.465999958105385,5.497687222537105e-06,283.55387527651465,283.55387527651465,7.498717716573355e-07,232.0,0.0,0.0,0.0,0.0,53,54,0.26370696651392733,0.000947119981874721,0.16954457173322304,0.0057632978815713685,-0.0,0.16906138515890048,0.0065778940971658205,0.0
1247,3.642999999999887,control,21.423200028948486,4.193590182168923e-06,280.61741597097006,280.61741597097006,7.494636576703694e-07,234.0,0.0,0.0,0.0,0.0,53,54,0.25828165495567224,0.000947143093479958,0.16954467928317352,0.005760870210031414,-0.0,0.16906053194273132,0.006574922660595587,0.0
1248,3.643999999999887,control,21.744600031524897,3.035926412168953e-06,277.7113664069045,277.7113664069045,7.493473770929598e-07,234.0,0.0,0.0,0.0,0.0,53,54,0.2529103917452284,0.0009471660338631545,0.169544786934426,0.0057584436482881265,-0.0,0.1690596854486042,0.00657195458500473,0.0
1249,3.6449999999998868,control,21.88330003991723,2.2514503786773805e-06,274.8354116619494,274.8354116619494,7.497670593514611e-07,234.0,0.0,0.0,0.0,0.0,53,54,0.24759264637001424,0.0009471888005013904,0.16954489467518785,0.0057560183862273035,-0.0,0.1690588456392376,0.0065689900698959825,0.0
1250,3.6459999999998867,control,21.106400061398745,2.253633526496628e-06,271.98924007557133,271.98924007557133,7.498513416256055e-07,235.0,0.0,0.0,0.0,0.0,53,54,0.24232787661093178,0.0009472114394977331,0.1695450024923987,0.005753594661449039,-0.0,0.16905801246126317,0.006566029410022721,0.0
1251,3.6469999999998866,control,21.889599971473217,3.0299909896409647e-06,269.1725432168699,269.1725432168699,7.49351115426982e-07,236.0,0.0,0.0,0.0,0.0,53,54,0.2371155451719368,0.0009472339557662225,0.1695451103725048,0.005751172682293635,-0.0,0.16905718588312066,0.00656307283601683,0.0
1252,3.6479999999998864,control,22.098700050264597,4.1616665820913995e-06,266.3850158485873,266.3850158485873,7.499805366593321e-07,235.0,0.0,0.0,0.0,0.0,53,54,0.2319551462095757,0.0009472562832100525,0.16954521830419547,0.005748752568369632,-0.0,0.1690563658968884,0.006560120419563537,0.0
1253,3.6489999999998863,control,22.725299932062626,5.423223524165841e-06,263.62635589090974,263.62635589090974,7.495092191153764e-07,237.0,0.0,0.0,0.0,0.0,53,54,0.22684614540559064,0.0009472785111073958,0.16954532627501304,0.0057463346049073044,-0.0,0.16905555243126993,0.006557172541606712,0.0
1254,3.6499999999998862,control,21.98560000397265,6.739621468314711e-06,260.89626439866305,260.89626439866305,7.484641038243401e-07,238.0,0.0,0.0,0.0,0.0,53,54,0.22178802530554356,0.0009473006086982556,0.16954543427272933,0.0057439189553999265,-0.0,0.16905474547123042,0.006554229354767753,0.0
1255,3.650999999999886,control,21.578700048848987,8.081473563490716e-06,258.1944455195018,258.1944455195018,7.445324989009143e-07,242.0,0.0,0.0,0.0,0.0,53,54,0.21678025210680246,0.0009473226336828902,0.16954554228498836,0.005741505883931804,-0.0,0.1690539449666827,0.006551291194321268,0.0
1256,3.651999999999886,control,22.6668999530375,9.440338286247179e-06,255.52060646943033,255.52060646943033,7.138650408935529e-07,245.0,0.0,0.0,0.0,0.0,53,54,0.211822455147803,0.0009473441274964137,0.16954565032013846,0.0057390952941739825,-0.0,0.1690531510209242,0.006548357511366527,0.0
1257,3.652999999999886,control,22.027299972251058,1.080963973134779e-05,252.8744574916454,252.8744574916454,6.426117275934884e-07,249.0,0.0,0.0,0.0,0.0,53,54,0.20691481715261595,0.0009473634396420422,0.1695457584869785,0.0057366860822358565,-0.0,0.16905236397525014,0.00654542543614831,0.0
1258,3.653999999999886,control,21.356499986723065,1.2184955112590756e-05,250.25571182924955,250.25571182924955,6.133576603712488e-07,258.0,0.0,0.0,0.0,0.0,53,54,0.20205727914302507,0.0009473810058738608,0.16954586694933158,0.00573427693657942,-0.0,0.16905158335260825,0.006542493798752454,0.0
1259,3.6549999999998857,control,22.501699975691736,1.3569649036065816e-05,247.66408570138148,247.66408570138148,6.665826310284364e-07,266.0,0.0,0.0,0.0,0.0,53,54,0.19724907699638136,0.0009473985756843486,0.1695459757226301,0.005731867404658735,-0.0,0.16905080831020614,0.006539563693422078,0.0
1260,3.6559999999998856,control,21.7753000324592,1.4962689217067756e-05,245.0992982607514,245.0992982607514,6.220302407904144e-07,271.0,0.0,0.0,0.0,0.0,53,54,0.19248933941219204,0.0009474170196109322,0.16954608473168498,0.0057294580021038585,-0.0,0.1690500385852064,0.006536636563273699,0.0
1261,3.6569999999998855,control,21.198999951593578,1.6357861197878526e-05,242.5610715628168,242.5610715628168,6.210557119433532e-07,273.0,0.0,0.0,0.0,0.0,53,54,0.18777726492447008,0.0009474365158787515,0.16954619387017258,0.005727049713797455,-0.0,0.16904927427393646,0.0065337137495006655,0.0
1262,3.6579999999998853,control,29.145400039851665,1.774668235808322e-05,240.04913053880458,240.04913053880458,6.24643887367523e-07,273.0,0.0,0.0,0.0,0.0,53,54,0.18311218412436517,0.0009474568217518516,0.1695463030420043,0.005724643562523947,-0.0,0.16904851562832332,0.006530796227882639,0.0
1263,3.6589999999998852,control,28.180500026792288,1.9121721289969913e-05,237.5632029693438,237.5632029693438,6.68381308333501e-07,275.0,0.0,0.0,0.0,0.0,53,54,0.17849183723790205,0.0009474811296197269,0.16954641184620656,0.005722242795261442,-0.0,0.1690477617110076,0.0065278906920820945,0.0
1264,3.659999999999885,control,33.085100003518164,2.0481968342367093e-05,235.1030194604137,235.1030194604137,7.494800896070714e-07,291.0,0.0,0.0,0.0,0.0,53,54,0.17391317085791255,0.0009475121836206846,0.16954651969577872,0.005719852901355184,-0.0,0.16904701237005443,0.0065250061598453955,0.0
1265,3.660999999999885,control,23.02239998243749,2.1849862168977532e-05,232.66831343126086,232.66831343126086,7.495317465041436e-07,292.0,0.0,0.0,0.0,0.0,53,54,0.1693779731510719,0.0009475408018636614,0.16954662685972732,0.005717473528719977,-0.0,0.1690462719596449,0.006522134044192141,0.0
1266,3.661999999999885,control,21.508099976927042,2.3219107695036997e-05,230.25882103312026,230.25882103312026,7.340426861597525e-07,270.0,0.0,0.0,0.0,0.0,53,54,0.16488673108532026,0.0009475667350959389,0.16954673348096583,0.005715103457438334,-0.0,0.16904554003891586,0.0065192725013006846,0.0
1267,3.662999999999885,control,20.568400039337575,2.454820245213628e-05,227.8742811142,227.8742811142,7.037011123359168e-07,273.0,0.0,0.0,0.0,0.0,53,54,0.1604396606653953,0.0009475903618573287,0.16954683973842188,0.005712741703749992,-0.0,0.16904481596409943,0.006516420510176998,0.0
1268,3.6639999999998847,control,21.757100010290742,2.585212571392468e-05,225.51443528340556,225.51443528340556,6.723448083756718e-07,282.0,0.0,0.0,0.0,0.0,53,54,0.15603668935799225,0.0009476122238557461,0.16954694577911517,0.005710387058100839,-0.0,0.16904409913547624,0.00651357706039289,0.0
1269,3.6649999999998846,control,21.37490001041442,2.715248696288301e-05,223.17902783228104,223.17902783228104,6.752192055154294e-07,292.0,0.0,0.0,0.0,0.0,53,54,0.15167759267583097,0.0009476327482771281,0.16954705171475085,0.0057080383336815515,-0.0,0.16904338910541875,0.00651074114392208,0.0
1270,3.6659999999998845,control,21.378700039349496,2.8464888207979406e-05,220.86780569463485,220.86780569463485,6.390128781705164e-07,303.0,0.0,0.0,0.0,0.0,53,54,0.14736201550423103,0.0009476524396871163,0.16954715761606137,0.005705694647078213,-0.0,0.1690426854784552,0.006507912204118691,0.0
1271,3.6669999999998844,control,22.017800016328692,2.9798867164363914e-05,218.58051841906712,218.58051841906712,6.257723907572839e-07,311.0,0.0,0.0,0.0,0.0,53,54,0.14308954774147192,0.0009476716743945942,0.16954726351384394,0.005703355420613849,-0.0,0.16904198798538347,0.006505089942004095,0.0
1272,3.6679999999998842,control,21.86699991580099,3.115227768659026e-05,216.31691813621114,216.31691813621114,6.141616059700522e-07,316.0,0.0,0.0,0.0,0.0,53,54,0.13885975814348003,0.0009476907178758679,0.16954736940884252,0.005701020416258054,-0.0,0.16904129645068094,0.006502274344651339,0.0
1273,3.668999999999884,control,21.324399975128472,3.251582275761046e-05,214.07675953642897,214.07675953642897,6.044774000001782e-07,319.0,0.0,0.0,0.0,0.0,53,54,0.13467220457852885,0.0009477097347542407,0.16954747528323716,0.005698689662411759,-0.0,0.16904061077155513,0.006499465603699517,0.0
1274,3.669999999999884,control,21.171399974264205,3.387867919000817e-05,211.8597998488617,211.8597998488617,5.970535633753201e-07,321.0,0.0,0.0,0.0,0.0,53,54,0.1305264410448627,0.0009477287946952224,0.16954758111171575,0.005696363334648495,-0.0,0.16903993090260544,0.006496663986581702,0.0
1275,3.670999999999884,control,21.775800036266446,3.523229899920956e-05,209.6657988189306,209.6657988189306,7.097812662489721e-07,323.0,0.0,0.0,0.0,0.0,53,54,0.1264220222320952,0.0009477479008807488,0.16954768686977906,0.005694041654119084,-0.0,0.169039256833258,0.006493869749141415,0.0
1276,3.671999999999884,control,21.36310003697872,3.657242988486419e-05,207.49451868433135,207.49451868433135,5.873678754542953e-07,327.0,0.0,0.0,0.0,0.0,53,54,0.12235849868028681,0.0009477670418646946,0.16954779253833654,0.00569172483565909,-0.0,0.1690385885606015,0.006491083124978567,0.0
1277,3.6729999999998837,control,21.552499965764582,3.7901127058090715e-05,205.34572415126982,205.34572415126982,7.272664021674363e-07,331.0,0.0,0.0,0.0,0.0,53,54,0.1183354426093457,0.0009477861326642891,0.16954789810561524,0.005689412987828974,-0.0,0.1690379261082052,0.006488304166356026,0.0
1278,3.6739999999998836,control,22.31589995790273,3.922133403233363e-05,203.21918236354497,203.21918236354497,5.787550534979116e-07,337.0,0.0,0.0,0.0,0.0,53,54,0.11435243456355514,0.000947805126542433,0.16954800356735958,0.00568710616186241,-0.0,0.1690372694738988,0.006485532892174536,0.0
1279,3.6749999999998835,control,21.55559998936951,4.053901212039118e-05,201.1146628794425,201.1146628794425,5.731749699744114e-07,343.0,0.0,0.0,0.0,0.0,53,54,0.11040907709424608,0.0009478239547541237,0.1695481089242823,0.005684804315883181,-0.0,0.16903661865678649,0.006482769199485721,0.0
1280,3.6759999999998834,control,21.769699989818037,4.185827683427782e-05,199.03193764189618,199.03193764189618,7.068151799957777e-07,349.0,0.0,0.0,0.0,0.0,53,54,0.10650498888279057,0.0009478425767568613,0.16954821418008656,0.005682507366690228,-0.0,0.1690359736345612,0.006480012961550199,0.0
1281,3.6769999999998833,control,22.281999932602048,4.3181417310034915e-05,196.97078095378797,196.97078095378797,5.59350939530056e-07,356.0,0.0,0.0,0.0,0.0,53,54,0.10263978930937609,0.0009478610047429691,0.16954831933853642,0.005680215241156018,-0.0,0.16903533435905385,0.006477264107372899,0.0
1282,3.677999999999883,control,24.71459994558245,4.4510581237794907e-05,194.93096945518735,194.93096945518735,5.515549862216e-07,362.0,0.0,0.0,0.0,0.0,53,54,0.09881310919612617,0.0009478792314367378,0.16954842440145723,0.005677927858411748,-0.0,0.1690347007902085,0.006474522541192555,0.0
1283,3.678999999999883,control,28.208900010213256,4.584463352466504e-05,192.91228209599112,192.91228209599112,5.436975848522554e-07,368.0,0.0,0.0,0.0,0.0,53,54,0.09502457933612052,0.0009478972803015202,0.16954852936858544,0.005675645178918564,-0.0,0.16903407287463934,0.006471788237570527,0.0
1284,3.679999999999883,control,27.03439991455525,4.718194877502616e-05,190.9145001147737,190.9145001147737,7.703040068267212e-07,373.0,0.0,0.0,0.0,0.0,53,54,0.09127383402195657,0.0009479151649959604,0.1695486342370521,0.005673367188814786,-0.0,0.1690334505653809,0.0064690611905973226,0.0
1285,3.680999999999883,control,27.493900037370622,4.851953031647005e-05,188.93740701419406,188.93740701419406,6.784664686128328e-07,379.0,0.0,0.0,0.0,0.0,53,54,0.0875604982345631,0.0009479329278747505,0.16954873900242862,0.005671093924427658,-0.0,0.16903283380699896,0.006466341473985584,0.0
1286,3.6819999999998827,control,24.75030010100454,4.985678416253343e-05,186.9807885413105,186.9807885413105,6.345151367762074e-07,385.0,0.0,0.0,0.0,0.0,53,54,0.08388419858017503,0.0009479505782105065,0.1695488436592777,0.005668825424340807,-0.0,0.1690322225630875,0.006463629137027707,0.0
1287,3.6829999999998826,control,23.770000087097287,5.1193405422325935e-05,185.044432662252,185.044432662252,6.873115831018525e-07,391.0,0.0,0.0,0.0,0.0,53,54,0.08024456673879707,0.0009479681105765767,0.16954894820261837,0.005666561723291108,-0.0,0.1690316168041963,0.006460924211627999,0.0
1288,3.6839999999998825,control,23.460399941541255,5.2529369435697425e-05,183.12812953923117,183.12812953923117,5.099497195437954e-07,398.0,0.0,0.0,0.0,0.0,53,54,0.07664123406056902,0.0009479855312879089,0.1695490526284235,0.005664302857040572,-0.0,0.1690310164960876,0.006458226740750881,0.0
1289,3.6849999999998824,control,23.059999919496477,5.38661870467066e-05,181.2316715090558,181.2316715090558,7.439130341417431e-07,404.0,0.0,0.0,0.0,0.0,53,54,0.07307384491860831,0.0009480028129455716,0.16954915693320538,0.0056620488335828514,-0.0,0.169030421617826,0.0064555367074227545,0.0
1290,3.6859999999998823,control,22.30429998598993,5.5203509675005616e-05,179.35485305723427,179.35485305723427,7.274272891064337e-07,411.0,0.0,0.0,0.0,0.0,53,54,0.0695420427381321,0.0009480199653392661,0.16954926111445873,0.005659799673133075,-0.0,0.16902983213039338,0.0064528541385985355,0.0
1291,3.686999999999882,control,24.147899937815964,5.654252764906606e-05,177.49747079910202,177.49747079910202,7.696749347118475e-07,418.0,0.0,0.0,0.0,0.0,53,54,0.06604547576108116,0.0009480369857723766,0.16954936516956917,0.005657555386046259,-0.0,0.16902924800098335,0.006450179040332855,0.0
1292,3.687999999999882,control,24.98710004147142,5.788392810597603e-05,175.65932345573492,175.65932345573492,5.333296393248231e-07,426.0,0.0,0.0,0.0,0.0,53,54,0.06258379255834791,0.0009480538833654904,0.16954946909620547,0.00565531598670786,-0.0,0.16902866919207268,0.006447511433311581,0.0
1293,3.688999999999882,control,22.431900026276708,5.922924256374813e-05,173.8402118334894,173.8402118334894,6.833867677192162e-07,433.0,0.0,0.0,0.0,0.0,53,54,0.059156653198238776,0.0009480706388660823,0.1695495728916277,0.005653081474493712,-0.0,0.16902809567771013,0.0064448512968819545,0.0
1294,3.689999999999882,control,21.895500016398728,6.05777424296699e-05,172.03993879931258,172.03993879931258,5.496550066470987e-07,441.0,0.0,0.0,0.0,0.0,53,54,0.055763716234394474,0.0009480872670358573,0.1695496765533057,0.005650851868095258,-0.0,0.16902752741602034,0.006442198659551246,0.0
1295,3.6909999999998817,control,22.87600003182888,6.192993710619757e-05,170.2583092628731,170.2583092628731,7.76408666580513e-07,448.0,0.0,0.0,0.0,0.0,53,54,0.05240464877769719,0.0009481037576095862,0.1695497800778746,0.005648627180332783,-0.0,0.16902696437636364,0.006439553521686394,0.0
1296,3.6919999999998816,control,21.47409995086491,6.328456776503299e-05,168.49513015241513,168.49513015241513,7.79948007310249e-07,420.0,0.0,0.0,0.0,0.0,53,54,0.049079269946244716,0.000948119725794342,0.16954988345314256,0.005646407316621722,-0.0,0.16902640665442759,0.006436915416293988,0.0
1297,3.6929999999998815,control,21.648900001309812,6.459647365452046e-05,166.75021035169354,166.75021035169354,7.7994926258895e-07,425.0,0.0,0.0,0.0,0.0,53,54,0.045787181070575556,0.0009481358022972983,0.1695499866736903,0.005644192815998509,-0.0,0.1690258539080123,0.0064342854330635395,0.0
1298,3.6939999999998814,control,21.85519994236529,6.588660335201333e-05,165.02336078930267,165.02336078930267,7.799543663985056e-07,426.0,0.0,0.0,0.0,0.0,53,54,0.042527981122547756,0.000948151962982545,0.16955008972754684,0.005641983774186968,-0.0,0.16902530615175215,0.006431663673566325,0.0
1299,3.6949999999998813,control,21.20459999423474,6.716752313090858e-05,163.3143943436812,163.3143943436812,7.798894405522508e-07,424.0,0.0,0.0,0.0,0.0,53,54,0.039301329005911274,0.0009481680412622597,0.16955019260940798,0.005639780208773893,-0.0,0.16902476344961573,0.006429050018478479,0.0
1300,3.695999999999881,control,21.226700046099722,6.844520365466635e-05,161.6231258246173,161.6231258246173,6.550330937862385e-07,421.0,0.0,0.0,0.0,0.0,53,54,0.03610689840873954,0.0009481839715125106,0.16955029532048907,0.005637582052314248,-0.0,0.16902422580256315,0.006426444338231399,0.0
1301,3.696999999999881,control,21.73509995918721,6.972237755857125e-05,159.949371956533,159.949371956533,5.19769754865785e-07,413.0,0.0,0.0,0.0,0.0,53,54,0.03294439791870965,0.0009481996927185105,0.16955039785820014,0.005635389334180301,-0.0,0.16902369319338462,0.00642384659575701,0.0
1302,3.697999999999881,control,26.584699982777238,7.099408422335131e-05,158.29295135417144,158.29295135417144,8.099778334588836e-07,326.0,0.0,0.0,0.0,0.0,53,54,0.029813937690498893,0.0009482142095792323,0.16955050019142823,0.00563320209765889,-0.0,0.16902316590963776,0.006421255866444052,0.0
1303,3.698999999999881,control,26.082700002007186,7.214290388007555e-05,156.65368439815214,156.65368439815214,7.541927368322141e-07,373.0,0.0,0.0,0.0,0.0,53,54,0.02671464228849243,0.0009482299989474482,0.16955060193795632,0.005631038551755528,-0.0,0.16902264236000494,0.006418692546192986,0.0
1304,3.6999999999998807,control,32.82920003402978,7.265371540182002e-05,155.0313929300704,155.0313929300704,6.374193795803152e-07,364.0,0.0,0.0,0.0,0.0,53,54,0.023646082980203507,0.000948245861430173,0.1695507030700083,0.005628896544385897,-0.0,0.16902212321632268,0.006416153524029225,0.0
1305,3.7009999999998806,control,22.872100002132356,7.264571468019692e-05,153.4259012658257,153.4259012658257,6.032153818042211e-07,357.0,0.0,0.0,0.0,0.0,53,54,0.020608038660654773,0.0009482614348513926,0.1695508035836329,0.0056267750370474715,-0.0,0.16902160861000518,0.006413637432078256,0.0
1306,3.7019999999998805,control,20.720799919217825,7.221643735098151e-05,151.83703552022973,151.83703552022973,5.728445751288264e-07,349.0,0.0,0.0,0.0,0.0,53,54,0.017600358900739417,0.0009482766070809085,0.16955090389064087,0.005624655734963564,-0.0,0.1690210989850225,0.006411125877765933,0.0
1307,3.7029999999998804,control,20.74840001296252,7.209156674310283e-05,150.2646242382657,150.2646242382657,7.036137949419313e-07,339.0,0.0,0.0,0.0,0.0,53,54,0.014622752481117725,0.0009482916503264988,0.16955100359025638,0.005622556680143047,-0.0,0.16902059368440595,0.006408637074157991,0.0
1308,3.7039999999998803,control,20.457299891859293,7.156465915906318e-05,148.7084963152504,148.7084963152504,4.7155214872288626e-07,331.0,0.0,0.0,0.0,0.0,53,54,0.01167498019530542,0.0009483063805844772,0.16955110310563676,0.00562045900368194,-0.0,0.16902009322884076,0.006406152011288812,0.0
1309,3.70499999999988,control,19.918999983929098,7.135727775588795e-05,147.16848383977538,147.16848383977538,6.945474493278989e-07,320.0,0.0,0.0,0.0,0.0,53,54,0.008756726712445933,0.0009483211184755211,0.1695512020188564,0.005618381149445184,-0.0,0.16901959694889748,0.006403689364950814,0.0
1310,3.70599999999988,control,20.463000051677227,7.076096394084522e-05,145.64441921611592,145.64441921611592,4.6309246792795594e-07,313.0,0.0,0.0,0.0,0.0,53,54,0.005867626018301418,0.0009483357514670005,0.16955130035035176,0.005616321362751049,-0.0,0.1690191049091626,0.006401247289121151,0.0
1311,3.70699999999988,control,21.31290000397712,6.984960386329875e-05,144.13613735951094,144.13613735951094,5.230357969599118e-07,305.0,0.0,0.0,0.0,0.0,53,54,0.0030074014820059922,0.0009483503289293512,0.16955139808423433,0.005614279277738759,-0.0,0.16901861705118948,0.0063988254632549885,0.0
1312,3.70799999999988,control,21.34830004069954,6.868353700951251e-05,142.64347488200715,142.64347488200715,7.010979466521599e-07,297.0,0.0,0.0,0.0,0.0,53,54,0.00017576879373325734,0.0009483648099266491,0.16955149522453097,0.00561225408208601,-0.0,0.16901813337772706,0.0063964230390596505,0.0
1313,3.7089999999998797,control,22.47279998846352,6.731201216495796e-05,141.16627007721738,141.16627007721738,4.5738945261931626e-07,290.0,0.0,0.0,0.0,0.0,52,53,1.0,0.0009484890242191058,0.16955159178045676,0.005610244933168931,-0.0,0.1690295834011372,0.006402165813676745,0.0
1314,3.7099999999998796,control,20.386299933306873,6.57752750400855e-05,139.70436290487316,139.70436290487316,6.980063568267323e-07,62.0,0.0,0.0,0.0,0.0,52,53,1.0,0.0009628030381989869,0.16955188551062136,0.005605458428728609,-0.0,0.16903964062436305,0.006420685309337565,0.0
1315,3.7109999999998795,control,22.923699929378927,6.439885116455486e-05,138.25759526746026,138.25759526746026,7.678613662955597e-07,251.0,0.0,0.0,0.0,0.0,52,53,1.0,0.0009734686693607818,0.16955215353328337,0.005601221889111765,-0.0,0.1690494414048732,0.0064348415662885804,0.0
1316,3.7119999999998794,control,23.90430006198585,6.388823691910592e-05,136.82581108956492,136.82581108956492,3.0384211858905515e-07,319.0,0.0,0.0,0.0,0.0,52,53,1.0,0.0009700854711057254,0.1695521796606164,0.005600100218535314,-0.0,0.16906174472595686,0.0064370825338299215,0.0
1317,3.7129999999998793,control,22.983499919064343,6.327602942301136e-05,135.40885424461294,135.40885424461294,6.168943331049086e-07,209.0,0.0,0.0,0.0,0.0,52,53,1.0,0.0009667422838547276,0.16955219836441224,0.005599022860260403,-0.0,0.1690741172880182,0.006439278254641518,0.0
1318,3.713999999999879,control,22.39009994082153,6.325423276206216e-05,134.0065718732306,134.0065718732306,5.978768450319149e-07,208.0,0.0,0.0,0.0,0.0,52,53,1.0,0.000963486831222789,0.1695522191344049,0.005597953758591615,-0.0,0.16908638141384832,0.006441341031465932,0.0
1319,3.714999999999879,control,21.867500036023557,6.30611863074781e-05,132.61881125170927,132.61881125170927,5.725571489257482e-07,302.0,0.0,0.0,0.0,0.0,52,53,1.0,0.0009604894806717846,0.16955223746211465,0.005596924795681527,-0.0,0.1690986320060471,0.006443554663278291,0.0
1320,3.715999999999879,control,21.21339994482696,6.275661078404816e-05,131.24542205190863,131.24542205190863,6.294127196992194e-07,183.0,0.0,0.0,0.0,0.0,52,53,1.0,0.0009576272601837073,0.1695522543785243,0.005595940858309885,-0.0,0.16911083452754933,0.0064457634778089055,0.0
1321,3.716999999999879,control,20.658800029195845,6.233952973554262e-05,129.88625544242603,129.88625544242603,6.502715321645273e-07,158.0,0.0,0.0,0.0,0.0,52,53,1.0,0.0009549274730328193,0.1695522714131933,0.005594982091132109,-0.0,0.16912296564525026,0.006447966871983261,0.0
1322,3.7179999999998787,control,20.87429992388934,6.183015708191423e-05,128.5411641543657,128.5411641543657,6.757444727250617e-07,160.0,0.0,0.0,0.0,0.0,52,53,1.0,0.000952400547737414,0.16955228845753603,0.005594049401000531,-0.0,0.16913501950738244,0.006450176393080704,0.0
1323,3.7189999999998786,control,25.884400005452335,6.124718715910434e-05,127.21000244256174,127.21000244256174,5.310039619905736e-07,318.0,0.0,0.0,0.0,0.0,52,53,0.9988102068489738,0.0009501842432727051,0.16955229515003326,0.005593238062119749,-0.0,0.1691412798127418,0.006449927322397308,0.0
1324,3.7199999999998785,control,22.68199995160103,6.069184709999424e-05,125.89262615405372,125.89262615405372,7.545077493728187e-07,204.0,0.0,0.0,0.0,0.0,52,53,0.9964698489053414,0.0009489917150539784,0.16955231703400458,0.0055922645835213055,-0.0,0.16914156478544784,0.0064477573453531455,0.0
1325,3.7209999999998784,control,23.68209999985993,6.012284613976792e-05,124.58889248696023,124.58889248696023,5.702034516167078e-07,148.0,0.0,0.0,0.0,0.0,52,53,0.9940984192757049,0.0009489113855100134,0.1695523577790395,0.005591059944667532,-0.0,0.16914135872287336,0.006446345039464051,0.0
1326,3.7219999999998783,control,20.943399984389544,5.9505528751743934e-05,123.29866012455349,123.29866012455349,4.866054897595963e-07,175.0,0.0,0.0,0.0,0.0,52,53,0.9917618184678808,0.0009488750636445042,0.16955240319345985,0.0055898223428368,-0.0,0.16914112565714637,0.00644493325642069,0.0
1327,3.722999999999878,control,20.356500055640936,5.8843788996141755e-05,122.02178925188642,122.02178925188642,5.104857667976383e-07,209.0,0.0,0.0,0.0,0.0,52,53,0.989451648040786,0.0009488715437029814,0.16955245118920315,0.005588547622115954,-0.0,0.16914087917769902,0.006443512934743153,0.0
1328,3.723999999999878,control,19.631000002846122,5.8783493856545e-05,120.75814214444246,120.75814214444246,7.22280056202321e-07,222.0,0.0,0.0,0.0,0.0,52,53,0.9871580814846838,0.000948903668424248,0.1695524991101237,0.00558725757566578,-0.0,0.1691406264500664,0.006442113752953106,0.0
1329,3.724999999999878,control,19.684000057168305,5.9245702656060147e-05,119.50758178529883,119.50758178529883,4.7502629956728375e-07,204.0,0.0,0.0,0.0,0.0,52,53,0.984886895608238,0.0009489277756795807,0.16955254712367343,0.005585961470979167,-0.0,0.16914038379977836,0.0064407043082653085,0.0
1330,3.725999999999878,control,19.783600000664592,6.008241049621406e-05,118.26997250637041,118.26997250637041,7.417330033970244e-07,190.0,0.0,0.0,0.0,0.0,52,53,0.9826389888283086,0.0009489457796599701,0.16955259557085653,0.00558465944055702,-0.0,0.16914014884398684,0.006439285551923243,0.0
1331,3.7269999999998777,control,20.156299928203225,6.118737731344729e-05,117.04518008484517,117.04518008484517,7.391922520449065e-07,182.0,0.0,0.0,0.0,0.0,52,53,0.9804143022932528,0.0009489618133393604,0.16955264462680736,0.005583351389045808,-0.0,0.16913991934778816,0.006437860819792392,0.0
1332,3.7279999999998776,control,19.642299972474575,6.248692079304877e-05,115.83307171942262,115.83307171942262,6.245445851787099e-07,177.0,0.0,0.0,0.0,0.0,52,53,0.9782138757788407,0.000948977077828959,0.16955269435465212,0.005582041639949145,-0.0,0.16913969462375886,0.006436435411302194,0.0
1333,3.7289999999998775,control,20.05329995881766,6.392191150988493e-05,114.63351599785638,114.63351599785638,6.777336741045792e-07,197.0,0.0,0.0,0.0,0.0,52,53,0.9760346283013972,0.0009489943710586597,0.16955274482888072,0.005580717227333418,-0.0,0.16913947408531985,0.006434999153173866,0.0
1334,3.7299999999998774,control,20.22659999784082,6.547406171597669e-05,113.4463829092014,113.4463829092014,7.787067375965927e-07,200.0,0.0,0.0,0.0,0.0,52,53,0.9738770827032689,0.0009490085800197032,0.16955279576946553,0.00557938679836867,-0.0,0.16913925897469573,0.006433555753741397,0.0
1335,3.7309999999998773,control,19.262999994680285,6.711666668208425e-05,112.27154378011899,112.27154378011899,7.759217705260872e-07,191.0,0.0,0.0,0.0,0.0,52,53,0.971742133783178,0.0009490212506993204,0.16955284751649483,0.005578048003026092,-0.0,0.16913904859783507,0.006432104083851539,0.0
1336,3.731999999999877,control,19.694600021466613,6.882105474616135e-05,111.10887126761608,111.10887126761608,7.730528636907261e-07,189.0,0.0,0.0,0.0,0.0,52,53,0.9696287890749853,0.0009490356584255432,0.1695529000275771,0.005576699941872324,-0.0,0.16913884196892728,0.006430646430260407,0.0
1337,3.732999999999877,control,19.378499942831695,7.057325543904519e-05,109.95823936188458,109.95823936188458,7.693112860974766e-07,189.0,0.0,0.0,0.0,0.0,52,53,0.9675367556868057,0.0009490507664712476,0.16955295323713493,0.005575343387957757,-0.0,0.16913863964770254,0.006429182721176431,0.0
1338,3.733999999999877,control,19.105699961073697,7.235913920458847e-05,108.81952335774629,108.81952335774629,7.75824099730686e-07,191.0,0.0,0.0,0.0,0.0,52,53,0.9654659312182328,0.0009490653507818605,0.16955300716221633,0.005573978053290466,-0.0,0.16913844201791034,0.006427711490131996,0.0
1339,3.734999999999877,control,19.12910002283752,7.416806426412116e-05,107.69259984480126,107.69259984480126,7.76083077396701e-07,195.0,0.0,0.0,0.0,0.0,52,53,0.9634162009602789,0.0009490789659310498,0.1695530618622862,0.005572602995049443,-0.0,0.16913824905574756,0.006426231262566574,0.0
1340,3.7359999999998768,control,18.741499981842935,7.599224754406962e-05,106.5773466934306,106.5773466934306,7.744912158745814e-07,201.0,0.0,0.0,0.0,0.0,52,53,0.9613879273365495,0.0009490919497400137,0.16955311739149984,0.005571218740734697,-0.0,0.1691380604019829,0.006424742744213473,0.0
1341,3.7369999999998766,control,18.562500015832484,7.78220201792861e-05,105.47364303680247,105.47364303680247,7.622348738012112e-07,207.0,0.0,0.0,0.0,0.0,52,53,0.9593799816975268,0.000949103029056115,0.1695531737880193,0.005569821428854638,-0.0,0.16913787631927943,0.006423240770223087,0.0
1342,3.7379999999998765,control,21.07719995547086,7.966466230763628e-05,104.38136927666335,104.38136927666335,7.76754021355257e-07,205.0,0.0,0.0,0.0,0.0,52,53,0.9573929418860448,0.0009491125874952576,0.16955323118446508,0.0055684113906835035,-0.0,0.16913769638000514,0.006421725828639632,0.0
1343,3.7389999999998764,control,25.521700037643313,8.1504214388801e-05,103.3004070300959,103.3004070300959,7.745785308003777e-07,207.0,0.0,0.0,0.0,0.0,52,53,0.9554263743368044,0.0009491221700901268,0.16955328957499025,0.005566988447454877,-0.0,0.16913751989428916,0.006420199128568461,0.0
1344,3.7399999999998763,control,27.01310010161251,8.333418214029154e-05,102.23063914946545,102.23063914946545,7.780404264191127e-07,208.0,0.0,0.0,0.0,0.0,52,53,0.9534805963223244,0.0009491321224085842,0.16955334890468776,0.005565555048882533,-0.0,0.16913734667388833,0.006418663441619188,0.0
1345,3.740999999999876,control,20.516099990345538,8.51454439410694e-05,101.17194969759964,101.17194969759964,7.524796029384467e-07,213.0,0.0,0.0,0.0,0.0,52,53,0.9515543199984573,0.0009491416867087351,0.169553409146055,0.005564107952611414,-0.0,0.16913717705992778,0.006417114864615354,0.0
1346,3.741999999999876,control,18.966600066050887,8.694741202821152e-05,100.12422395644536,100.12422395644536,7.475358601709758e-07,211.0,0.0,0.0,0.0,0.0,52,53,0.9496480745489468,0.0009491505211939208,0.16955347034450322,0.005562648643749434,-0.0,0.16913701104762416,0.006415554480243529,0.0
1347,3.742999999999876,control,18.894200096838176,8.872845560781014e-05,99.08734837497016,99.08734837497016,7.40349686835114e-07,213.0,0.0,0.0,0.0,0.0,52,53,0.9477618855868803,0.0009491599568223548,0.16955353245745733,0.0055611785368988404,-0.0,0.1691368480788459,0.006413984934773662,0.0
1348,3.743999999999876,control,18.65640003234148,9.048380895574959e-05,98.06121058481911,98.06121058481911,7.051676140933516e-07,219.0,0.0,0.0,0.0,0.0,52,53,0.9458945722670488,0.0009491692668102955,0.1695535954306103,0.005559695299340292,-0.0,0.16913668850673788,0.006412403287976749,0.0
1349,3.7449999999998758,control,18.93680007196963,9.222281586022177e-05,97.04569939540772,97.04569939540772,6.986319025391678e-07,217.0,0.0,0.0,0.0,0.0,52,53,0.9440466925667375,0.0009491778413189691,0.169553659287811,0.005558200830418794,-0.0,0.16913653241780505,0.006410810793279879,0.0
1350,3.7459999999998757,control,19.008099916391075,9.393581955277147e-05,96.04070474868719,96.04070474868719,6.930785051209635e-07,219.0,0.0,0.0,0.0,0.0,52,53,0.942218232074907,0.0009491870032646376,0.16955372399276739,0.005556696231847319,-0.0,0.16913637926535394,0.006409209777585272,0.0
1351,3.7469999999998755,control,19.355099997483194,9.5620236430358e-05,95.04611773334564,95.04611773334564,6.628276053137112e-07,225.0,0.0,0.0,0.0,0.0,52,53,0.9404080896672314,0.0009491960563339064,0.16955378949438435,0.005555179320677797,-0.0,0.1691362293869013,0.0064075974751058775,0.0
1352,3.7479999999998754,control,19.31679993867874,9.728588691699509e-05,94.06183057835061,94.06183057835061,6.558296083233038e-07,224.0,0.0,0.0,0.0,0.0,52,53,0.9386167541619056,0.0009492044470474177,0.1695538558121148,0.005553651858559551,-0.0,0.16913608285489232,0.006405975059292805,0.0
1353,3.7489999999998753,control,19.31750006042421,9.89249186825694e-05,93.08773661113419,93.08773661113419,6.529186845607397e-07,226.0,0.0,0.0,0.0,0.0,52,53,0.9368442460289669,0.0009492132273163613,0.16955392291006188,0.005552115015758228,-0.0,0.16913593919613668,0.006404344659578268,0.0
1354,3.749999999999875,control,19.978299969807267,0.00010053552671441175,92.1237302697913,92.1237302697913,6.224948417858218e-07,233.0,0.0,0.0,0.0,0.0,52,53,0.935089512146729,0.0009492218990336172,0.16955399075207495,0.005550566500888959,-0.0,0.1691357986645642,0.006402703574104531,0.0
1355,3.750999999999875,control,20.915500004775822,0.00010212717882338573,91.16970709688893,91.16970709688893,6.233423339703518e-07,232.0,0.0,0.0,0.0,0.0,52,53,0.9333533593906425,0.0009492301252040468,0.16955405933669868,0.005549009324976996,-0.0,0.16913566121875126,0.00640105442090382,0.0
1356,3.751999999999875,control,20.29499993659556,0.00010369072154251099,90.22556369818255,90.22556369818255,5.991561152516919e-07,238.0,0.0,0.0,0.0,0.0,52,53,0.9316346676212942,0.0009492381857796711,0.16955412864697142,0.005547440800336379,-0.0,0.1691355267585423,0.006399394785212235,0.0
1357,3.752999999999875,control,19.347700057551265,0.00010523468939060094,89.29119776780561,89.29119776780561,5.98329719698136e-07,236.0,0.0,0.0,0.0,0.0,52,53,0.9299338663043795,0.0009492458132959832,0.16955419866931465,0.0055458632809103035,-0.0,0.1691353952561131,0.006397726717824157,0.0
1358,3.7539999999998748,control,19.49490001425147,0.0001067514179212646,88.3665080432139,88.3665080432139,5.918208874202116e-07,239.0,0.0,0.0,0.0,0.0,52,53,0.9282508725555351,0.0009492540065415935,0.16955426936772314,0.005544277583108903,-0.0,0.16913526631185313,0.0063960519711406556,0.0
1359,3.7549999999998747,control,19.424600061029196,0.00010823990214130421,87.45139431712607,87.45139431712607,6.895293153324271e-07,245.0,0.0,0.0,0.0,0.0,52,53,0.9265851401875284,0.000949262220802513,0.16955434068810143,0.005542683116019511,-0.0,0.16913514015428363,0.0063943694880425625,0.0
1360,3.7559999999998746,control,19.251399906352162,0.00010970684310304602,86.5457574277023,86.5457574277023,7.771138337405385e-07,248.0,0.0,0.0,0.0,0.0,52,53,0.9249363300880554,0.0009492696465385749,0.16955441264310767,0.005541079066959201,-0.0,0.1691350170179836,0.006392677664577983,0.0
1361,3.7569999999998744,control,20.46080003492534,0.00011115386201093197,85.64949923500193,85.64949923500193,5.985466806291676e-07,247.0,0.0,0.0,0.0,0.0,52,53,0.9233046544189927,0.000949276765701009,0.16955448523143477,0.005539466981071687,-0.0,0.1691348965775892,0.006390978425189639,0.0
1362,3.7579999999998743,control,24.923200020566583,0.00011257471947475417,84.76252260755545,84.76252260755545,6.985669002233795e-07,249.0,0.0,0.0,0.0,0.0,52,53,0.9216900670915031,0.0009492844036080911,0.16955455839976763,0.005537848163110008,-0.0,0.16913477849059474,0.006389273853812593,0.0
1363,3.758999999999874,control,25.1622999785468,0.00011396814249294476,83.88473142468753,83.88473142468753,5.288318834958499e-07,256.0,0.0,0.0,0.0,0.0,52,53,0.9200920203111485,0.0009492922155724547,0.16955463210528063,0.0055362218070077514,-0.0,0.16913466293956775,0.006387562872854388,0.0
1364,3.759999999999874,control,24.690100108273327,0.00011534030917509564,83.01603056858734,83.01603056858734,6.514940594299958e-07,259.0,0.0,0.0,0.0,0.0,52,53,0.918510276764814,0.000949299293979421,0.1695547063417046,0.005534587729353814,-0.0,0.16913455018507575,0.0063858444201332154,0.0
1365,3.760999999999874,control,22.765700006857514,0.00011669271004020938,82.15632590184869,82.15632590184869,7.387243998995884e-07,259.0,0.0,0.0,0.0,0.0,52,53,0.9169451557130297,0.000949306316814912,0.16955478110447986,0.0055329476561613135,-0.0,0.16913443984643156,0.006384120793617536,0.0
1366,3.761999999999874,control,21.762900054454803,0.0001180198000167492,81.30552425491335,81.30552425491335,4.963542567746702e-07,265.0,0.0,0.0,0.0,0.0,52,53,0.9153960901128796,0.0009493135629639615,0.16955485635366035,0.005531300911235054,-0.0,0.16913433183423682,0.006382391605221855,0.0
1367,3.762999999999874,control,22.783200023695827,0.0001193257856478196,80.46353343278805,80.46353343278805,6.485905557826762e-07,267.0,0.0,0.0,0.0,0.0,52,53,0.9138628692029271,0.0009493203633601732,0.16955493206296543,0.005529647844093548,-0.0,0.1691342263453199,0.006380656569918765,0.0
1368,3.7639999999998737,control,22.560999961569905,0.00012061111798491524,79.63026219152567,79.63026219152567,4.721871441466928e-07,271.0,0.0,0.0,0.0,0.0,52,53,0.9123456294916332,0.0009493274329264807,0.1695550079048838,0.005528003468417471,-0.0,0.1691341226879912,0.0063789313202991995,0.0
1369,3.7649999999998736,control,22.431900026276708,0.00012136215069622193,78.80561971792203,78.80561971792203,4.515376031739384e-07,279.0,0.0,0.0,0.0,0.0,52,53,0.9108439768736314,0.0009493343750988843,0.16955508417532197,0.005526351689832365,-0.0,0.1691340213815001,0.006377199431442644,0.0
1370,3.7659999999998734,control,23.076799931004643,0.00012219781358192928,77.98951726666046,77.98951726666046,7.08266973088618e-07,281.0,0.0,0.0,0.0,0.0,52,53,0.9093579045971787,0.0009493409640079633,0.1695551608436647,0.005524693869274417,-0.0,0.1691339224119062,0.006375462021918368,0.0
1371,3.7669999999998733,control,22.692900034599006,0.0001230976282794155,77.18186637836226,77.18186637836226,5.397365864125963e-07,283.0,0.0,0.0,0.0,0.0,52,53,0.9078871920611378,0.0009493475055286857,0.16955523789938384,0.005523030334436184,-0.0,0.16913382562257048,0.006373719689726656,0.0
1372,3.7679999999998732,control,23.838600027374923,0.00012404416174356886,76.38257951255952,76.38257951255952,5.21621261991705e-07,287.0,0.0,0.0,0.0,0.0,52,53,0.9064316162859802,0.0009493541964943155,0.16955531499081378,0.005521375671590757,-0.0,0.16913373055300432,0.006371987188205863,0.0
1373,3.768999999999873,control,23.95050006452948,0.00012451286438187097,75.59156952798439,75.59156952798439,7.433141779456993e-07,291.0,0.0,0.0,0.0,0.0,52,53,0.9049910493677013,0.0009493606842726277,0.16955539242913586,0.005519714696831606,-0.0,0.16913363768287842,0.006370249024681995,0.0
1374,3.769999999999873,control,23.4297999413684,0.000125107826484976,74.80875130915973,74.80875130915973,4.4983066023930514e-07,293.0,0.0,0.0,0.0,0.0,52,53,0.9035653923543469,0.0009493670724261422,0.16955547018002742,0.005518048741679284,-0.0,0.16913354689880922,0.0063685066083446745,0.0
1375,3.770999999999873,control,23.23299995623529,0.00012579965992459634,74.03403999474119,74.03403999474119,6.895395490644188e-07,297.0,0.0,0.0,0.0,0.0,52,53,0.9021544355638305,0.0009493735518708309,0.16955554790335226,0.005516392183280068,-0.0,0.16913345773776994,0.0063667744697315995,0.0
1376,3.771999999999873,control,22.268300061114132,0.00012605838310448416,73.26735110124191,73.26735110124191,7.798168904037253e-07,293.0,0.0,0.0,0.0,0.0,52,53,0.9007581016500856,0.0009493796087394368,0.16955562591305195,0.005514729768934984,-0.0,0.1691333707149156,0.006365036883533631,0.0
1377,3.7729999999998727,control,23.083999985828996,0.0001264628165352386,72.50860212354524,72.50860212354524,7.792959924600473e-07,289.0,0.0,0.0,0.0,0.0,52,53,0.8993761957112686,0.0009493858521314219,0.16955570386117408,0.005513076248446204,-0.0,0.16913328520243795,0.006363309141822411,0.0
1378,3.7739999999998726,control,22.65669999178499,0.00012648757028931284,71.75771031257973,71.75771031257973,7.796002907255611e-07,291.0,0.0,0.0,0.0,0.0,52,53,0.898008498766968,0.000949392218014398,0.16955578203034735,0.005511417891694988,-0.0,0.16913320159063674,0.006361577497651592,0.0
1379,3.7749999999998725,control,23.001200053840876,0.0001266878485980601,71.0145948515185,71.0145948515185,7.799684447173213e-07,288.0,0.0,0.0,0.0,0.0,52,53,0.8966549582331926,0.0009493983451911492,0.169555860088908,0.005509769072454812,-0.0,0.16913311958873353,0.00635985594293567,0.0
1380,3.7759999999998723,control,21.948799956589937,0.00012654671589306133,70.2791746939267,70.2791746939267,7.796992298930437e-07,287.0,0.0,0.0,0.0,0.0,52,53,0.8953153534262001,0.0009494043695355575,0.16955593804902205,0.005508128203105703,-0.0,0.16913303912860653,0.0063581430029795594,0.0
1381,3.7769999999998722,control,27.152700000442564,0.0001261296512840676,69.55137020982816,69.55137020982816,7.79635504042785e-07,286.0,0.0,0.0,0.0,0.0,52,53,0.8939895602441297,0.0009494102993694519,0.1695560158917158,0.005506494967647609,-0.0,0.16913296016462132,0.00635643835889279,0.0
1382,3.777999999999872,control,27.27650001179427,0.00012549015324319067,68.83110258257797,68.83110258257797,7.782494303851827e-07,286.0,0.0,0.0,0.0,0.0,52,53,0.8926774433294665,0.0009494161466845068,0.1695560936045031,0.0055048690913154655,-0.0,0.1691328826533645,0.006354741734963692,0.0
1383,3.778999999999872,control,31.003800104372203,0.00012467190401927404,68.11829380248713,68.11829380248713,7.782222389607942e-07,285.0,0.0,0.0,0.0,0.0,52,53,0.8913788870169178,0.0009494218519445905,0.16955617117667302,0.0055032503339443395,-0.0,0.16913280657286314,0.006353052819931999,0.0
1384,3.779999999999872,control,23.437900003045797,0.00012371053857481188,67.41286666013347,67.41286666013347,7.785163817097112e-07,284.0,0.0,0.0,0.0,0.0,52,53,0.8900937474299667,0.0009494274955381335,0.1695562485976315,0.005501638497440636,-0.0,0.16913273185967348,0.00635137148017887,0.0
1385,3.780999999999872,control,22.711899946443737,0.00012263514637421975,66.71474473948932,66.71474473948932,7.788167276565019e-07,283.0,0.0,0.0,0.0,0.0,52,53,0.8888218830271559,0.0009494330975142063,0.169556325854912,0.005500033466949908,-0.0,0.16913265848117526,0.006349697614178931,0.0
1386,3.7819999999998717,control,23.102300008758903,0.00012146944007710692,66.02385241081194,66.02385241081194,7.790863395053796e-07,282.0,0.0,0.0,0.0,0.0,52,53,0.8875631552187939,0.0009494386508486357,0.16955640293746224,0.005498435133315199,-0.0,0.16913258641669093,0.0063480311010825725,0.0
1387,3.7829999999998716,control,22.37220003735274,0.00012023273312688821,65.34011482341873,65.34011482341873,7.793627890218322e-07,281.0,0.0,0.0,0.0,0.0,52,53,0.886317427388884,0.0009494441509527063,0.16955647983559363,0.0054968433944185295,-0.0,0.16913251564488296,0.006346371828770996,0.0
1388,3.7839999999998715,control,22.014499991200864,0.00011894075310738404,64.66345789838888,64.66345789838888,7.796957841627432e-07,280.0,0.0,0.0,0.0,0.0,52,53,0.8850845650343214,0.000949449595515594,0.1695565565406186,0.005495258160340554,-0.0,0.16913244614393108,0.006344719699108659,0.0
1389,3.7849999999998714,control,21.854700054973364,0.00011760630619952653,63.99380832119715,63.99380832119715,7.780819359727554e-07,280.0,0.0,0.0,0.0,0.0,52,53,0.8838644251012252,0.000949455017292966,0.1695566330439082,0.005493679392086343,-0.0,0.16913237788242255,0.006343074699240543,0.0
1390,3.7859999999998712,control,22.353299893438816,0.0001162398202320038,63.3310935343113,63.3310935343113,7.797783556451026e-07,278.0,0.0,0.0,0.0,0.0,52,53,0.882656907585828,0.0009494602865279433,0.1695567093402422,0.005492106955116226,-0.0,0.16913231087771155,0.006341436561744506,0.0
1391,3.786999999999871,control,21.692899987101555,0.00011484975149280989,62.67524172973709,62.67524172973709,7.787658194965425e-07,278.0,0.0,0.0,0.0,0.0,52,53,0.8814618466967235,0.0009494655981402612,0.16955678542227495,0.005490540829730638,-0.0,0.16913224504320323,0.0063398054460838005,0.0
1392,3.787999999999871,control,21.45959995687008,0.00011344303528927925,62.026181841683744,62.026181841683744,7.788156027466757e-07,277.0,0.0,0.0,0.0,0.0,52,53,0.8802791384427474,0.0009494708039542506,0.16955686128224118,0.005488981015722647,-0.0,0.169132180411203,0.0063381812072769075,0.0
1393,3.788999999999871,control,21.90689998678863,0.00011202525828039379,874.8208534810913,874.8208534810913,7.797896201105839e-07,276.0,-0.008726646259971648,-0.5,7.174951021953397e-11,4.110944117710065e-09,52,53,0.8791086525939412,0.0009494759461205929,0.16955693691621465,0.005487427435804614,-1.4708566958272958e-11,0.16913211694288915,0.006336563798543313,-4.756283759535136e-10
1394,3.789999999999871,control,25.92029992956668,0.00011060097256744606,60.7708941448714,60.7708941448714,7.782985339114269e-07,276.0,0.0,0.0,1.8216942987100364e-10,1.0437539487912937e-08,52,53,0.8779502500887016,0.0009494810799123015,0.16955701231702197,0.005485880126178291,-4.057115639028507e-11,0.16913205460209496,0.006334953304199344,-8.617929385569111e-10
1395,3.7909999999998707,control,24.74140003323555,0.00010917387828050145,877.7274347787576,877.7274347787576,7.7797580463947e-07,275.0,0.008726646259971648,0.5,2.373887827979059e-10,1.3601375358067805e-08,52,53,0.8768038271671754,0.0009494860998020743,0.16955708748007425,0.005484339055857437,-5.8129949291167795e-11,0.16913199340361948,0.0063333495857568044,-7.006609861180857e-10
1396,3.7919999999998706,control,24.229299975559115,0.00010774693945723506,1748.7568221922677,1748.7568221922677,7.793300323151058e-07,274.0,0.017453292519943295,1.0,1.4568855678585902e-10,8.347339427181751e-09,52,53,0.8756692546363268,0.0009494910691595385,0.169557162401621,0.005482804182167451,-3.0085386219915396e-11,0.16913193330319168,0.0063317526519007655,3.8898218405707753e-10
1397,3.7929999999998705,control,25.40959999896586,0.00010632257759572437,2617.2688966882997,2617.2688966882997,7.791241078696325e-07,274.0,0.02617993877991495,1.5000000000000002,-1.6413312554653668e-10,-9.404135372107425e-09,52,53,0.8745463963262555,0.0009494960395771963,0.1695572370745652,0.005481275574902699,9.459760296908881e-11,0.16913187426880125,0.006330162618412315,2.7239079101425695e-09
1398,3.7939999999998704,control,24.490700103342533,0.00010490275517036954,3481.7037485198653,3481.7037485198653,7.78439998206331e-07,274.0,0.03490658503988659,2.0,-7.18772318819817e-10,-4.1182620299207146e-08,52,53,0.8734351409834722,0.0009495009364571663,0.16955731149385864,0.0054797532666684586,3.795162718767825e-10,0.16913181630878518,0.006328579441909321,6.569143526813784e-09
1399,3.7949999999998703,control,24.150399956852198,0.00010348902150280534,4341.127483193048,4341.127483193048,7.794696044968721e-07,273.0,0.04363323129985824,2.5,-1.4324056729611111e-09,-8.207079961126814e-08,52,53,0.8723353839670542,0.0009495057212138843,0.16955738565757972,0.0054782371971132445,9.122768967468648e-10,0.16913175941193456,0.006327003014938986,1.2159872754279731e-08
1400,3.79599999999987,control,23.84019992314279,0.00010208261535320009,5194.845365029485,5194.845365029485,7.796982499321376e-07,273.0,0.05235987755982988,3.0,-2.1666586401672445e-09,-1.241403957271372e-07,52,53,0.8712469860048561,0.0009495105139157014,0.16955745956067483,0.0054767273994227135,1.7854297269718063e-09,0.16913170352026632,0.006325433479153354,1.9684439325407417e-08
1401,3.79699999999987,control,24.946399964392185,0.00010068456462244488,6042.320536773763,6042.320536773763,7.797878182216287e-07,273.0,0.06108652381980153,3.4999999999999996,-2.6935816498308765e-09,-1.5433086030919442e-07,52,53,0.8701698366912972,0.000949515253678544,0.16955753319717312,0.005475223942780978,3.1026741697991942e-09,0.16913164864096322,0.006323870842889483,2.9301007659082733e-08
1402,3.79799999999987,control,30.357399955391884,9.929566605247584e-05,6883.135976917665,6883.135976917665,7.778057557140442e-07,274.0,0.06981317007977318,4.0,-2.7827293820190847e-09,-1.594386491167413e-07,52,53,0.8691038114971474,0.0009495199659362585,0.1695576065631021,0.005473726868777827,4.95159536202633e-09,0.169131594748717,0.00632231516613292,4.11165091154755e-08
1403,3.79899999999987,control,30.690400046296418,9.791655134291276e-05,7716.969496053521,7716.969496053521,7.795151027754273e-07,273.0,0.07853981633974484,4.500000000000001,-1.9145907371138855e-09,-1.0969796873146695e-07,52,53,0.8680488290078048,0.0009495245216247521,0.16955767965704668,0.005472236120697261,7.48273039558099e-09,0.16913154186411877,0.006320766259420375,5.527160260618093e-08
1404,3.7999999999998697,control,30.207299976609647,9.654769065762882e-05,8543.575070664636,8543.575070664636,7.78650738834959e-07,274.0,0.08726646259971647,5.0,3.2679602846749193e-10,1.8724033192824394e-08,52,53,0.8670047360107594,0.0009495291365582091,0.16955775247445704,0.005470751745711173,1.0793978664844776e-08,0.1691314898982945,0.006319224369672571,7.1821088401416e-08
1405,3.8009999999998696,control,26.681299903430045,9.518951934712904e-05,9362.768215873177,9362.768215873177,7.791827116260543e-07,274.0,0.09599310885968812,5.5,4.562131901754115e-09,2.613909035525027e-07,52,53,0.8659714451948053,0.0009495336552114018,0.16955782500963007,0.005469273818355252,1.5021585999436595e-08,0.1691314388921511,0.006317689421377705,9.083966404052733e-08
1406,3.8019999999998695,control,24.17550003156066,9.384233105129173e-05,10174.41429038625,10174.41429038625,7.782776199278252e-07,275.0,0.10471975511965977,6.0,1.1310950454870035e-08,6.480697233456317e-07,52,53,0.8649488297304859,0.0009495381589571927,0.16955789725987683,0.00546780235642113,2.0251591798252714e-08,0.16913138880082768,0.006316161502771868,1.1232971212521543e-07
1407,3.8029999999998694,control,24.906600010581315,9.250637823152576e-05,10978.419059676875,10978.419059676875,7.791713740947994e-07,275.0,0.11344640137963143,6.5,2.1339182454760047e-08,1.2226450929173664e-06,52,53,0.8639367978497956,0.0009495425652245975,0.1695579692218996,0.005466337377109953,2.662010992480425e-08,0.16913133963543123,0.006314640546434515,1.3633349463045806e-07
1408,3.8039999999998693,control,24.628600105643272,9.118183594260198e-05,11774.72104661479,11774.72104661479,7.784496470347828e-07,276.0,0.12217304763960307,7.0,3.5170021332919146e-08,2.015093787761337e-06,52,53,0.8629352221113754,0.0009495469723567871,0.16955804089221962,0.00546487891577644,3.418171292219311e-08,0.16913129134735802,0.006313126675651374,1.6278774474739825e-07
1409,3.804999999999869,control,24.36509996186942,8.986886878727704e-05,12563.285315975534,12563.285315975534,7.796048893604741e-07,276.0,0.13089969389957473,7.500000000000001,5.3620333390651804e-08,3.0722187993687517e-06,52,53,0.8619440126883683,0.0009495512887353864,0.16955811226713743,0.0054634270041263025,4.3053610172430257e-08,0.16913124395323317,0.006311619830332715,1.9169931338371953e-07
1410,3.805999999999869,control,25.060900021344423,8.856758016362528e-05,13344.098417218478,13344.098417218478,7.795779694386367e-07,282.0,0.1396263401595464,8.000000000000002,7.438025447577542e-08,4.2616746605709826e-06,52,53,0.8609629898516383,0.0009495557869774371,0.16955818333935418,0.005461981864010777,5.2635643222630286e-08,0.16913119735486545,0.00631012049234928,2.2220159487006873e-07
1411,3.806999999999869,control,25.06760007236153,8.727805712870506e-05,14117.164266482052,14117.164266482052,7.793339385427252e-07,275.0,0.148352986419518,8.5,1.0177836021236859e-07,5.831470485930941e-06,52,53,0.8599922440973016,0.0009495596333757825,0.1695582541174102,0.00546054309925987,6.379322557923025e-08,0.16913115179660082,0.006308627451291495,2.554572040621566e-07
1412,3.807999999999869,control,24.41710000857711,8.600021817044283e-05,14882.500791856759,14882.500791856759,7.787803802825913e-07,285.0,0.15707963267948968,9.000000000000002,1.3015830231401118e-07,7.457521391180698e-06,52,53,0.8590313809061776,0.0009495642627097207,0.1695583245895411,0.005459111081106973,7.525928456016793e-08,0.16913110679024768,0.006307142445544658,2.895308470458012e-07
1413,3.8089999999998687,control,26.3103999895975,8.473427801193097e-05,15640.13719978413,15640.13719978413,7.783406072671995e-07,275.0,0.16580627893946134,9.500000000000002,1.6701940095287786e-07,9.569506771403181e-06,52,53,0.8580806348285643,0.000949567950966526,0.16955839475484244,0.005457685622042428,8.843651952295272e-08,0.16913106290824634,0.006305663646314078,3.266378665555527e-07
1414,3.8099999999998686,control,26.53869998175651,8.348006907621539e-05,16390.11174732945,16390.11174732945,7.793550645413608e-07,286.0,0.174532925199433,10.000000000000004,2.0462493600959093e-07,1.1724145216484101e-05,52,53,0.8571395370919793,0.0009495725688616068,0.16955846460816165,0.005456266974680393,1.0170690572510214e-07,0.16913101950181042,0.006304193077432936,3.6412203220132863e-07
1415,3.8109999999998685,control,25.214400026015937,8.223776681306056e-05,17132.469926685917,17132.469926685917,7.79471766229131e-07,283.0,0.18325957145940464,10.500000000000002,2.4613716290443206e-07,1.4102620615747964e-05,52,53,0.8562082751225021,0.0009495764590091028,0.16955853413948035,0.00545485530620125,1.1543803162531835e-07,0.16913097713944436,0.006302729341932611,4.0311337370566513e-07
1416,3.8119999999998684,control,27.24700001999736,8.100708064661365e-05,17867.262985724927,17867.262985724927,7.780217127745938e-07,284.0,0.19198621771937632,11.000000000000004,2.910797602074503e-07,1.6677641761566947e-05,52,53,0.8552866352974043,0.0009495804493488176,0.16955860336437462,0.005453450182170656,1.294517877365441e-07,0.16913093548693703,0.006301272756697087,4.433258143784799e-07
1417,3.8129999999998683,control,25.866099982522428,7.978801506824476e-05,18594.546722554627,18594.546722554627,7.798682483407996e-07,283.0,0.20071286397934798,11.500000000000005,3.4104684552194725e-07,1.954054486465774e-05,52,53,0.8543745398344305,0.0009495844225360833,0.16955867226970253,0.005452051846025262,1.439014664619156e-07,0.16913089458600072,0.006299823461755992,4.850923372460212e-07
1418,3.813999999999868,control,24.934800108894706,7.858056370407582e-05,19314.38050354047,19314.38050354047,7.787004938519552e-07,284.0,0.20943951023931964,12.000000000000005,3.956374200932935e-07,2.266835438879007e-05,52,53,0.8534718593835663,0.0009495884609374414,0.16955874084990827,0.005450660418714527,1.5861622111544546e-07,0.16913085440604655,0.006298381658166429,5.280577541846814e-07
1419,3.814999999999868,control,25.143799954093993,7.738467592701495e-05,20026.826463586778,20026.826463586778,7.783389849802132e-07,284.0,0.2181661564992913,12.500000000000007,4.5549684546575135e-07,2.609804682671022e-05,52,53,0.8525785202340511,0.0009495924040669567,0.16955880910127935,0.005449275981767608,1.7357608440634794e-07,0.1691308149911881,0.006296947272221112,5.722360243115023e-07
1420,3.815999999999868,control,25.733300019055605,7.620024471827137e-05,20731.948855087423,20731.948855087423,7.77939063310255e-07,284.0,0.22689280275926296,13.000000000000007,5.212503691573939e-07,2.9865446222354808e-05,52,53,0.8516944217684504,0.0009495962933244042,0.16955887702377379,0.005447898514069763,1.887609390462264e-07,0.16913077630863638,0.0062955203130457965,6.175906488161608e-07
1421,3.816999999999868,control,30.003499938175082,7.502717007195906e-05,21429.81351815071,21429.81351815071,7.772505192375517e-07,284.0,0.23561944901923462,13.500000000000007,5.935584374983281e-07,3.400839336303386e-05,52,53,0.8508194664912315,0.0009496001458880908,0.1695589446147813,0.0054465280529957015,2.0415087172016726e-07,0.1691307383385391,0.006294100828947524,6.640669350221096e-07
1422,3.8179999999998677,control,32.249300042167306,7.386535143236845e-05,22120.48744975502,22120.48744975502,7.79790615426388e-07,283.0,0.24434609527920628,14.000000000000009,6.742423068780537e-07,3.8631238553276955e-05,52,53,0.8499535711359398,0.0009496039195775667,0.1695590118726679,0.005445164598783424,2.199088690677225e-07,0.1691307010808857,0.0062926887740523164,7.118994995526158e-07
1423,3.8189999999998676,control,35.22930003236979,7.271471790684279e-05,22804.038453609275,22804.038453609275,7.796150297252742e-07,283.0,0.2530727415391779,14.500000000000007,7.639802270056804e-07,4.377284263887204e-05,52,53,0.8490966233034299,0.0009496077085321397,0.16955907879412355,0.005443808216818615,2.360297845802766e-07,0.16913066449203487,0.006291284299305717,7.608934326979858e-07
1424,3.8199999999998675,control,26.80370002053678,7.157518875295636e-05,23480.534855849568,23480.534855849568,7.785503456516512e-07,283.0,0.2617993877991496,15.000000000000009,8.635331413702126e-07,4.9476804470187045e-05,52,53,0.8482485369580327,0.0009496114506819692,0.16955914537567182,0.005442458983334669,2.524990289955175e-07,0.1691306285831935,0.006289887419255436,8.109104240029086e-07
1425,3.8209999999998674,control,25.89850011281669,7.044664744949692e-05,24150.04527444185,24150.04527444185,7.767032916605784e-07,283.0,0.27052603405912123,15.500000000000009,9.737066010003267e-07,5.578927872134755e-05,52,53,0.8474092233555889,0.0009496151349498109,0.16955921161650295,0.005441116905373622,2.692967732426523e-07,0.16913059334275762,0.0062884981234997885,8.618373541182175e-07
1426,3.8219999999998673,control,25.687300018034875,6.932896785900389e-05,24812.638432393942,24812.638432393942,7.785846203730136e-07,282.0,0.27925268031909295,16.000000000000014,1.096513733084873e-06,6.28256090838977e-05,52,53,0.8465786031861193,0.0009496187353539233,0.16955927751607947,0.005439781960092706,2.86579147078509e-07,0.16913055876340333,0.006287116356968074,9.138835850628653e-07
1427,3.822999999999867,control,25.097299949266016,6.822206833929875e-05,25468.383006702043,25468.383006702043,7.769655264254167e-07,282.0,0.28797932657906455,16.50000000000001,1.2328389027491273e-06,7.063646594706434e-05,52,53,0.8457565669874978,0.0009496223560028995,0.1695593430713976,0.005438454201030577,3.0434473345333166e-07,0.16913052479881613,0.006285742268462537,9.668461636781473e-07
1428,3.823999999999867,control,25.226300000213087,6.712585962941479e-05,26117.34750644316,26117.34750644316,7.788705186477573e-07,281.0,0.2967059728390362,17.00000000000001,1.3847852211548306e-06,7.934234870426212e-05,52,53,0.8449430432905632,0.0009496258974562359,0.1695594082797928,0.005437133666142188,3.227554287758446e-07,0.16913049147340076,0.006284375798550631,1.0208857965197807e-06
1429,3.824999999999867,control,24.598199990577996,6.604026218859258e-05,26759.600174637733,26759.600174637733,7.769826220786074e-07,281.0,0.3054326190990079,17.50000000000001,1.5532933961113675e-06,8.899715594272376e-05,52,53,0.8441379265297548,0.0009496294470529478,0.16955947313930378,0.005435820393376814,3.4180862206511385e-07,0.16913045874587532,0.006283017063724089,1.0757662417056775e-06
1430,3.825999999999867,control,25.172200053930283,6.496517602260043e-05,27395.208909495846,27395.208909495846,7.787283549670098e-07,280.0,0.3141592653589796,18.000000000000014,1.7405235391094678e-06,9.972465293414579e-05,52,53,0.843341147247525,0.0009496329115149534,0.16955953764805928,0.0054345144052695,3.6165715855694797e-07,0.169130426637239,0.006281665993928053,1.131630185272126e-06
1431,3.8269999999998667,control,25.698300101794302,6.390051705035745e-05,28024.241201467703,28024.241201467703,7.762934878841483e-07,280.0,0.3228859116189512,18.500000000000014,1.9474401024085174e-06,0.00011158009872253287,52,53,0.8425526014402002,0.0009496363830970092,0.16955960180455282,0.005433215727920938,3.8228541155064595e-07,0.16913039510426897,0.006280322698138871,1.188226610366781e-06
1432,3.8279999999998666,control,24.98879993800074,6.284617796194133e-05,28646.764083178,28646.764083178,7.7785286629587e-07,279.0,0.33161255787892285,19.000000000000014,2.176269690170999e-06,0.00012469106832904155,52,53,0.8417722218953758,0.0009496397685265166,0.1695596656071932,0.005431924377862159,4.0383174337378183e-07,0.16913036416815783,0.006278987100252584,1.2457021413229832e-06
1433,3.8289999999998665,control,25.1736999489367,6.180207750003401e-05,29262.844089860577,29262.844089860577,7.799174928669963e-07,278.0,0.34033920413889446,19.50000000000001,2.4291805191337835e-06,0.0001391817914217641,52,53,0.8409999178007711,0.0009496431214619028,0.1695597290555438,0.005430640340797706,4.264398422948285e-07,0.16913033379783662,0.006277659231083804,1.3041054909563658e-06
1434,3.8299999999998664,control,24.545400054194033,6.076816344910096e-05,29872.54722834933,29872.54722834933,7.771636413207377e-07,278.0,0.3490658503988662,20.000000000000014,2.7071618587815438e-06,0.00015510894896697344,52,53,0.8402355912491842,0.0009496464916506189,0.1695597921461876,0.005429363695583386,4.500731014911399e-07,0.16913030396961945,0.006276339215652503,1.3631427254158381e-06
1435,3.8309999999998663,control,23.347700014710426,5.974432900458406e-05,30475.938953038007,30475.938953038007,7.783622369432477e-07,277.0,0.3577924966588378,20.500000000000014,3.012430342874036e-06,0.00017259954472382974,52,53,0.8394791805637343,0.0009496497639315851,0.16955985487849246,0.005428094444491133,4.748341013234576e-07,0.16913027471223993,0.006275026942398499,1.4229301711824336e-06
1436,3.831999999999866,control,23.396199918352067,5.873048790205408e-05,31073.084147514575,31073.084147514575,7.798465596661477e-07,276.0,0.3665191429188095,21.000000000000018,3.347117642941683e-06,0.00019177571447433447,52,53,0.8387305975225551,0.0009496529994891378,0.16955991725290098,0.005426832556226585,5.008229413566438e-07,0.16913024599099502,0.006273722431290563,1.483495305208546e-06
1437,3.832999999999866,control,32.58760005701333,5.77265818537003e-05,31664.047110813466,31664.047110813466,7.777440850492166e-07,276.0,0.37524578917878115,21.500000000000018,3.7122441833689443e-06,0.00021269592422902938,52,53,0.8379897463187856,0.0009496562534777545,0.1695599792664321,0.0054255780990918896,5.279735812398658e-07,0.16913021778053453,0.006272425801791092,1.5445568779772153e-06
1438,3.833999999999866,control,36.00589989218861,5.6732494050058566e-05,32248.8915474238,32248.8915474238,7.78819229296952e-07,275.0,0.3839724354387528,22.000000000000018,4.110150733972419e-06,0.00023549429021921722,52,53,0.8372565684165564,0.0009496594087662316,0.16956004091876323,0.005424331069530484,5.563676311153572e-07,0.1691301901108982,0.00627113693473936,1.6062646990217625e-06
1439,3.834999999999866,control,33.098099986091256,5.574812907286631e-05,32827.68056035003,32827.68056035003,7.79694553510856e-07,275.0,0.3926990816987245,22.500000000000018,4.542156295241001e-06,0.00026024638560608726,52,53,0.8365309659077472,0.0009496625701902384,0.16956010220975823,0.005423091465273779,5.859660417503507e-07,0.16913016293464644,0.006269855922008396,1.6684389566134853e-06
1440,3.8359999999998657,control,36.827499978244305,5.4773360226466954e-05,33400.476646651514,33400.476646651514,7.798681952013249e-07,274.0,0.4014257279586961,23.000000000000018,5.010881788673415e-06,0.0002871023781299516,52,53,0.8358128793690194,0.0009496656434285854,0.1695601631386917,0.005421859287427675,6.168713416220549e-07,0.16913013627473625,0.0062685826712242845,1.7312847650227383e-06
1441,3.8369999999998656,control,40.774399996735156,5.380809391045988e-05,33967.34169499242,33967.34169499242,7.792095214278182e-07,274.0,0.4101523742186678,23.50000000000002,5.517957414780428e-06,0.00031615567139983713,52,53,0.8351022119876668,0.0009496687283652388,0.16956022370506016,0.005420634539816248,6.490851522383564e-07,0.169130110087678,0.006267317276980492,1.7946703084307017e-06
1442,3.8379999999998655,control,41.3391999900341,5.2852201125248e-05,34528.33698482019,34528.33698482019,7.788149858973546e-07,273.0,0.41887902047863945,24.00000000000002,6.066084840144461e-06,0.00034756105950856824,52,53,0.8343989059840561,0.0009496717268192647,0.16956028390810052,0.005419417226757012,6.827082815655607e-07,0.16913008439880706,0.006266059647023118,1.8587735429820664e-06
1443,3.8389999999998654,control,40.78249994199723,5.190558163397064e-05,35083.52318686115,35083.52318686115,7.78920498879026e-07,272.0,0.4276056667386111,24.50000000000002,6.657807886947774e-06,0.0003814642927310202,52,53,0.8337028780358289,0.0009496746958795881,0.16956034374835657,0.0054182073152959,7.178353996482611e-07,0.16913005917822743,0.006264809797403334,1.9236514304280334e-06
1444,3.8399999999998653,control,48.15790010616183,5.0968155481301916e-05,35632.96036467871,35632.96036467871,7.79129078446026e-07,271.0,0.43633231299858277,25.00000000000002,7.29571055305591e-06,0.00041801342323915933,52,53,0.8330140495102255,0.0009496776442881256,0.16956040322410676,0.005417004833169159,7.545563049382308e-07,0.16913003441763383,0.006263567762773556,1.9893418446983582e-06
1445,3.840999999999865,control,34.49800005182624,5.003984335738175e-05,36176.707977087106,36176.707977087106,7.792991182619122e-07,270.0,0.44505895925855443,25.500000000000025,7.982407663233763e-06,0.00045735826945618034,52,53,0.8323323452664672,0.000949680558815596,0.1695604623344938,0.005415809794428979,7.929532650524881e-07,0.16913001011574774,0.006262333542590301,2.055873616754575e-06
1446,3.841999999999865,control,31.249599996954203,4.912055857781491e-05,36714.824881251654,36714.824881251654,7.791467152535153e-07,269.0,0.45378560551852615,26.00000000000003,8.72064699074688e-06,0.0004996562671932581,52,53,0.8316576913391742,0.000949683431734992,0.16956052107943526,0.005414622197972672,8.331128876548026e-07,0.16912998626778283,0.006261107125122222,2.1232973653121665e-06
1447,3.842999999999865,control,32.74309996049851,4.821021236799788e-05,37247.369336337346,37247.369336337346,7.786138004390069e-07,268.0,0.4625122517784978,26.50000000000003,9.513440806036878e-06,0.0005450800068334491,52,53,0.8309900145941098,0.0009496862595081074,0.1695605794592604,0.005413442031961363,8.751398302754837e-07,0.1691299628669555,0.006259888491330055,2.191708258877227e-06
1448,3.843999999999865,control,30.018099932931364,4.730872582094229e-05,37774.399007593835,37774.399007593835,7.777947238775748e-07,267.0,0.4712388980384694,27.000000000000025,1.0364096738479443e-05,0.0005938190015801738,52,53,0.8303292428014897,0.0009496890399062066,0.16956063747454406,0.005412269277890735,9.191609203751561e-07,0.16912993990606526,0.006258677616617291,2.261233412286517e-06
1449,3.8449999999998647,control,31.469799927435815,4.6416035900233826e-05,38295.97097078493,38295.97097078493,7.787352322367908e-07,266.0,0.479965544298441,27.50000000000002,1.1276919177925792e-05,0.0006461198748052857,52,53,0.8296753044861828,0.0009496917711645103,0.16956069512608685,0.005411103909967097,9.653585272421654e-07,0.16912991737818261,0.006257474469453975,2.332165760267685e-06
1450,3.8459999999998646,control,29.56110006198287,4.5532191557099735e-05,38812.141716887854,38812.141716887854,7.793750701738152e-07,265.0,0.48869219055841273,28.00000000000003,1.2256210415685883e-05,0.0007022291296430814,52,53,0.8290281286440582,0.0009496944527529996,0.16956075241488994,0.005409945897540896,1.0139382510586855e-06,0.16912989527624156,0.006256279014913208,2.4046590775003874e-06
1451,3.8469999999998645,control,30.58889997191727,4.465724374908361e-05,39322.96715700175,39322.96715700175,7.795605828969481e-07,264.0,0.49741883681838445,28.500000000000032,1.330622797744019e-05,0.0007623907043462205,52,53,0.8283876448414111,0.0009496970847114156,0.16956080934203585,0.005408795208436321,1.0651079714135642e-06,0.1691298735933162,0.006255091217345142,2.478787491867997e-06
1452,3.8479999999998644,control,33.498300006613135,4.379123120463773e-05,39828.50262741574,39828.50262741574,7.794750856584878e-07,263.0,0.506145483078356,29.00000000000003,1.4431333283593784e-05,0.0008268544898965958,52,53,0.8277537832082831,0.0009496996668771822,0.1695608659087359,0.005407651807274675,1.1190752750270943e-06,0.16912985232304598,0.00625391103790069,2.554623119205577e-06
1453,3.8489999999998643,control,33.12519995961338,4.293419340382341e-05,40328.802894796274,40328.802894796274,7.791281600567398e-07,262.0,0.5148721293383277,29.50000000000003,1.56360437270899e-05,0.0008958793138442568,52,53,0.8271264744291746,0.0009497021986938118,0.16956092211636434,0.005406515654571637,1.1760488876204587e-06,0.16912983145971708,0.006252738433404595,2.6322561262517776e-06
1454,3.849999999999864,control,32.43669995572418,4.2086175383970086e-05,40823.92216146093,40823.92216146093,7.783959859928787e-07,261.0,0.5235987755982994,30.00000000000003,1.6924889640674696e-05,0.0009697247451353484,52,53,0.8265056497176122,0.0009497046798517324,0.16956097796647218,0.005405386706472481,1.2362256408107981e-06,0.169129810997905,0.006251573356652039,2.7117617354121428e-06
1455,3.850999999999864,control,26.436700019985437,4.1247206087434566e-05,41313.91407071214,41313.91407071214,7.773814577944454e-07,260.0,0.532325421858271,30.500000000000032,1.8302571235192824e-05,0.001048660086014091,52,53,0.8258912409510821,0.000949707109413422,0.16956103346079515,0.0054042649147089976,1.2997982638905842e-06,0.1691297909328507,0.00625041575549804,2.7932487861847717e-06
1456,3.851999999999864,control,25.99170000758022,4.0417316927267907e-05,41798.83171220917,41798.83171220917,7.789258934412661e-07,258.0,0.5410520681182427,31.000000000000032,1.977451184745794e-05,0.0011329960707907843,52,53,0.8252831951187196,0.0009497094369791453,0.16956108860240782,0.00540315018950791,1.366999584891864e-06,0.16912977127459852,0.0062492654874535,2.876966849728094e-06
1457,3.852999999999864,control,31.22479992453009,3.959662605805233e-05,42278.72762736067,42278.72762736067,7.782115872521557e-07,257.0,0.5497787143782144,31.500000000000032,2.134570007866094e-05,0.0012230185252593412,52,53,0.8246814189733715,0.0009497117871780495,0.16956114339227643,0.005402042491223643,1.4380406071835074e-06,0.1691297519793061,0.0062481226304723515,2.9629961062858443e-06
1458,3.8539999999998638,control,24.98239988926798,3.8785209179721405e-05,42753.65381472381,42753.65381472381,7.792034911541119e-07,255.0,0.558505360638186,32.000000000000036,2.302193284485024e-05,0.0013190595882435275,52,53,0.8240858687403572,0.0009497140278096568,0.16956119783195567,0.005400941780113367,1.5131673775314813e-06,0.16912973309080945,0.006246987018257256,3.0516016847631596e-06
1459,3.8549999999998636,control,29.492500005289912,3.798318008155741e-05,43223.66173539837,43223.66173539837,7.780804342383075e-07,254.0,0.5672320068981577,32.500000000000036,2.4808482135969034e-05,0.0014214213225167234,52,53,0.8234964551971965,0.0009497162683056424,0.1695612519243547,0.005399847980931836,1.592585783597744e-06,0.16912971456844852,0.0062458586767090395,3.1428672012903497e-06
1460,3.8559999999998635,control,26.96219994686544,3.719059385322028e-05,43688.80231840641,43688.80231840641,7.78425336773722e-07,252.0,0.5759586531581293,33.000000000000036,2.671143536681117e-05,0.0015304525112547621,52,53,0.822913136890228,0.0009497183842158611,0.16956130567250055,0.005398761023207278,1.6765304828420363e-06,0.16912969645108553,0.00624473741414606,3.23706926680444e-06
1461,3.8569999999998634,control,38.02370000630617,3.6407544691645567e-05,44149.12596605024,44149.12596605024,7.789294248714023e-07,250.0,0.5846852994181011,33.50000000000004,2.8736968528037678e-05,0.0016465070126568326,52,53,0.8223358411506569,0.0009497204400104127,0.16956135908146427,0.005397680769237172,1.765250506589945e-06,0.16912967871024115,0.0062436231484346155,3.334438833708766e-06
1462,3.8579999999998633,control,40.33919994253665,3.5634166082891144e-05,44604.68255924269,44604.68255924269,7.79645702972909e-07,248.0,0.5934119456780725,34.00000000000003,3.089137261130043e-05,0.0017699452739935394,52,53,0.8217644997617174,0.0009497224491041475,0.1695614121536437,0.005396607147918146,1.8589769934702265e-06,0.16912966134127244,0.006242515820241431,3.4351868121265312e-06
1463,3.858999999999863,control,54.258499993011355,3.487057807985219e-05,45055.52146280474,45055.52146280474,7.780860958839055e-07,247.0,0.6021385919380443,34.500000000000036,3.318087524380061e-05,0.0019011241120198913,52,53,0.8211990318182081,0.0009497244540289909,0.16956146489108845,0.005395540109199425,1.9579034324250844e-06,0.16912964433286687,0.00624141542074887,3.539481441447606e-06
1464,3.859999999999863,control,53.891299990937114,3.411686942138577e-05,45501.69153072675,45501.69153072675,7.777832633436634e-07,245.0,0.610865238198016,35.000000000000036,3.561238747516869e-05,0.0020404395007117197,52,53,0.8206394043316483,0.0009497263012307084,0.1695615172994035,0.005394479533914722,2.062235322623759e-06,0.1691296277325502,0.00624032167985587,3.6476192828373716e-06
1465,3.860999999999863,control,37.14539995416999,3.337313324855539e-05,45943.24111139032,45943.24111139032,7.787180557730183e-07,243.0,0.6195918844579876,35.500000000000036,3.819288758494956e-05,0.0021882912660352092,52,53,0.8200855464495028,0.0009497280752934829,0.16956156938584838,0.005393425232040724,2.172168606607172e-06,0.169129611503192,0.006239234479986556,3.7598401689130126e-06
1466,3.861999999999863,control,40.84299993701279,3.2639537883020625e-05,46380.21805274863,46380.21805274863,7.798766384654449e-07,241.0,0.6283185307179593,36.000000000000036,4.092964162486418e-05,0.0023450957220876945,52,53,0.819537391218577,0.0009497297999372778,0.16956162115409068,0.005392377094520066,2.287885025108767e-06,0.1691295956379236,0.006238153733426736,3.876390361214645e-06
1467,3.8629999999998628,control,37.55709994584322,3.191626876689739e-05,46812.66970746288,46812.66970746288,7.784511495670302e-07,243.0,0.637045176977931,36.500000000000036,4.383022664995714e-05,0.0025112870021443694,52,53,0.8189948040059046,0.0009497317029870776,0.1695616726032042,0.005391335137016192,2.409609900055861e-06,0.1691295800765607,0.006237079681492666,3.997553807143544e-06
1468,3.8639999999998627,control,38.971500005573034,3.120364267160728e-05,47240.64293799404,47240.64293799404,7.785947777334951e-07,244.0,0.6457718232379027,37.00000000000004,4.690345237189427e-05,0.002687369865502412,52,53,0.8184577978691974,0.000949733338045729,0.16956172374041242,0.005390299266071788,2.537544616129227e-06,0.1691295649688502,0.006236011802033657,4.123758429452278e-06
1469,3.8649999999998625,control,36.916400073096156,3.0501943340585275e-05,47664.18412164852,47664.18412164852,7.779463846273351e-07,244.0,0.6544984694978743,37.50000000000004,5.01579246773277e-05,0.0028738373931459587,52,53,0.8179263360989796,0.000949734739002167,0.16956177458389177,0.0053892690506045825,2.671834744099017e-06,0.1691295502728542,0.0062349496713464524,4.255222650286595e-06
1470,3.8659999999998624,control,35.540300072170794,2.9811622101481894e-05,48083.33915557715,48083.33915557715,7.7840172783376e-07,243.0,0.6632251157578458,38.000000000000036,5.3602354081443385e-05,0.0030711886608325487,52,53,0.8174003567172768,0.0009497360475368611,0.1695618251430158,0.005388244193393985,2.8125639576911213e-06,0.1691295359292624,0.006233893116252337,4.392099304170021e-06
1471,3.8669999999998623,control,35.19789990969002,2.9133252270287874e-05,48498.15346172689,48498.15346172689,7.797076756277277e-07,242.0,0.6719517620178176,38.50000000000004,5.724571550373399e-05,0.003279937893570581,52,53,0.8168797788007138,0.0009497373780140617,0.16956187542046597,0.0053872245439493815,2.959803801358698e-06,0.16912952191088731,0.006232842099449848,4.534535988367813e-06
1472,3.867999999999862,control,39.60820008069277,2.8467463288348383e-05,48908.67199174488,48908.67199174488,7.788318944791727e-07,242.0,0.6806784082777892,39.00000000000004,6.109740352377703e-05,0.0035006233611201477,52,53,0.816364517752873,0.00094973876712787,0.16956192541646223,0.005386210053967385,3.1136313666801838e-06,0.16912950822677095,0.006231796618334069,4.682709952598014e-06
1473,3.868999999999862,control,36.2950999988243,2.7814892510619946e-05,49314.93923183478,49314.93923183478,7.774413088955559e-07,242.0,0.6894050545377609,39.50000000000004,6.516747921904928e-05,0.0037338215207580222,52,53,0.8158545260710379,0.0009497400812778519,0.1695619751356707,0.005385200620766356,3.2741318149733973e-06,0.16912949493420298,0.006230756446973238,4.836851143986224e-06
1474,3.869999999999862,control,36.62469994742423,2.7176121770424417e-05,49716.99920756535,49716.99920756535,7.791534520889276e-07,241.0,0.6981317007977327,40.00000000000005,6.94665371655621e-05,0.003980139396975385,52,53,0.8153497663164581,0.0009497412364468443,0.1695620245888918,0.005384195988016846,3.441409864559156e-06,0.16912948205805808,0.00622972124178695,4.9971940857391445e-06
1475,3.870999999999862,control,34.8666999489069,2.6551734814163635e-05,50114.89548863121,50114.89548863121,7.791075103512808e-07,241.0,0.7068583470577042,40.50000000000004,7.400532669881476e-05,0.0042401928813289155,52,53,0.8148501460485479,0.0009497424001827506,0.16956207378407886,0.005383195923567442,3.615591845492749e-06,0.16912946954549296,0.006228690927768726,5.163924197578739e-06
1476,3.8719999999998618,control,35.459599923342466,2.594243087283436e-05,50508.67119356588,50508.67119356588,7.783596783483105e-07,241.0,0.7155849933176759,41.00000000000004,7.879550360843702e-05,0.00451464980137129,52,53,0.8143556144190257,0.0009497434831095299,0.1695621227277572,0.005382200254206433,3.796813040775408e-06,0.1691294574372479,0.006227665248712735,5.337320092243134e-06
1477,3.8729999999998617,control,35.97339999396354,2.5348906728442606e-05,50898.368994407516,50898.368994407516,7.772908172194202e-07,241.0,0.7243116395776475,41.50000000000004,8.384917983813652e-05,0.004804204120358657,52,53,0.8138661181801303,0.0009497444569605396,0.16956217143088592,0.005381208704762945,3.985221426352275e-06,0.16912944574433267,0.006226643897707657,5.517623078542441e-06
1478,3.8739999999998616,control,36.00819990970194,2.4771925147572547e-05,51284.03112131736,51284.03112131736,7.789176928923261e-07,240.0,0.7330382858376192,42.00000000000005,8.917914110199155e-05,0.005109588405745765,52,53,0.813381618077827,0.0009497452740328715,0.1695622199056736,0.0053802209592221355,4.180969229870482e-06,0.16912943448048626,0.006225626505896716,5.705090299307504e-06
1479,3.8749999999998614,control,37.64579992275685,2.4212308802412767e-05,51665.699367151254,51665.699367151254,7.785826610129994e-07,240.0,0.741764932097591,42.50000000000006,9.479829003429095e-05,0.005431541924021963,52,53,0.812902022936455,0.0009497460981364894,0.16956226816133343,0.005379236737848197,4.38422264651675e-06,0.16912942359800573,0.006224612948562703,5.89990108121148e-06
1480,3.8759999999998613,control,33.779599936679006,2.367104272860843e-05,52043.415091984665,52043.415091984665,7.774051058024969e-07,240.0,0.7504915783575625,43.00000000000005,0.00010072053008080008,0.005770861283950297,52,53,0.8124272831859963,0.0009497468375021682,0.1695623162059088,0.005378255822062733,4.595146664162072e-06,0.16912941314148275,0.006223602922690591,6.102334764566103e-06
1481,3.8769999999998612,control,48.80140000022948,2.3149128089710596e-05,52417.2192275914,52417.2192275914,7.787704599554329e-07,239.0,0.7592182246175342,43.50000000000005,0.00010696038771918989,0.006128378791392502,52,53,0.8119573645848374,0.00094974740288366,0.16956236405330513,0.00537727785899131,4.813905097944523e-06,0.16912940314180758,0.00622259598383532,6.312641122707997e-06
1482,3.877999999999861,control,44.13950000889599,2.2647635130176627e-05,52787.15228187642,52787.15228187642,7.780555464366435e-07,239.0,0.7679448708775058,44.00000000000005,0.00011353240943053008,0.00650492789832064,52,53,0.8114921759426253,0.0009497479650481866,0.16956241171490066,0.005376302512031564,5.0406689250439895e-06,0.16912939354909054,0.006221591956067264,6.530968702308265e-06
1483,3.878999999999861,control,47.96970007009804,2.216783348889118e-05,53153.25434326321,53153.25434326321,7.793310757930832e-07,238.0,0.7766715171374775,44.50000000000005,0.00012045242010426097,0.006901415304110901,52,53,0.811031686465324,0.0009497483747173002,0.1695624592018053,0.005375329481223898,5.2755917460097666e-06,0.16912938442508682,0.006220590397551894,6.75760954457955e-06
1484,3.879999999999861,control,39.96869991533458,2.1711001006058358e-05,53515.56508503617,53515.56508503617,7.783222437493327e-07,238.0,0.7853981633974492,45.00000000000005,0.0001277361183009453,0.007318740470027962,52,53,0.8105758096351408,0.0009497487648385271,0.1695625065270679,0.005374358389452531,5.518829398368651e-06,0.16912937573469436,0.006219591056093642,6.992685884303926e-06
1485,3.880999999999861,control,37.13369998149574,2.1278650230604696e-05,53874.12376963807,53874.12376963807,7.791624451555767e-07,237.0,0.7941248096574207,45.50000000000004,0.00013540052628399293,0.007757878699922967,52,53,0.8101245162222434,0.000949748991051924,0.1695625537036937,0.0053733888920967435,5.770509879267348e-06,0.16912936753689037,0.006218593448325156,7.236465241168296e-06
1486,3.8819999999998607,control,33.99389993865043,2.0872328727934125e-05,54228.96925292342,54228.96925292342,7.775302336268937e-07,237.0,0.8028514559173925,46.00000000000005,0.00014346244633307368,0.008219792693507194,52,53,0.8096777195235134,0.0009497491951805393,0.16956260074622664,0.005372420566848222,6.030750944341705e-06,0.16912935979381857,0.0062175972846804555,7.489015996941551e-06
1487,3.8829999999998606,control,36.006800015456975,2.0493875141392085e-05,54580.13998836804,54580.13998836804,7.793506839946975e-07,236.0,0.8115781021773643,46.50000000000006,0.00015194006620188662,0.008705524532306427,52,53,0.8092353911912928,0.0009497492351593232,0.16956264766884596,0.005371453033439065,6.299624073601029e-06,0.16912935256464523,0.006216602048191039,7.750563481168433e-06
1488,3.8839999999998605,control,37.071999977342784,2.0145200856485345e-05,54927.67403123499,54927.67403123499,7.790292896475686e-07,236.0,0.8203047484373359,47.00000000000006,0.00016085124535887522,0.009216097488486822,52,53,0.808797444845242,0.0009497492561704263,0.16956269448723804,0.0053704858317748915,6.577170426854006e-06,0.16912934581162525,0.006215607414747551,8.021100725245314e-06
1489,3.8849999999998603,control,37.45970001909882,1.9828585638859304e-05,55271.6090426976,55271.6090426976,7.773947923719066e-07,236.0,0.8290313946973075,47.50000000000006,0.00017021500835281094,0.009752601588400122,52,53,0.8083638334015799,0.0009497491823478848,0.16956274121525852,0.005369518576222587,6.863365721642534e-06,0.16912933957667572,0.0062146129277785775,8.300728717584475e-06
1490,3.8859999999998602,control,33.28610002063215,1.954648248480497e-05,55611.98229392011,55611.98229392011,7.784046298795828e-07,235.0,0.8377580409572791,48.00000000000006,0.00018005093616921887,0.010316158739875623,52,53,0.8079345268700759,0.00094974893614858,0.16956278787173437,0.00536855077359245,7.15810051797491e-06,0.16912933389039872,0.0062136180129144765,8.589465000231881e-06
1491,3.88699999999986,control,37.53530001267791,1.9301640264689117e-05,55948.83067009578,55948.83067009578,7.769487067765927e-07,235.0,0.8464846872172508,48.50000000000006,0.00019037835809765372,0.010907876429625797,52,53,0.8075094361081048,0.0009497487052010818,0.16956283447258494,0.005367581941430135,7.461196221822497e-06,0.16912932870229125,0.006212622364658162,8.887121816587831e-06
1492,3.88799999999986,control,37.20430005341768,1.9097341233950788e-05,56282.1906744434,56282.1906744434,7.787025616691182e-07,237.0,0.8552113334772224,49.00000000000006,0.00020121280516771588,0.01152864452009824,52,53,0.8070884591037655,0.0009497487793272837,0.16956288113153642,0.0053666073811999915,7.76943015087727e-06,0.169129324028561,0.0062116215603427935,9.190465285700602e-06
1493,3.88899999999986,control,37.58399991784245,1.8951077633008453e-05,56612.098432162864,56612.098432162864,7.761284777459054e-07,240.0,0.8639379797371941,49.50000000000006,0.0002125770479756325,0.012179767670353763,52,53,0.8066715222000088,0.000949748725305906,0.16956292784106133,0.005365628852317223,8.08334725813582e-06,0.1691293200280352,0.00621061695785233,9.500106619523505e-06
1494,3.88999999999986,control,35.37779999896884,1.886202071499929e-05,56938.589694349044,56938.589694349044,7.763086242143166e-07,235.0,0.8726646259971658,50.00000000000006,0.00022449529528186597,0.012862632940194104,52,53,0.8062587338428847,0.0009497477683101822,0.16956297456545547,0.005364647662876164,8.403918936134329e-06,0.16912931687769142,0.006209609102521102,9.817696311592882e-06
1495,3.8909999999998597,control,36.71799995936453,1.882070317266321e-05,57261.69984186586,57261.69984186586,7.775332607591966e-07,236.0,0.8813912722571374,50.50000000000006,0.000236984127178844,0.013578190298939304,52,53,0.8058499584707448,0.0009497475055415452,0.16956302126792597,0.0053636652148025795,8.729927003336998e-06,0.16912931396601047,0.006208600897120012,1.014176776682286e-05
1496,3.8919999999998596,control,35.09780007880181,1.8834109485157197e-05,57581.46388918009,57581.46388918009,7.785250822866961e-07,235.0,0.8901179185171091,51.00000000000006,0.00025006261795081243,0.01432753262257389,52,53,0.8054451843802374,0.0009497472514320019,0.16956306796167123,0.005362680826714701,9.059237467019534e-06,0.16912931160270622,0.006207591039849171,1.047147014228429e-05
1497,3.8929999999998595,control,35.56410002056509,1.8907823176555407e-05,57897.91648815542,57897.91648815542,7.796452806851347e-07,233.0,0.8988445647770807,51.50000000000006,0.0002637463688504725,0.015111553797032756,52,53,0.805044403571555,0.0009497470413569379,0.16956311465810886,0.005361694188767096,9.38893887220178e-06,0.16912930975536106,0.006206579237882691,1.0804106411475755e-05
1498,3.8939999999998594,control,35.37859988864511,1.9047555646072236e-05,58211.09193180717,58211.09193180717,7.796913687475468e-07,232.0,0.9075712110370524,52.000000000000064,0.0002780489612125096,0.015931031975473527,52,53,0.804647565094481,0.0009497471953081986,0.1695631613506215,0.005360705497891431,9.715094668792429e-06,0.16912930830176312,0.006205565986411152,1.1137040624446465e-05
1499,3.8949999999998592,control,34.859800012782216,1.9257966481256807e-05,58521.024158018394,58521.024158018394,7.799923387559801e-07,240.0,0.9162978572970241,52.500000000000064,0.0002929733549400475,0.016786136747852967,52,53,0.8042544156131001,0.0009497482987084067,0.16956320814771453,0.005359709309129867,1.0031778028104766e-05,0.16912930721154168,0.00620454642678203,1.1464651024802173e-05
1500,3.895999999999859,control,36.6880000801757,1.954032874299965e-05,58827.74675321737,58827.74675321737,7.766538669536332e-07,231.0,0.9250245035569957,53.000000000000064,0.000308547968788699,0.017678496388926705,52,53,0.8038654854225572,0.0009497483702960912,0.1695632549083942,0.0053587135944188295,1.0334256915986466e-05,0.16912930689882172,0.006203526579759375,1.1787414913825625e-05
1501,3.896999999999859,control,42.94120008125901,1.9891622175090707e-05,59131.29295601696,59131.29295601696,7.771972155435996e-07,231.0,0.9337511498169673,53.50000000000006,0.0003247773955458917,0.018608374046030537,52,53,0.8034804738571582,0.0009497497791339511,0.1695633015857618,0.005357719677233631,1.0616691494270354e-05,0.16912930643928367,0.0062025099816531305,1.2099040045161391e-05
1502,3.897999999999859,control,42.917100014165044,2.0309851177250002e-05,59431.69566081651,59431.69566081651,7.788858186017319e-07,240.0,0.942477796076939,54.000000000000064,0.0003416783060558355,0.01957672488817861,52,53,0.8030991682284365,0.0009497524276120177,0.1695633482289106,0.0053567238909489655,1.0873874961560423e-05,0.1691293061022892,0.006201492964571549,1.2396479229650039e-05
1503,3.898999999999859,control,50.29559996910393,2.078936063496973e-05,59728.98742136624,59728.98742136624,7.765515560647055e-07,226.0,0.9512044423369107,54.500000000000064,0.0003592916533141482,0.02058589534917825,52,53,0.8027222487214142,0.0009497534950138493,0.16956339471793253,0.005355732697381181,1.1102001233128564e-05,0.16912930658546285,0.006200479228549813,1.2680804126652137e-05
1504,3.8999999999998587,control,40.720799937844276,2.132131449010056e-05,60023.200454294856,60023.200454294856,7.794710648973884e-07,226.0,0.9599310885968824,55.000000000000064,0.00037762952511023875,0.021636578008346223,52,53,0.802349243134145,0.0009497563693001395,0.16956344098401632,0.005354747791482991,1.1296930268143605e-05,0.16912930659102893,0.006199473648385443,1.2945120811470646e-05
1505,3.9009999999998586,control,32.70920005161315,2.190131964399303e-05,60314.36664260076,60314.36664260076,7.529292492244047e-07,231.0,0.968657734856854,55.500000000000064,0.0003967257207112187,0.022730709421038664,52,53,0.8019800858801703,0.0009497602488220887,0.16956348693668463,0.005353771110183139,1.1456144195901913e-05,0.1691293065223631,0.006198477506214151,1.3188935724241828e-05
1506,3.9019999999998585,control,35.283599980175495,2.25224350695125e-05,60602.517539106644,60602.517539106644,7.768991325745383e-07,240.0,0.9773843811168257,56.000000000000064,0.0004166158278324649,0.023870328613149177,52,53,0.801614859567022,0.0009497642225048206,0.1695635325533779,0.005352803146730825,1.1577640354545422e-05,0.16912930666409745,0.006197490423569702,1.341060934576983e-05
1507,3.9029999999998584,control,32.75089990347624,2.3177665038191253e-05,60887.68436987901,60887.68436987901,7.465115692447445e-07,238.0,0.9861110273767972,56.500000000000064,0.0004373414791424703,0.02505782096087227,52,53,0.8012538617444794,0.0009497673365637181,0.1695635779567898,0.005351838969815953,1.1659656131005442e-05,0.16912930729210274,0.006196506469885905,1.3608430403688505e-05
1508,3.9039999999998583,control,33.38260005693883,2.3859770290730127e-05,61169.898037611725,61169.898037611725,7.697685911154057e-07,219.0,0.994837673636769,57.00000000000007,0.00045894936979379004,0.02629586189937308,52,53,0.8008974284454242,0.0009497697374677595,0.16956362294802668,0.005350888440352699,1.170250119493161e-05,0.16912930793077108,0.006195535523220431,1.3782260525107353e-05
1509,3.904999999999858,control,34.372700029052794,2.4563665238399193e-05,61449.1891249747,61449.1891249747,7.787119800561945e-07,222.0,1.0035643198967406,57.500000000000064,0.0004814659980980094,0.027585969670069658,52,53,0.8005446140982211,0.0009497749202100709,0.16956366746848525,0.005349951088448754,1.1705685015220063e-05,0.1691293075315302,0.006194580540143558,1.3926846462117753e-05
1510,3.905999999999858,control,35.09059990756214,2.5287004989231142e-05,61725.58789792817,61725.58789792817,7.778711334111553e-07,222.0,1.012290966156712,58.00000000000006,0.0005049410156318027,0.028930989098751622,52,53,0.8001957586447702,0.000949780123021779,0.1695637113891471,0.005349030180356622,1.1670092452329251e-05,0.16912930715914634,0.006193642284281068,1.4045160667434247e-05
1511,3.906999999999858,control,35.095299943350255,2.602385364556668e-05,61999.12430900214,61999.12430900214,7.597205863406696e-07,229.0,1.0210176124166837,58.50000000000005,0.0005294149534998327,0.030333242446655143,52,53,0.7998507580612672,0.0009497854363531342,0.16956375471633087,0.005348125473533858,1.1596645379176274e-05,0.1691293067066345,0.00619272055530677,1.4136295826586783e-05
1512,3.907999999999858,control,34.498700057156384,2.6770504276246702e-05,62269.828000542315,62269.828000542315,7.79779113009938e-07,240.0,1.0297442586766552,59.00000000000004,0.000554932289043379,0.031795278077719515,52,53,0.7995096263817176,0.000949790596420091,0.16956379744623662,0.005347236910761754,1.1486728434431145e-05,0.16912930618016064,0.006191815000860662,1.4200853820037124e-05
1513,3.9089999999998577,control,34.562199958600104,2.7522955810103274e-05,62537.72830792236,62537.72830792236,7.759893132566812e-07,237.0,1.0384709049366267,59.50000000000004,0.000581539600538684,0.03331976473059041,52,53,0.7991727093008473,0.0009497945005545344,0.16956383961002977,0.005346363163248942,1.134148434615342e-05,0.16912930579671395,0.006190923142292875,1.4239788361080468e-05
1514,3.9099999999998576,control,33.164599910378456,2.8276739974400888e-05,62802.854262722525,62802.854262722525,7.765958894295402e-07,237.0,1.0471975511965983,60.000000000000036,0.0006092839913598936,0.034909401229807215,52,53,0.7988397556797429,0.0009497989741167402,0.16956388116507878,0.005345506033823394,1.1163647512636467e-05,0.1691293048060066,0.0061900484732792796,1.4253522377487238e-05
1515,3.9109999999998575,control,35.082400077953935,2.9030647991559287e-05,63065.23459587592,63065.23459587592,7.779134876611757e-07,236.0,1.0559241974565698,60.50000000000003,0.0006382125895539451,0.036566887813556145,52,53,0.7985106514823151,0.0009498038217716445,0.16956392205967638,0.005344666353517737,1.0955824559901948e-05,0.16912930334169493,0.006189191700087837,1.424350350347967e-05
1516,3.9119999999998574,control,32.14030002709478,2.9782819710332178e-05,63324.89774078172,63324.89774078172,7.762757988542044e-07,236.0,1.0646508437165414,61.00000000000002,0.0006683716340847373,0.038294873779317645,52,53,0.7981853040258472,0.0009498088541391867,0.16956396226522205,0.005343844416418719,1.0720711754149424e-05,0.16912930150418562,0.0061883529706813,1.4211269553422455e-05
1517,3.9129999999998573,control,36.734099965542555,3.0531624276977195e-05,63581.871836386534,63581.871836386534,7.79421895163838e-07,235.0,1.073377489976513,61.500000000000014,0.0006998073408303389,0.04009600710185155,52,53,0.797863680863557,0.0009498137881784928,0.16956400177134115,0.005343040059090188,1.0461060223957462e-05,0.16912929939438354,0.006187531860677248,1.4158726193445049e-05
1518,3.913999999999857,control,34.409299958497286,3.12754081760046e-05,63836.18473023355,63836.18473023355,7.767219180789007e-07,236.0,1.0821041362364845,62.000000000000014,0.0007325665467372332,0.041972971340516634,52,53,0.7975456754288894,0.0009498187758289043,0.16956404056791016,0.005342253370462418,1.0179986853054143e-05,0.1691292969519369,0.006186728605206972,1.408807983337832e-05
1519,3.914999999999857,control,36.12279996741563,3.201309724815371e-05,64087.86398148013,64087.86398148013,7.766520486752423e-07,236.0,1.090830782496456,62.50000000000001,0.0007666951970844012,0.043928398965887044,52,53,0.7972312628278536,0.0009498235331090983,0.1695640786589575,0.005341483852205696,9.880464042927563e-06,0.16912929427084764,0.006185942433747749,1.4001624529777535e-05
1520,3.915999999999857,control,33.93959999084473,3.274348090920027e-05,64336.93686388452,64336.93686388452,7.3171271778763e-07,236.0,1.0995574287564274,62.999999999999986,0.0008022394553299733,0.04596493494928141,52,53,0.7969203797917861,0.0009498281094230435,0.16956411605404678,0.005340731001997116,9.565607477588705e-06,0.169129291316203,0.006185172878173079,1.3901800468587757e-05
1521,3.916999999999857,control,50.48410000745207,3.346576718003888e-05,64583.43036876116,64583.43036876116,7.659599987470732e-07,217.0,1.1082840750163991,63.49999999999999,0.0008388597418300111,0.04806312281029348,52,53,0.7966138764927161,0.000949837357875644,0.1695641523642399,0.005340009614878689,9.159635196032816e-06,0.16912928518889014,0.006184438916741601,1.3709401653188567e-05
1522,3.9179999999998567,control,49.76159997750074,3.429888280034651e-05,64827.37120790572,64827.37120790572,7.795772433061318e-07,217.0,1.1170107212763707,63.999999999999986,0.0008771025730584222,0.05025427563631254,52,53,0.7963109716336656,0.0009498424578726275,0.1695641879649701,0.005339304654065918,8.747318047557469e-06,0.16912928088283682,0.006183717715163482,1.3554285456236978e-05
1523,3.9189999999998566,control,49.98380003962666,3.5135121673390826e-05,65068.785816489624,65068.785816489624,7.743097852301398e-07,221.0,1.1257373675363422,64.49999999999999,0.000916936850133655,0.052536611592678105,52,53,0.7960110617341688,0.0009498481550453251,0.16956422280641525,0.005338615894403095,8.32994222861731e-06,0.16912927616814033,0.006183013483002266,1.3394709178284654e-05
1524,3.9199999999998565,control,34.78530002757907,3.597345887499065e-05,65307.700355924826,65307.700355924826,7.684505039164968e-07,224.0,1.1344640137963138,64.99999999999997,0.0009583934920634938,0.05491190220804295,52,53,0.7957143700152539,0.000949852715510294,0.16956425694824326,0.005337941642223778,7.911466422869558e-06,0.1691292716425231,0.006182322893875051,1.3228122292826273e-05
1525,3.9209999999998564,control,34.27850001025945,3.681023784716771e-05,65544.14071669862,65544.14071669862,7.78255130789452e-07,218.0,1.1431906600562853,65.49999999999997,0.001001210202793135,0.0573651190254839,52,53,0.7954213868586225,0.0009498609500745376,0.16956429020067923,0.005337289943776514,7.429529587730884e-06,0.16912926462096545,0.006181658136894403,1.2990457749556365e-05
1526,3.9219999999998563,control,34.333899966441095,3.782506972881528e-05,65778.13252117966,65778.13252117966,7.769538279425738e-07,226.0,1.151917306316257,65.99999999999997,0.0010456784729715358,0.05991296322895373,52,53,0.7951318372053453,0.0009498675574131274,0.1695643227433944,0.005336653433641798,6.924083605880776e-06,0.16912925809342655,0.0061810071102439594,1.275467386351553e-05
1527,3.922999999999856,control,35.204000072553754,3.8962643648319495e-05,66009.70112639393,66009.70112639393,7.78734010480483e-07,227.0,1.1606439525762284,66.49999999999996,0.0010918927594208633,0.06256084679570882,52,53,0.7948456383617531,0.0009498723076477668,0.1695643546444842,0.0053360297268996194,6.413147971550263e-06,0.16912925202351634,0.0061803672075333,1.2522882840335494e-05
1528,3.923999999999856,control,32.56419999524951,4.018774214360269e-05,66238.87162677317,66238.87162677317,7.785667471689344e-07,228.0,1.1693705988362,66.99999999999996,0.0011399142008672516,0.06531227271672148,52,53,0.794562537592661,0.0009498760890923323,0.1695643859987271,0.005335415861604506,5.907553349673595e-06,0.16912924602705676,0.006179736295112099,1.2294668944102855e-05
1529,3.924999999999856,control,34.67849991284311,4.1477440143790436e-05,66465.66885687395,66465.66885687395,7.773337803326511e-07,228.0,1.1780972450961715,67.49999999999994,0.0011897911991475012,0.06817001421296105,52,53,0.7942823672650272,0.0009498793208324917,0.16956441685662255,0.005334810039654511,5.414501425570903e-06,0.1691292399736742,0.006179112997699994,1.2071807803840341e-05
1530,3.925999999999856,control,33.653800026513636,4.28151276926632e-05,66690.11739406877,66690.11739406877,7.786871234928003e-07,227.0,1.186823891356143,67.99999999999994,0.001241566359722921,0.07113651239754475,52,53,0.7940050243352991,0.0009498821000590256,0.1695644472597427,0.005334210858400397,4.939058514041661e-06,0.16912923387457585,0.006178496028581066,1.1857497438029643e-05
1531,3.9269999999998557,control,33.914399915374815,4.418896533923129e-05,66912.2415612098,66912.2415612098,7.779827187296497e-07,227.0,1.1955505376161146,68.49999999999994,0.0012952796474508333,0.07421405708812595,52,53,0.7937303974225921,0.0009498846601339914,0.1695644772402882,0.005333617342655159,4.484919843917491e-06,0.16912922770251168,0.006177884652799129,1.1655446007547016e-05
1532,3.9279999999998556,control,35.53069999907166,4.559090905185685e-05,67132.06542926429,67132.06542926429,7.798026326270462e-07,226.0,1.2042771838760862,68.99999999999993,0.0013509677490303649,0.07740475027772892,52,53,0.793458468268485,0.0009498868751193917,0.16956450682655483,0.005333028814055913,4.054667092161802e-06,0.1691292215439233,0.006177278081279817,1.1469047738430743e-05
1533,3.9289999999998555,control,35.77499999664724,4.701506174941636e-05,67349.61281992319,67349.61281992319,7.795353632743196e-07,226.0,1.2130038301360577,69.49999999999993,0.0014086668707938902,0.08071066643639035,52,53,0.7931891682198319,0.0009498889501245007,0.16956453604517402,0.00533244467315146,3.650099721449618e-06,0.16912921536733735,0.006176675908800932,1.130162049970197e-05
1534,3.9299999999998554,control,40.174299967475235,4.845773724680258e-05,67564.90730818256,67564.90730818256,7.785386132206575e-07,226.0,1.2217304763960293,69.99999999999991,0.001468411520301864,0.08413378270168562,52,53,0.7929224779329166,0.00094989084325556,0.16956456491707947,0.005331864528712037,3.2723059108459145e-06,0.16912920922563224,0.006176077704768178,1.1155794888783668e-05
1535,3.9309999999998553,control,38.50709996186197,4.991628302523656e-05,67777.9722248984,67777.9722248984,7.776443268312511e-07,226.0,1.2304571226560008,70.49999999999991,0.0015302358569195724,0.08767605626107641,52,53,0.7926583804005468,0.0009498925582144012,0.1695645934648072,0.005331287983167592,2.9218226481956685e-06,0.1691292031444165,0.006175483065653294,1.1033774826730797e-05
1536,3.931999999999855,control,38.78919989801943,5.1388993895449526e-05,67988.8306593148,67988.8306593148,7.771646324514029e-07,226.0,1.2391837689159724,70.99999999999991,0.0015941739113941853,0.09133943693274928,52,53,0.7923968566640572,0.0009498941347491517,0.16956462170819153,0.005330714728663822,2.598730044231446e-06,0.16912919713178307,0.006174891709142879,1.0937262265763503e-05
1537,3.932999999999855,control,37.69170003943145,5.287483438485188e-05,68197.50546156606,68197.50546156606,7.771698149418122e-07,226.0,1.247910415175944,71.4999999999999,0.0016602597961510725,0.09512587921470685,52,53,0.7921378889940401,0.0009498956029701755,0.16956464966422713,0.0053301445556929086,2.302728146903629e-06,0.16912919119667436,0.006174303441534886,1.0867483408709966e-05
1538,3.933999999999855,control,35.02519999165088,5.437324087159898e-05,68404.01924515294,68404.01924515294,7.775921911300404e-07,226.0,1.2566370614359155,71.9999999999999,0.0017285278943638817,0.09903735311768541,52,53,0.791881460932726,0.0009498969861663103,0.16956467734761305,0.005329577339708408,2.0332039991244343e-06,0.16912918534678248,0.006173718146508946,1.0825236447045075e-05
1539,3.934999999999855,control,33.92459999304265,5.588395878302325e-05,68608.39438939307,68608.39438939307,7.782802904383423e-07,226.0,1.265363707695887,72.49999999999989,0.0017990130226421047,0.10307585348646581,52,53,0.7916275565111722,0.0009498983063435946,0.16956470477098776,0.005329013024112104,1.7892949322449672e-06,0.16912917958687138,0.006173135773592287,1.0810946933866241e-05
1540,3.9359999999998547,control,33.283500000834465,5.740689902727366e-05,68810.65304184632,68810.65304184632,7.790460478848685e-07,226.0,1.2740903539558586,72.99999999999989,0.0018717505892646932,0.10724340906599178,52,53,0.7913761599722743,0.0009498995847434863,0.16956473194501553,0.005328451604458731,1.5699520346388567e-06,0.16912917391959437,0.0061725563234735735,1.0824730472548386e-05
1541,3.9369999999998546,control,38.13040000386536,5.8942015529213196e-05,69010.8171207145,69010.8171207145,7.797388127732249e-07,226.0,1.2828170002158301,73.49999999999989,0.0019467767592155375,0.1115420919572064,52,53,0.7911272555892757,0.0009499008411683494,0.16956475887852257,0.005327893112771142,1.3740043166211077e-06,0.16912916834664674,0.006171979832286773,1.0866450250396832e-05
1542,3.9379999999998545,control,44.97879999689758,6.048921001135632e-05,69208.908317217,69208.908317217,7.768813789213604e-07,227.0,1.2915436464758017,73.99999999999987,0.0020241288404761306,0.11597403974999136,52,53,0.7908808058814215,0.0009499021676359206,0.16956478557704727,0.005327337640277154,1.2002260500226044e-06,0.16912916284914778,0.006171406467555279,1.0935822290635944e-05
1543,3.9389999999998544,control,44.56519999075681,6.204842263254647e-05,69404.948097941,69404.948097941,7.792137735922311e-07,226.0,1.3002702927357732,74.49999999999987,0.002103844271064385,0.1205413974847664,52,53,0.7906368552285803,0.000949903313287008,0.1695648120495754,0.005326785216210805,1.047354938856022e-06,0.1691291575108444,0.006170836003163204,1.1032169496031507e-05
1544,3.9399999999998543,control,49.82029995881021,6.361888135366377e-05,69598.95770716788,69598.95770716788,7.769629140196116e-07,227.0,1.3089969389957448,74.99999999999986,0.002185962928428396,0.12524644997100512,52,53,0.7903953182454534,0.0009499046560506644,0.16956483830079055,0.005326235873103054,9.141961672355195e-07,0.1691291522107396,0.006170268815807605,1.1155199650080952e-05
1545,3.940999999999854,control,34.52610003296286,6.52005093980381e-05,69790.9581691755,69790.9581691755,7.795782290320125e-07,226.0,1.3177235852557163,75.49999999999986,0.002270524196330428,0.13009145373206663,52,53,0.7901562408049958,0.0009499058697348965,0.16956486433265555,0.005325689763160852,7.995764147994785e-07,0.169129147069031,0.006169704742404686,1.1303973036339497e-05
1546,3.941999999999854,control,38.75379997771233,6.679218715267386e-05,69980.97029051628,69980.97029051628,7.774700499224105e-07,227.0,1.3264502315156879,75.99999999999986,0.0023575701057282966,0.13507881696444266,52,53,0.7899195424463212,0.0009499072726090644,0.16956489014858825,0.005325146925393395,7.024362773104573e-07,0.16912914198612022,0.0061691441117332525,1.1478099214457062e-05
1547,3.942999999999854,control,39.7203000029549,6.839355536644671e-05,70169.01466227212,70169.01466227212,7.790285541490509e-07,226.0,1.3351768777756594,76.49999999999984,0.0024472621370937187,0.14021779181763636,52,53,0.7896852350034654,0.0009499059005490853,0.1695649158101806,0.005324605700030486,6.543026485479569e-07,0.16912913832994636,0.006168582628183298,1.1706558726382309e-05
1548,3.943999999999854,control,41.85809998307377,6.984590890040391e-05,70355.11166228574,70355.11166228574,7.792388392617944e-07,225.0,1.343903524035631,76.99999999999984,0.0025395559552771865,0.14550583807469683,52,53,0.7894531069799716,0.0009499054083792055,0.1695649412925421,0.005324067187239519,6.416932676266371e-07,0.16912913435880922,0.006168024728616057,1.196731607966615e-05
1549,3.9449999999998537,control,34.02040002401918,7.119116947223128e-05,70539.28145736885,70539.28145736885,7.788638630232439e-07,225.0,1.3526301702956025,77.49999999999983,0.00263446532179309,0.15094374421231835,52,53,0.7892232111656295,0.0009499055761489954,0.16956496657271886,0.005323532300401018,6.557470305107152e-07,0.16912913021883208,0.006167471073261839,1.2258500660882297e-05
1550,3.9459999999998536,control,33.3642999175936,7.245532389886645e-05,70721.54400548778,70721.54400548778,7.791426367513528e-07,225.0,1.361356816555574,77.99999999999983,0.0027320228091566685,0.15653337649815227,52,53,0.7889956053261015,0.000949906098448024,0.16956499163335217,0.005323001816329878,6.905519484075984e-07,0.16912912605515792,0.00616692210200827,1.2579413737502733e-05
1551,3.9469999999998535,control,36.69360000640154,7.365663507428331e-05,70901.91905792599,70901.91905792599,7.76684435658981e-07,226.0,1.3700834628155456,78.49999999999983,0.002832269966044259,0.16227711549599702,52,53,0.788770291288404,0.0009499069342635762,0.1695650164637192,0.0053224762478974305,7.42152740337493e-07,0.1691291218992121,0.006166378256809239,1.2928692438121819e-05
1552,3.9479999999998534,control,37.98969998024404,7.4808535583661e-05,71080.42616142468,71080.42616142468,7.793406265290116e-07,225.0,1.3788101090755172,78.99999999999982,0.0029352537997463894,0.16817765452520622,52,53,0.788547329673231,0.0009499077379835241,0.16956504106135917,0.005321955807078792,8.082097019366184e-07,0.16912911787145357,0.0061658394010142645,1.330473202041707e-05
1553,3.9489999999998533,control,39.2495000269264,7.591943494709409e-05,71257.08466030077,71257.08466030077,7.772273118078089e-07,226.0,1.3875367553354887,79.49999999999982,0.0030410231760115885,0.17423779338693332,52,53,0.7883266361422525,0.0009499088612325664,0.16956506542148092,0.005321440600009355,8.869457310624135e-07,0.16912911385454302,0.006165305966183725,1.3705670470043412e-05
1554,3.949999999999853,control,38.34010008722544,7.699662551448199e-05,71431.91369854343,71431.91369854343,7.789722450337023e-07,225.0,1.3962634015954603,79.9999999999998,0.003149629112549894,0.18046045518064388,52,53,0.7881082579256422,0.0009499098923867339,0.1695650895406138,0.005320930737062043,9.773840811622554e-07,0.16912910999772823,0.006164777677691954,1.4129670156302245e-05
1555,3.950999999999853,control,40.234899963252246,7.804425253522998e-05,71604.93222188848,71604.93222188848,7.76955499311348e-07,226.0,1.4049900478554318,80.4999999999998,0.0032611224602410167,0.18684855344712986,52,53,0.7878921084488478,0.0009499111556672825,0.16956511341804972,0.005320426206271447,1.0785195869277199e-06,0.16912910618691115,0.006164254825785053,1.4575146787513539e-05
1556,3.951999999999853,control,40.80749989952892,7.906678192617751e-05,71776.15897987151,71776.15897987151,7.792558014514541e-07,225.0,1.4137166941154033,80.9999999999998,0.0033755555632240452,0.1934050872846433,52,53,0.7876782327075683,0.0009499122648228441,0.16956513705372156,0.005319927053001332,1.1898806368654359e-06,0.16912910255407457,0.006163737092811072,1.5040609669912653e-05
1557,3.952999999999853,control,38.40010007843375,8.006641676250735e-05,71945.61252785972,71945.61252785972,7.775064281937046e-07,226.0,1.4224433403753747,81.49999999999977,0.0034929802282504677,0.20013302500139477,52,53,0.7874665418082659,0.0009499135756201319,0.16956516044881648,0.005319433232785513,1.310753481929278e-06,0.1691290989708942,0.006163224760449319,1.5525058334718943e-05
1558,3.9539999999998527,control,41.99639998842031,8.104624388988346e-05,72113.31122906275,72113.31122906275,7.799400504337718e-07,225.0,1.4311699866353464,81.99999999999979,0.003613449544532252,0.20703540838516765,52,53,0.7872570800756695,0.0009499147171570602,0.1695651836040815,0.005318944771536633,1.4409055603780874e-06,0.16912909556390454,0.00616271750389156,1.602744800567157e-05
1559,3.9549999999998526,control,39.39000004902482,8.20073601197674e-05,72279.27325652241,72279.27325652241,7.780098139831691e-07,226.0,1.439896632895318,82.49999999999977,0.003737016364885452,0.21411526567925723,52,53,0.7870497589495736,0.0009499160513714095,0.16956520652111906,0.005318461602932868,1.5798084058619678e-06,0.1691290922054787,0.0061622155854067365,1.6547286686289487e-05
1560,3.9559999999998525,control,39.211700088344514,8.295191763870557e-05,72443.51659508243,72443.51659508243,7.770106248204342e-07,226.0,1.4486232791552895,82.99999999999977,0.0038637343428276276,0.22137567100377578,52,53,0.7868446008298703,0.0009499172999063541,0.16956522919885758,0.005317983778640239,1.727269753870985e-06,0.16912908899714418,0.006161718793136567,1.708391078167075e-05
1561,3.9569999999998524,control,48.59790008049458,8.388063975344711e-05,72606.05904333708,72606.05904333708,7.766281706746524e-07,226.0,1.457349925415261,83.49999999999977,0.0039936578601810525,0.22881974020762175,52,53,0.7866415797903561,0.0009499185272134582,0.16956525164284092,0.005317511154531647,1.8831265005169038e-06,0.16912908590948011,0.0061612270279535536,1.7637056839500982e-05
1562,3.9579999999998523,control,54.017300019040704,8.479416519304359e-05,72766.91821556012,72766.91821556012,7.768343726591733e-07,226.0,1.4660765716752329,83.99999999999977,0.004126841281939899,0.23645058817551448,52,53,0.7864406681979131,0.0009499197834885954,0.16956527385355824,0.0053170436984993664,2.0471841805509596e-06,0.16912908292641352,0.006160740296744563,1.820639979051441e-05
1563,3.958999999999852,control,52.72599996533245,8.569305687837291e-05,72926.11154361346,72926.11154361346,7.770732132794792e-07,226.0,1.4748032179352042,84.49999999999976,0.004263339514508811,0.24427136081270828,52,53,0.786241843902698,0.0009499210614902833,0.16956529583124103,0.005316581389950502,2.2192604229836897e-06,0.16912908005633806,0.006160258564266141,1.879171731423189e-05
1564,3.959999999999852,control,35.476300050504506,8.657777737914247e-05,73083.65627883634,73083.65627883634,7.776900932513061e-07,226.0,1.4835298641951757,84.99999999999974,0.004403207823219383,0.25228522458945696,52,53,0.7860450858428358,0.0009499223533661081,0.1695653175768475,0.005316124199308098,2.3991959118187555e-06,0.1691290773065161,0.006159781783891643,1.9392840031029166e-05
1565,3.960999999999852,control,33.64099992904812,8.744867415810454e-05,73239.56949391468,73239.56949391468,7.782786728756761e-07,226.0,1.4922565104551473,85.49999999999974,0.004546502140848013,0.2604953842177845,52,53,0.7858503734086011,0.0009499236524274095,0.16956533909173205,0.005315672091967117,2.5868664084455858e-06,0.1691290746834744,0.006159309903858141,2.000966401284935e-05
1566,3.961999999999852,control,34.65290006715804,8.83059801293984e-05,73393.86808473135,73393.86808473135,7.790460143706034e-07,226.0,1.5009831567151186,85.99999999999973,0.004693278708862966,0.2689050620964562,52,53,0.785657685503775,0.0009499249578224248,0.16956536037754213,0.00531522502685303,2.7821573454471758e-06,0.16912907219145892,0.0061588428696544555,2.0642154132291548e-05
1567,3.9629999999998518,control,33.57789991423488,8.91498376201964e-05,73546.56877219694,73546.56877219694,7.798658867636327e-07,226.0,1.5097098029750904,86.49999999999973,0.004843594334741261,0.27751751305414996,52,53,0.7854670017798725,0.0009499262659700559,0.16956538143601677,0.005314782963378649,2.984981624611665e-06,0.16912906983569673,0.006158380624674968,2.129028307970688e-05
1568,3.9639999999998516,control,34.23270001076162,8.998031000638141e-05,73697.68810406195,73697.68810406195,7.766865037114981e-07,227.0,1.518436449235062,86.99999999999973,0.004997506549348199,0.2863360333666393,52,53,0.785278280298354,0.0009499276589580836,0.16956540226704328,0.005314345905089507,3.1951661599631972e-06,0.16912906759603158,0.006157923238413609,2.195402615975403e-05
1569,3.9649999999998515,control,40.060600033029914,9.079783029726553e-05,73847.24245670973,73847.24245670973,7.799082465685894e-07,226.0,1.5271630954950335,87.49999999999972,0.005155072810204385,0.2953639151073561,52,53,0.7850915613369203,0.0009499288486138188,0.16956542287673212,0.005313913734466602,3.4128673164423015e-06,0.16912906556861865,0.006157470303527421,2.2633478104733387e-05
1570,3.9659999999998514,control,36.44489997532219,9.160146188480382e-05,73995.2480369314,73995.2480369314,7.775621915357e-07,227.0,1.535889741755005,87.99999999999972,0.00531635166477585,0.30460451279900524,52,53,0.7849067552604916,0.0009499302321101079,0.1695654432661673,0.005313486393943958,3.6378555732643086e-06,0.16912906361997737,0.006157022117781184,2.332878948534682e-05
1571,3.9669999999998513,control,36.1658000620082,9.23918707191917e-05,74141.72088368205,74141.72088368205,7.774430052564765e-07,227.0,1.5446163880149766,88.49999999999972,0.005481401340688308,0.31406116263879114,52,53,0.7847238837709125,0.0009499315394666303,0.169565463434331,0.0053130639335378154,3.870130744875723e-06,0.16912906185485344,0.006156578469883287,2.4039862444233242e-05
1572,3.967999999999851,control,35.065499949269,9.316868578654463e-05,74286.67686981884,74286.67686981884,7.776305316013886e-07,227.0,1.5533430342749481,88.9999999999997,0.0056502812968580556,0.323737271371672,52,53,0.7845429243486381,0.000949932820839744,0.16956548338678187,0.0053126462255724755,4.109704039916311e-06,0.1691290602555542,0.0061561392550716215,2.4766998740025303e-05
1573,3.968999999999851,control,33.2357999868691,9.393167434618029e-05,74430.13170382103,74430.13170382103,7.780669139575899e-07,227.0,1.5620696805349197,89.4999999999997,0.005823050921625872,0.33363624169892675,52,53,0.7843638514508031,0.0009499341252713079,0.16956550312454197,0.005312233243603753,4.356529461356336e-06,0.16912905881018608,0.006155704476186366,2.5510314629874716e-05
1574,3.969999999999851,control,36.31470003165305,9.468071434851111e-05,74572.10093149227,74572.10093149227,7.778741862959941e-07,227.0,1.5707963267948912,89.99999999999969,0.005999770378294627,0.3437615207238915,52,53,0.7841866453035181,0.0009499354424018016,0.16956552264843414,0.00531182497067666,4.610580445964883e-06,0.16912905753110685,0.006155274091618735,2.6269907989279842e-05
1575,3.970999999999851,control,33.39989995583892,9.541569794607685e-05,74712.59993764534,74712.59993764534,7.780232760357515e-07,227.0,1.5795229730548628,90.49999999999969,0.0061805003724664945,0.3541165866213634,52,53,0.7840112870539159,0.0009499367639394607,0.16956554196004092,0.005311421377472933,4.871850202276264e-06,0.16912905642796744,0.006154848047751214,2.7045880904793808e-05
1576,3.9719999999998508,control,40.67719995509833,9.613649457491995e-05,74851.64394776929,74851.64394776929,7.783587300903209e-07,227.0,1.5882496193148343,90.99999999999969,0.0063653022328724745,0.3647049532687919,52,53,0.7838377580958708,0.0009499380852231145,0.16956556106128112,0.0053110224284177035,5.140363850091802e-06,0.16912905550773882,0.006154426288683405,2.7838292676349997e-05
1577,3.9729999999998507,control,46.732400078326464,9.684293401220358e-05,74989.24802967942,74989.24802967942,7.781946569127648e-07,227.0,1.5969762655748059,91.49999999999967,0.006554237899934616,0.37553016959094143,52,53,0.7836660398590428,0.0009499394034629483,0.1695655799542599,0.0053106280834423515,5.416171541576702e-06,0.16912905477589382,0.0061540087566662825,2.8647162402193573e-05
1578,3.9739999999998505,control,51.17739993147552,9.75348118109111e-05,75125.42709514995,75125.42709514995,7.777917015530302e-07,227.0,1.6057029118347774,91.99999999999967,0.006747369751685819,0.38659580958583173,52,53,0.7834961138871434,0.0009499407187603808,0.16956559864115156,0.005310238300473872,5.699324759748815e-06,0.16912905423687388,0.00615359539343234,2.9472545186890043e-05
1579,3.9749999999998504,control,53.27559995930642,9.82119044882342e-05,75260.19590153024,75260.19590153024,7.792358410321877e-07,226.0,1.614429558094749,92.49999999999966,0.006944761326546408,0.39790551373678407,52,53,0.7833279845835814,0.0009499419370655626,0.16956561712615248,0.005309852992681234,5.990034030674968e-06,0.1691290539235937,0.0061531860075544655,3.031450714572433e-05
1580,3.9759999999998503,control,52.126900060102344,9.887351010692686e-05,75393.56905334386,75393.56905334386,7.798324914701734e-07,226.0,1.6231562043547205,92.99999999999966,0.0071464753594755155,0.4094628764921849,52,53,0.7831615926081426,0.0009499432853596363,0.169565635409429,0.0053094721415984075,6.288204821685842e-06,0.16912905376176285,0.006152780780802404,3.117292633635466e-05
1581,3.97699999999985,control,64.88700001500547,9.95199014566761e-05,75525.56100387119,75525.56100387119,7.798022697555377e-07,226.0,1.631882850614692,93.49999999999966,0.0073525753916468236,0.42127153849311133,52,53,0.7829969320524811,0.0009499446399924493,0.16956565348971767,0.005309095805597391,6.593866560333066e-06,0.16912905380672744,0.006152379649480231,3.204763856756019e-05
1582,3.97799999999985,control,52.683799993246794,0.00010015100853808075,75656.1860567157,75656.1860567157,7.79721824110382e-07,226.0,1.6406094968746636,93.99999999999964,0.007563125625491559,0.4333351782679072,52,53,0.7828339919116143,0.0009499459596528281,0.1695656713711191,0.005308723913267823,6.90715318183873e-06,0.169129054073114,0.00615198248824049,3.293861642359434e-05
1583,3.97899999999985,control,53.61390009056777,0.00010076653586763824,75785.45836735425,75785.45836735425,7.79477631807771e-07,226.0,1.6493361431346354,94.49999999999966,0.0077781903534193024,0.4456574795002962,52,53,0.782672755463263,0.0009499472591115089,0.16956568905731292,0.005308356392888076,7.228197845310292e-06,0.16912905455485142,0.006151589222450465,3.384588936555985e-05
1584,3.97999999999985,control,54.05889998655766,0.00010136610952271046,75913.39194467055,75913.39194467055,7.788310975134494e-07,226.0,1.6580627893946067,94.99999999999964,0.007997834228033681,0.4582421465116008,52,53,0.7825132054809761,0.0009499485480191594,0.16956570655093472,0.0053079931910481205,7.557120249993981e-06,0.16912905525061137,0.006151199792483713,3.476949069188153e-05
1585,3.9809999999998498,control,38.986300001852214,0.0001019493543350303,76040.00065247375,76040.00065247375,7.788801801268235e-07,226.0,1.6667894356545783,95.49999999999963,0.008222121599551178,0.4710928662976361,52,53,0.7823553241794182,0.0009499498383738405,0.16956572385415353,0.0053076342644572585,7.893994775521723e-06,0.16912905615930154,0.006150814149619467,3.570947530319902e-05
1586,3.9819999999998497,control,36.544700036756694,0.0001025159433638828,76165.29821100051,76165.29821100051,7.794133927100116e-07,226.0,1.6755160819145498,95.99999999999963,0.008451116814519445,0.48421332564400876,52,53,0.782199095172538,0.0009499511325248322,0.16956574096876598,0.005307279582067358,8.238871704426105e-06,0.1691290572860148,0.006150432245099945,3.6666010588476945e-05
1587,3.9829999999998495,control,37.93850005604327,0.00010306557223871853,76289.29819840204,76289.29819840204,7.79796843867681e-07,226.0,1.6842427281745214,96.49999999999962,0.008684884532512026,0.4976072292713881,52,53,0.7820445022530816,0.0009499524301716596,0.1695657578964041,0.00530692911647235,8.591802883808553e-06,0.1691290586381535,0.006150054029493838,3.7639323861090665e-05
1588,3.9839999999998494,control,32.987199956551194,0.0001035979376533399,76412.01405221537,76412.01405221537,7.765396249973497e-07,227.0,1.6929693744344927,96.9999999999996,0.008923489680857244,0.511278297241662,52,53,0.7818915074217765,0.0009499538209182614,0.16956577463642844,0.00530658289157526,8.952667865360673e-06,0.16912906019997764,0.006149679581420535,3.862983829326583e-05
1589,3.9849999999998493,control,38.61349995713681,0.00010411322281228767,76533.45907081962,76533.45907081962,7.753365941547956e-07,227.0,1.7016960206944647,97.49999999999962,0.009166997830742539,0.5252302865071284,52,53,0.7817401336475515,0.0009499550871489918,0.16956579119264115,0.005306240850744154,9.321751439195977e-06,0.1691290620480429,0.006149308627013428,3.9637530748224186e-05
1590,3.985999999999849,control,38.10550004709512,0.00010461058809432139,76653.646414877,76653.646414877,7.757687328035475e-07,227.0,1.710422666954436,97.9999999999996,0.009415474628495343,0.5394669583252899,52,53,0.7815903541121753,0.0009499563441147613,0.1695658075701561,0.005305902867972036,9.699179072624504e-06,0.16912906414383674,0.006148941112435812,4.066292661945998e-05
1591,3.986999999999849,control,35.529499989934266,0.00010508947938157295,76772.58910875914,76772.58910875914,7.762989196793042e-07,227.0,1.7191493132144076,98.4999999999996,0.009668985243824169,0.5539920466453961,52,53,0.7814421457205213,0.0009499576392108638,0.1695658237685646,0.005305568949369203,1.0084957394674128e-05,0.16912906648256204,0.006148577062221888,4.170632806873658e-05
1592,3.987999999999849,control,36.47069993894547,0.000105549577088917,76890.30004195834,76890.30004195834,7.77103007579715e-07,227.0,1.727875959474379,98.99999999999959,0.00992759521917946,0.5688093067732365,52,53,0.7812954922261987,0.0009499589573090651,0.1695658397878648,0.005305239102373645,1.0479103659694419e-05,0.16912906908302022,0.006148216444939906,4.2767985356408405e-05
1593,3.988999999999849,control,38.28660002909601,0.00010599061470732906,77006.7919704846,77006.7919704846,7.778141490635743e-07,227.0,1.7366026057343507,99.49999999999959,0.010191370594799246,0.5839225225357283,52,53,0.781150378940892,0.000949960283913198,0.16956585562906054,0.005304913317778563,1.0881658464012785e-05,0.16912907196295612,0.0061478592073558914,4.3848267047761736e-05
1594,3.989999999999849,control,37.33239998109639,0.00010641229339644734,77122.07751824765,77122.07751824765,7.790350989488982e-07,227.0,1.7453292519943222,99.99999999999959,0.010460377927021458,0.5993355073301345,52,53,0.7810067909634121,0.0009499616125297769,0.16956587129355213,0.005304591575760808,1.1292681465326812e-05,0.1691290751374407,0.006147505288520337,4.4947638431352755e-05
1595,3.9909999999998487,control,38.57650002464652,0.00010681426465197374,77236.16917842519,77236.16917842519,7.75344792583208e-07,228.0,1.7540558982542938,100.49999999999957,0.010734684888674016,0.6150521385238831,52,53,0.7808646924998881,0.0009499630232038803,0.1695658867806627,0.005304273904850705,1.1712108467500477e-05,0.16912907859656914,0.006147154755858737,4.606653711245148e-05
1596,3.9919999999998486,control,41.577299940399826,0.00010719664624068657,77349.07931481667,77349.07931481667,7.797317116638435e-07,227.0,1.7627825445142653,100.99999999999957,0.011014358237406279,0.6310762410485322,52,53,0.7807241262942896,0.00094996422742152,0.16956590209691388,0.00530396018221448,1.214041453733761e-05,0.16912908243498745,0.006146807198800512,4.7204968820336134e-05
1597,3.9929999999998484,control,42.554200044833124,0.00010755800837337529,77460.8201631831,77460.8201631831,7.769755783719945e-07,228.0,1.7715091907742369,101.49999999999956,0.011299466553332319,0.6474117442551768,52,53,0.780585010521051,0.0009499656182099674,0.16956591724270775,0.005303650379101605,1.2577430712548264e-05,0.16912908653475958,0.006146462901684854,4.836374305967604e-05
1598,3.9939999999998483,control,39.95440003927797,0.00010789868858223277,77571.40383257299,77571.40383257299,7.766264942169915e-07,228.0,1.7802358370342084,101.99999999999956,0.011590077173275915,0.6640625062596253,52,53,0.7804473702164836,0.0009499669330637812,0.16956593221706698,0.005303344552020406,1.30233466991017e-05,0.1691290909966158,0.006146121664318752,4.95426705618471e-05
1599,3.9949999999998482,control,34.05820007901639,0.000108218021739672,77680.84230663473,77680.84230663473,7.767342479801155e-07,228.0,1.7889624832941802,102.49999999999956,0.011886258908127596,0.6810324696354894,52,53,0.780311188364308,0.0009499682170448361,0.16956594702533467,0.0053030425850739745,1.3478356204527004e-05,0.16912909581240873,0.0061457833677699865,5.074233802867684e-05
1600,3.995999999999848,control,34.19089992530644,0.00010851539432179131,77789.14744491491,77789.14744491491,7.770773279565048e-07,228.0,1.7976891295541515,102.99999999999955,0.012188080046991779,0.698325547060239,52,53,0.7801764441998338,0.0009499695225160905,0.1695659616682158,0.005302744466791045,1.3942556197351577e-05,0.16912910097430797,0.006145448014912483,5.196304818990552e-05
1601,3.996999999999848,control,41.693200008012354,0.00010879037346523528,77896.33098414377,77896.33098414377,7.772710211037201e-07,228.0,1.806415775814123,103.49999999999955,0.012495609346394897,0.7159456779926527,52,53,0.7800431230147803,0.0009499708403855683,0.1695659761461883,0.005302450195733876,1.4416045413478832e-05,0.16912910649991492,0.0061451155624057344,5.320508458206957e-05
1602,3.997999999999848,control,46.958599938079715,0.00010904256477222008,78002.40453950707,78002.40453950707,7.773725178463564e-07,228.0,1.8151424220740946,103.99999999999953,0.012808916068369033,0.7338968308548494,52,53,0.7799112109864881,0.0009499721616676988,0.16956599046043885,0.005302159757840277,1.4898950761173826e-05,0.16912911240480896,0.006144785953547298,5.4468721558580905e-05
1603,3.998999999999848,control,38.995099952444434,0.0001092715585916512,78107.37960590466,78107.37960590466,7.773921460431971e-07,228.0,1.8238690683340661,104.49999999999953,0.013128069899942106,0.7521829984194156,52,53,0.7797806942914184,0.0009499734813548261,0.16956600461253432,0.005301873131448304,1.53914262121935e-05,0.16912911870198796,0.006144459127785568,5.5754221207424586e-05
1604,3.9999999999998477,control,57.03260004520416,0.00010947691515859557,78211.26755919607,78211.26755919607,7.773684056056106e-07,228.0,1.8325957145940377,104.99999999999953,0.01345314084187912,0.7708081914347488,52,53,0.7796515588710241,0.0009499747984934768,0.16956601860419893,0.005301590289638491,1.5893642980800945e-05,0.16912912540227013,0.0061441350231642945,5.706183323802727e-05
1605,4.000999999999848,control,40.58699996676296,0.00010965816986878873,78314.07965743366,78314.07965743366,7.772263898214788e-07,228.0,1.8413223608540092,105.49999999999952,0.013784199259206655,0.7897764415198972,52,53,0.7795237910541407,0.0009499761106848645,0.16956603243723728,0.005301311203647963,1.640579002951929e-05,0.16912913251676218,0.006143813575212091,5.839179090611327e-05
1606,4.001999999999848,control,40.05860001780093,0.00010981483530516738,78415.82704208225,78415.82704208225,7.77015665800969e-07,228.0,1.8500490071139808,105.99999999999952,0.014121315771930727,0.8090917949031549,52,53,0.7793973771102486,0.0009499774180981367,0.1695660461135018,0.005301035843226637,1.692806266444101e-05,0.16912914005528593,0.0061434947202266355,5.974431839260896e-05
1607,4.002999999999848,control,38.412599940784276,0.00010994641735594509,78516.52073922653,78516.52073922653,7.766922244179248e-07,228.0,1.8587756533739523,106.4999999999995,0.014464561257833774,0.8287583125823166,52,53,0.7792723036119084,0.0009499787204686426,0.16956605963483823,0.005300764178894924,1.7460660925724294e-05,0.16912914802806922,0.006143178394312252,6.111964484165087e-05
1608,4.003999999999849,control,38.10169990174472,0.00011005242047716299,78616.17166076615,78616.17166076615,7.764475426159423e-07,228.0,1.867502299633924,106.9999999999995,0.014814006824538808,0.8487800687240724,52,53,0.7791485571023361,0.0009499800185756583,0.16956607300308205,0.005300496181356464,1.800378958808493e-05,0.16912915644479679,0.006142864534876118,6.251798707335245e-05
1609,4.004999999999849,control,40.89329997077584,0.00011013235586951984,78714.79060559809,78714.79060559809,7.764823050343955e-07,228.0,1.8762289458938957,107.4999999999995,0.01516972383109768,0.8691611519009231,52,53,0.7790261242951689,0.0009499813115531169,0.1695660862201056,0.005300231820041426,1.8557664417827504e-05,0.16912916531606098,0.006142553076319033,6.393956755027148e-05
1610,4.005999999999849,control,39.63319992180914,0.00011018572813324363,78812.3882607867,78812.3882607867,7.764560610989999e-07,228.0,1.884955592153867,107.99999999999949,0.015531783822631286,0.8899056613463411,52,53,0.7789049918470285,0.0009499826000092756,0.16956609928777797,0.005299971064459073,1.9122503923650716e-05,0.16912917465193597,0.006142243953977497,6.53846104149016e-05
1611,4.00699999999985,control,36.39379993546754,0.00011021205174634527,78908.97520272221,78908.97520272221,7.799385868481673e-07,227.0,1.8936822384138385,108.49999999999949,0.01590025871417162,0.9110177174881431,52,53,0.7787851684039354,0.0009499837874228801,0.16956611221038434,0.005299713825000097,1.9698748550664142e-05,0.16912918449362288,0.006141936950878131,6.685352485350424e-05
1612,4.00799999999985,control,39.592199958860874,0.00011021025878177711,79004.56189826658,79004.56189826658,7.777002276828778e-07,228.0,1.90240888467381,108.99999999999947,0.016275219665916753,0.9325013975053477,52,53,0.778666578336529,0.0009499852024417898,0.16956612498476886,0.005299460168130875,2.0286146733033522e-05,0.16912919474656612,0.006141632395877351,6.834642778720185e-05
1613,4.00899999999985,control,40.62860005069524,0.00011018102960502575,79099.1587058878,79099.1587058878,7.765183628132359e-07,228.0,1.9111355309337816,109.49999999999947,0.016656738895587334,0.9543608391685543,52,53,0.7785492613361154,0.0009499864918895871,0.16956613761211448,0.00529921012499646,2.0885085403121513e-05,0.1691292055419953,0.006141329984005378,6.986307981738857e-05
1614,4.009999999999851,control,37.46140003204346,0.0001101236582874961,79192.77587678254,79192.77587678254,7.793263399015726e-07,227.0,1.9198621771937532,109.99999999999947,0.01704489024388079,0.9766002732380817,52,53,0.7784332217695762,0.0009499876257321547,0.16956615010234982,0.005298963463086899,2.149624067687334e-05,0.16912921689149293,0.0061410294009861775,7.14043013917035e-05
1615,4.010999999999851,control,33.4652999881655,0.00011003672843552304,79285.42355598697,79285.42355598697,7.772133184968069e-07,228.0,1.9285888234537247,110.49999999999946,0.01743974518515647,0.9992237948930641,52,53,0.778318376566104,0.0009499890005236793,0.16956616245215592,0.005298720237467005,2.2119384106397506e-05,0.16912922867632246,0.006140731020965535,7.297031452161042e-05
1616,4.011999999999851,control,34.886499983258545,0.00010992090045568723,79377.11178347605,79377.11178347605,7.797051149105029e-07,227.0,1.9373154697136963,110.99999999999946,0.01784137642132203,1.0222355696459726,52,53,0.7782047868613301,0.0009499901620541748,0.1695661746644102,0.005298480433072128,2.275512939206568e-05,0.16912924106011212,0.006140434403636151,7.456096773369645e-05
1617,4.012999999999852,control,41.064899996854365,0.00010977496055161799,79467.85049525167,79467.85049525167,7.776214352973413e-07,228.0,1.9460421159736678,111.49999999999945,0.018249856869279015,1.0456397753275213,52,53,0.7780923729147853,0.0009499915069516328,0.1695661867410736,0.005298243982802318,2.3403376163543442e-05,0.16912925392420192,0.006140139777471344,7.61769276777345e-05
1618,4.013999999999852,control,37.83669997937977,0.00010959936364342985,79557.64952441935,79557.64952441935,7.799607116968e-07,227.0,1.9547687622336394,111.99999999999945,0.01866525970574186,1.0694406046546054,52,53,0.7779811901991944,0.0009499926396642199,0.16956619868566244,0.005298010854011321,2.406479452451489e-05,0.16912926740670492,0.006139846740508742,7.781805572637708e-05
1619,4.014999999999852,control,34.73620000295341,0.00010939289094239592,79646.5186022538,79646.5186022538,7.7772304547354e-07,228.0,1.963495408493611,112.49999999999945,0.019087657993103066,1.0936422437939568,52,53,0.777871157229708,0.0009499939663145264,0.16956621049953713,0.005297780987987693,2.473926485185402e-05,0.1691292813879265,0.00613955553571854,7.948502499517015e-05
1620,4.015999999999853,control,39.83919997699559,0.000109156110828291,79734.46735925345,79734.46735925345,7.798670852011884e-07,227.0,1.9722220547535825,112.99999999999943,0.01951712521893125,1.1182489032731036,52,53,0.7777623299700586,0.0009499950813216864,0.16956622218621742,0.0052975543488008175,2.542747328168393e-05,0.16912929600941753,0.0061392657527389125,8.117765752348486e-05
1621,4.016999999999853,control,58.18739999085665,0.00010888787589316421,79821.5053261842,79821.5053261842,7.775846542422635e-07,228.0,1.980948701013554,113.49999999999943,0.019953734797060214,1.1432647893948804,52,53,0.7776546271965141,0.00094999638888013,0.1695662337472153,0.005297330870465813,2.6129306833165616e-05,0.16912931115434404,0.006138977620607521,8.289668038387034e-05
1622,4.017999999999853,control,54.70360000617802,0.00010858882068472231,79907.64193511198,79907.64193511198,7.796572893099918e-07,227.0,1.9896753472735256,113.99999999999942,0.02039756039219747,1.1686941228361274,52,53,0.7775481048347116,0.0009499974866424686,0.16956624518616797,0.005297110517893402,2.6845435405434788e-05,0.1691293269611267,0.006138690736499199,8.464184450851284e-05
1623,4.018999999999854,control,44.838800095021725,0.00010825793338789847,79992.88652042522,79992.88652042522,7.772987140023236e-07,228.0,1.9984019935334971,114.49999999999942,0.02084867571731255,1.1945411270388933,52,53,0.7774426820627364,0.0009499987780953483,0.16956625650461465,0.005296893224627865,2.757572811140002e-05,0.16912934331522098,0.006138405323451498,8.641390321858486e-05
1624,4.019999999999854,control,44.217600021511316,0.00010789597518985252,80077.24831984621,80077.24831984621,7.79264131916831e-07,227.0,2.0071286397934687,114.99999999999942,0.02130715470336828,1.220810037935324,52,53,0.7773384148753956,0.0009499998606223925,0.16956626770639552,0.005296678951975066,2.8320843427169533e-05,0.1691293603533514,0.006138120978770382,8.821254219374598e-05
1625,4.020999999999854,control,35.04239988978952,0.00010750205890601592,80160.7364754321,80160.7364754321,7.767911783587734e-07,228.0,2.01585528605344,115.4999999999994,0.021773071414872808,1.2475050991091479,52,53,0.7772352227858822,0.000950001136993761,0.1695662787931727,0.005296467628948429,2.908064134294439e-05,0.1691293779629716,0.006137837916027352,9.003853566140672e-05
1626,4.021999999999855,control,40.67139991093427,0.0001070770543528783,80243.36003456565,80243.36003456565,7.790196329150008e-07,220.0,2.0245819323134118,115.9999999999994,0.0222481683672197,1.2747261493381528,52,53,0.7771323933541373,0.0009499983404246521,0.1695662907279502,0.005296247730729105,2.9992898277736462e-05,0.16912938034640265,0.0061375844432461895,9.130114793883142e-05
1627,4.022999999999855,control,44.10360008478165,0.00010656540919107709,80325.12795093583,80325.12795093583,7.77535961980794e-07,233.0,2.0333085785733833,116.49999999999939,0.02273072778392489,1.3023747672796548,52,53,0.7770303894901296,0.000950000184413604,0.16956630236824433,0.005296032908470488,3.0894272321896335e-05,0.16912938526617835,0.006137329067031708,9.273737944214358e-05
1628,4.023999999999855,control,42.67310001887381,0.0001060280498897578,80406.04908550785,80406.04908550785,7.76713693746303e-07,224.0,2.042035224833355,116.99999999999939,0.023221510388951847,1.3304945392061356,52,53,0.7769293517948977,0.0009499997351180058,0.1695663142090723,0.005295817090611836,3.185633565137093e-05,0.1691293855577219,0.006137084455814688,9.400189541258496e-05
1629,4.024999999999856,control,38.40310010127723,0.00010544597031499898,80486.13220748359,80486.13220748359,7.785785538086439e-07,233.0,2.0507618710933264,117.49999999999939,0.02371979016392608,1.3590438673288874,52,53,0.7768293747805831,0.0009500011397550129,0.1695663257899239,0.00529560597855225,3.2808231181979276e-05,0.16912938863244978,0.006136837118720508,9.540419563237652e-05
1630,4.025999999999856,control,40.13799992389977,0.00010484168320653938,80565.38599525174,80565.38599525174,7.785477090263353e-07,224.0,2.059488517353298,117.99999999999937,0.02422618924811007,1.38805839760192,52,53,0.7767304184386682,0.000950000914276601,0.16956633747582758,0.005295394707557848,3.380555058838287e-05,0.16912938877134223,0.00613659711775137,9.670286261013047e-05
1631,4.026999999999856,control,39.07709999475628,0.000104194540770776,80643.81903732843,80643.81903732843,7.772060554618465e-07,228.0,2.0682151636132695,118.49999999999937,0.024740514843530365,1.4175270835150562,52,53,0.7766323248174686,0.0009500017073413705,0.16956634909317164,0.005295185264955817,3.482245584609111e-05,0.16912938840327704,0.006136360115897872,9.801636046486079e-05
1632,4.027999999999857,control,38.572799996472895,0.00010351323272933938,80721.4398332878,80721.4398332878,7.773728214113221e-07,228.0,2.076941809873241,118.99999999999936,0.025262765263668045,1.4474498284378794,52,53,0.7765352602901502,0.0009500023997913396,0.16956636060960414,0.005294978526693417,3.585526824223543e-05,0.1691293881149022,0.006136125552255678,9.934762897182393e-05
1633,4.028999999999857,control,39.69999996479601,0.00010280211313615272,80798.25679468307,80798.25679468307,7.778444033701277e-07,228.0,2.0856684561332126,119.49999999999936,0.025792985456412253,1.4778292076947355,52,53,0.7764392146644674,0.0009500029742478501,0.16956637203694314,0.005294774196140196,3.690338384582229e-05,0.16912938796833718,0.006135892923452663,0.00010069884942608156
1634,4.029999999999857,control,37.84720005933195,0.00010206115738861193,80874.27824595821,80874.27824595821,7.777418376949288e-07,228.0,2.094395102393184,119.99999999999936,0.0263312288665994,1.5086682834491878,52,53,0.7763441571097708,0.0009500035553921343,0.1695663833766452,0.005294572205853556,3.796665433882038e-05,0.16912938792319607,0.006135662248989305,0.00010207022881314888
1635,4.030999999999858,control,39.71629997249693,0.0001012906487130062,80949.51242534995,80949.51242534995,7.770590543581045e-07,228.0,2.1031217486531557,120.49999999999935,0.026877552558167272,1.5399703252240338,52,53,0.7762500735084299,0.0009500041364034929,0.16956639462938525,0.0052943725158465455,3.904498005410865e-05,0.16912938798720029,0.006135433475787648,0.00010346171338421873
1636,4.031999999999858,control,32.916199997998774,0.00010049110347300997,81023.96748578043,81023.96748578043,7.795010721897896e-07,227.0,2.1118483949131273,120.99999999999935,0.027432015937158622,1.5717387367348008,52,53,0.7761569739655987,0.0009500046185904308,0.1695664057993801,0.005294175016846774,4.0138500981686116e-05,0.16912938819086162,0.006135206402715155,0.0001048732920314548
1637,4.032999999999858,control,35.81690008286387,9.966249534648317e-05,81097.65149574103,81097.65149574103,7.769469126233884e-07,228.0,2.120575041173099,121.49999999999933,0.027994680799160367,1.6039770586078117,52,53,0.7760647904811051,0.0009500053042301156,0.16956641688461235,0.005293979743621172,4.124669741074725e-05,0.16912938844433978,0.006134981317909761,0.00010630492135200152
1638,4.033999999999859,control,34.33659998700023,9.880669912358802e-05,81170.57244016626,81170.57244016626,7.784123635632638e-07,227.0,2.1293016874330704,121.99999999999933,0.028565608526829354,1.636688807810239,52,53,0.7759735814561336,0.000950005798008849,0.16956642788815954,0.005293786672228103,4.236969035429744e-05,0.16912938887181087,0.006134757867925195,0.00010775594615181655
1639,4.034999999999859,control,36.67439997661859,9.792377713672156e-05,81242.73822129953,81242.73822129953,7.790442931204007e-07,227.0,2.138028333693042,122.49999999999933,0.02914486466157962,1.6698777395884905,52,53,0.7758832953561833,0.0009500063653033807,0.16956643881535036,0.0052935956607543,4.350732116177267e-05,0.1691293893877419,0.006134536113717429,0.00010922677425018363
1640,4.035999999999859,control,34.135099966079,9.701446469593247e-05,81314.15665954919,81314.15665954919,7.789181579719614e-07,227.0,2.1467549799530135,122.99999999999932,0.029732513283122753,1.7035475254395926,52,53,0.7757939262505518,0.0009500069630123331,0.169566449665035,0.005293406764699956,4.4659330606547334e-05,0.16912939000592714,0.006134316088036268,0.00011071683645179416
1641,4.03699999999986,control,41.460300097242,9.607989198623883e-05,81384.83549433609,81384.83549433609,7.785461223368584e-07,227.0,2.155481626212985,123.49999999999932,0.0303286202776635,1.7377019403650056,52,53,0.7757054712527636,0.0009500075459287513,0.16956646044031695,0.005293219940087355,4.5825543443638806e-05,0.16912939074247801,0.006134097698677303,0.00011222593245826176
1642,4.03799999999986,control,49.056900083087385,9.512077100338182e-05,81454.78238493233,81454.78238493233,7.782797766136291e-07,227.0,2.1642082724729566,123.9999999999993,0.03093325252761021,1.772344816444451,52,53,0.7756179224986955,0.0009500081177811983,0.16956647114475443,0.005293035127220996,4.7005836329314384e-05,0.16912939159342807,0.006133880882635138,0.00011375390944419528
1643,4.03899999999986,control,48.0663999915123,9.413764684156005e-05,81524.00491129125,81524.00491129125,7.778997092631993e-07,227.0,2.172934918732928,124.4999999999993,0.031546477391126745,1.8074800130164346,52,53,0.7755312709691935,0.0009500086886759314,0.16956648178131412,0.00529285227621582,4.8200083725847916e-05,0.1691293925534716,0.006133665594105767,0.00011530060475726291
1644,4.039999999999861,control,39.7948999889195,9.313104253123255e-05,81592.51057486881,81592.51057486881,7.773901101847119e-07,227.0,2.1816615649928996,124.9999999999993,0.03216836260794957,1.8431114112819604,52,53,0.7754455082182866,0.0009500092647975804,0.1695664923525323,0.005292671348195252,4.9408144810492514e-05,0.1691293936198793,0.006133451794751931,0.00011686584861324582
1645,4.040999999999861,control,35.44410003814846,9.210147962369316e-05,81660.30679943647,81660.30679943647,7.767477885769127e-07,227.0,2.190388211252871,125.49999999999929,0.032798976297775964,1.8792429142121847,52,53,0.7753606263077152,0.0009500098505038448,0.169566502860695,0.005292492311756306,5.0629867920926615e-05,0.1691293947912561,0.0061332394516372055,0.00011844947030718753
1646,4.041999999999861,control,36.82580008171499,9.104946109059247e-05,81727.40093188584,81727.40093188584,7.796290830696619e-07,226.0,2.1991148575128427,125.99999999999929,0.03343838658206349,1.91587842487912,52,53,0.7752766376516862,0.0009500103604293006,0.16956651331025335,0.005292315081322789,5.186530883976983e-05,0.16912939609190833,0.006133028399689619,0.00012005136804510266
1647,4.042999999999862,control,38.27729995828122,8.99748097789533e-05,81793.80024302467,81793.80024302467,7.767815176393728e-07,227.0,2.2078415037728143,126.49999999999928,0.03408666317995873,1.953021937895617,52,53,0.7751934766352695,0.0009500110920189267,0.16956652369901126,0.005292139712992101,5.311395923053741e-05,0.16912939743508834,0.006132818942577482,0.00012167150652849583
1648,4.043999999999862,control,39.272699970752,8.887901982997406e-05,81859.51192836482,81859.51192836482,7.783433806140701e-07,226.0,2.216568150032786,126.99999999999928,0.034743873213501066,1.990677299071244,52,53,0.7751112061618547,0.0009500116485527302,0.1695665340296515,0.005291966208007688,5.4375878994858806e-05,0.16912939894582843,0.006132610749385162,0.00012330922309722355
1649,4.044999999999862,control,36.762500065378845,8.776188052566604e-05,81924.54310890214,81924.54310890214,7.788151374498223e-07,226.0,2.2252947962927574,127.49999999999928,0.03541008799100435,2.0288485940714294,52,53,0.7750297774511757,0.0009500122937062253,0.16956654430724913,0.005291794438553408,5.565093871110644e-05,0.16912940054058093,0.006132403889102564,0.0001249649856535965
1650,4.045999999999863,control,37.242299993522465,8.66235786487694e-05,81988.90083188794,81988.90083188794,7.781277614519292e-07,226.0,2.234021442552729,127.99999999999926,0.03608537601512234,2.067539747809119,52,53,0.7749491885262753,0.0009500129847583949,0.16956655453003633,0.0052916244834306375,5.693889389799732e-05,0.16912940223422465,0.0061321984157536435,0.00012663828970006303
1651,4.046999999999863,control,33.53590006008744,8.546482474571035e-05,82052.59207159287,82052.59207159287,7.771270418901135e-07,226.0,2.2427480888127005,128.49999999999926,0.03676980687948067,2.106754747705342,52,53,0.7748694402804205,0.0009500136769088334,0.16956656470038683,0.005291456321605516,5.823959287390464e-05,0.16912940404443932,0.006131994256940963,0.00012832901053025624
1652,4.047999999999863,control,34.57530005834997,8.428589153094894e-05,82115.62373006252,82115.62373006252,7.796682701619992e-07,225.0,2.251474735072672,128.99999999999926,0.03746345010049027,2.1464975767570524,52,53,0.7747905484712007,0.0009500142849925495,0.16956657482349383,0.00529128985496898,5.9553151966089686e-05,0.16912940599360018,0.006131791231821873,0.00013003713147719561
1653,4.048999999999864,control,35.652699996717274,8.308629051440548e-05,82178.00263786557,82178.00263786557,7.763336431551161e-07,226.0,2.2602013813326436,129.49999999999926,0.038166376529845336,2.1867722944672985,52,53,0.7747124485239967,0.0009500151173962295,0.16956658489715434,0.005291125142472827,6.087911833569952e-05,0.16912940799051815,0.006131589653046331,0.00013176269931056053
1654,4.049999999999864,control,34.432799904607236,8.186716561033928e-05,82239.73555483387,82239.73555483387,7.773278635451524e-07,225.0,2.268928027592615,129.99999999999923,0.03887865342049167,2.2275827541460345,52,53,0.774635206654262,0.0009500157793339683,0.16956659492371062,0.00529096219847436,6.221757096703968e-05,0.16912941015905614,0.006131389204725727,0.00013350508530786666
1655,4.050999999999864,control,34.14620005059987,8.062821624379532e-05,82300.82917079497,82300.82917079497,7.771844649393569e-07,225.0,2.2776546738525867,130.49999999999923,0.03960035241933196,2.2689330608584,52,53,0.774558775610181,0.0009500165376347109,0.16956660490788136,0.005290800905907556,6.356841959374867e-05,0.1691294124156967,0.006131189965568237,0.00013526482786814143
1656,4.051999999999865,control,32.97440009191632,7.936940073107975e-05,82361.29010629722,82361.29010629722,7.795131408326369e-07,224.0,2.2863813201125582,130.99999999999923,0.040331541287597965,2.3108270970369893,52,53,0.7744831764895366,0.0009500172599329255,0.16956661484977842,0.0052906413020963085,6.493164135083621e-05,0.16912941480066754,0.006130991870233256,0.00013704151487601426
1657,4.052999999999865,control,33.507299958728254,7.809073631715005e-05,82421.12491332712,82421.12491332712,7.784887242414673e-07,227.0,2.29510796637253,131.49999999999923,0.04107246381854818,2.3532788310065875,52,53,0.774408051989005,0.0009500166069265656,0.1695666247508983,0.0052904840032069475,6.63297718618505e-05,0.16912941795729597,0.006130794370243405,0.00013885742255659786
1658,4.053999999999865,control,39.28190004080534,7.661035777863701e-05,82480.3400760192,82480.3400760192,7.777609251461129e-07,226.0,2.3038346126325013,131.99999999999923,0.04182313437517439,2.3962890857060057,52,53,0.7743333578906703,0.0009500155330951262,0.1695666346488408,0.005290327586886702,6.776090732233374e-05,0.16912942122903746,0.006130597142513627,0.00014070617826161127
1659,4.054999999999866,control,35.79860005993396,7.498283874661685e-05,82538.942011359,82538.942011359,7.767494395676645e-07,226.0,2.312561258892473,132.4999999999992,0.042583605215922124,2.4398608553236163,52,53,0.7742590720493189,0.0009500146378920402,0.16956664455904336,0.005290171444096965,6.922327770964281e-05,0.16912942447688806,0.006130399888091423,0.00014258930439713156
1660,4.055999999999866,control,33.03369996137917,7.324743631744998e-05,82596.93706987827,82596.93706987827,7.778971716933847e-07,225.0,2.3212879051524444,132.9999999999992,0.04335393803663287,2.48399767477075,52,53,0.774185212285693,0.0009500138177018959,0.16956665448999944,0.0052900150632090226,7.071573630710423e-05,0.1691294277865768,0.0061302019782567335,0.0001445060569549619
1661,4.056999999999866,control,42.973299976438284,7.14335981672241e-05,82654.33153634313,82654.33153634313,7.771196721809154e-07,225.0,2.330014551412416,133.4999999999992,0.044134203422130515,2.5287035882599134,52,53,0.7741117502682485,0.0009500131506917431,0.16956666445180887,0.005289857977802029,7.223735229472111e-05,0.16912943118477683,0.006130002973801082,0.00014645623389157727
1662,4.057999999999867,control,47.62149997986853,6.956358573094069e-05,82711.1316304352,82711.1316304352,7.787696182958697e-07,224.0,2.3387411976723875,133.9999999999992,0.04492447116947598,2.5739825948681196,52,53,0.7740387189181055,0.0009500124363398525,0.1695666744570705,0.005289699785124709,7.378735275631541e-05,0.16912943475489484,0.00612980229854738,0.0001484388027264058
1663,4.058999999999867,control,46.11490003298968,6.765415702450656e-05,82767.34350742564,82767.34350742564,7.785984894167396e-07,224.0,2.347467843932359,134.4999999999992,0.04572481575227725,2.619838961618791,52,53,0.7739660839200088,0.0009500118221678789,0.16956668451884244,0.005289540061279997,7.536504605609207e-05,0.16912943847509881,0.00612959962624815,0.00015045357244196491
1664,4.059999999999867,control,47.490399912931025,6.5718158253946e-05,82822.97325884212,82822.97325884212,7.771641985032651e-07,224.0,2.3561944901923306,134.99999999999918,0.04653531004568545,2.6662768639505185,52,53,0.7738938497829193,0.0009500112181639521,0.16956669464818033,0.005289378473539956,7.696984621787355e-05,0.16912944238993155,0.006129394551852491,0.00015249974407379916
1665,4.060999999999868,control,38.08800003025681,6.37657572217378e-05,82878.02691312894,82878.02691312894,7.78788186057514e-07,223.0,2.364921136452302,135.49999999999918,0.047356025931982446,2.713300420414675,52,53,0.7738220362310535,0.0009500105283948698,0.16956670486128253,0.005289214581763846,7.860119659291696e-05,0.16912944653268283,0.006129186543059637,0.00015457660293075048
1666,4.061999999999868,control,38.00950001459569,6.180436195245825e-05,82932.51043630036,82932.51043630036,7.784869503464106e-07,223.0,2.3736477827122737,135.99999999999918,0.04818703854696298,2.7609139359751897,52,53,0.7737505957945741,0.0009500099504068348,0.16956671516994062,0.005289048006560314,8.025862917805384e-05,0.16912945086074158,0.0061289753701860815,0.0001566841066403763
1667,4.062999999999868,control,41.57830006442964,5.983995821941276e-05,82986.429732587,82986.429732587,7.767699785647043e-07,223.0,2.3823744289722453,136.49999999999918,0.049028420780829925,2.809121586933055,52,53,0.7736795257770271,0.0009500093878722205,0.16956672558380517,0.005288878460176381,8.194174972377282e-05,0.16912945542212335,0.006128760672624692,0.0001588216037886239
1668,4.063999999999869,control,36.673400085419416,5.787765879369313e-05,83039.79064507599,83039.79064507599,7.780958169336191e-07,222.0,2.391101075232217,136.99999999999918,0.049880244404078775,2.8579274854347556,52,53,0.7736088405316368,0.0009500087363804023,0.16956673611857778,0.005288705530352784,8.365016968358812e-05,0.16912946025329115,0.0061285419404652946,0.00016098852424485273
1669,4.064999999999869,control,38.96020003594458,5.59211268485441e-05,83092.59895634366,83092.59895634366,7.775224413195249e-07,222.0,2.3998277214921884,137.49999999999915,0.05074258450780103,2.907335933882915,52,53,0.773538486321173,0.0009500081924892904,0.16956674678606126,0.005288528851109865,8.53835690667971e-05,0.1691294653124017,0.006128318955429601,0.00016318497829267438
1670,4.065999999999869,control,35.267499973997474,5.397359888135239e-05,83144.86038908263,83144.86038908263,7.789888610384846e-07,221.0,2.40855436775216,137.99999999999915,0.051615512354136105,2.957351015297359,52,53,0.7734684776133463,0.0009500075861468848,0.16956675759794135,0.005288348110994508,8.714167486734786e-05,0.16912947066209635,0.0061280912757321025,0.00016541023019077275
1671,4.06699999999987,control,38.19710004609078,5.2037831751667036e-05,83196.58060672179,83196.58060672179,7.789373297513342e-07,221.0,2.4172810140121315,138.49999999999915,0.05249910283463425,3.0079770206478393,52,53,0.7733987631351997,0.0009500070708283803,0.16956676856668795,0.005288162937606269,8.892421185704013e-05,0.16912947627662211,0.0061278586338803405,0.00016766445145342934
1672,4.06799999999987,control,39.87300000153482,5.0116369082928946e-05,83247.76521404002,83247.76521404002,7.79314612700128e-07,221.0,2.426007660272103,138.99999999999915,0.05339342860826936,3.059218112986903,52,53,0.7733293350931877,0.0009500065547343014,0.16956677970326145,0.005287973032825899,9.07309339241795e-05,0.16912948219980112,0.006127620660817394,0.0001699471463667945
1673,4.06899999999987,control,42.48299996834248,4.8211886869955075e-05,83298.41975777344,83298.41975777344,7.793955080444698e-07,221.0,2.4347343065320746,139.49999999999915,0.054298562539821967,3.1110784671589506,52,53,0.7732601813099313,0.0009500060160579874,0.1695667910225281,0.005287778002774481,9.256154904493374e-05,0.1691294884482797,0.006127376930443124,0.0001722580342858597
1674,4.069999999999871,control,49.982900032773614,4.632674250523511e-05,83348.5497272169,83348.5497272169,7.771871757869043e-07,222.0,2.443460952792046,139.99999999999912,0.05521457883068613,3.1635623345906954,52,53,0.7731912620150059,0.0009500055489449785,0.16956680253677223,0.005287577496087928,9.441574556988758e-05,0.16912949500967314,0.006127127156742887,0.000174597021831091
1675,4.070999999999871,control,44.7845000308007,4.446356111373736e-05,83398.16055481831,83398.16055481831,7.77900991671217e-07,222.0,2.4521875990520177,140.49999999999912,0.05614154779879418,3.2166737442028834,52,53,0.7731226000963196,0.0009500049868995471,0.16956681426063178,0.005287371152584909,9.629314496346383e-05,0.16912950193605472,0.00612687084589586,0.00017696328093608254
1676,4.071999999999871,control,37.37749997526407,4.262469988793734e-05,83447.25761676779,83447.25761676779,7.791983620409748e-07,222.0,2.460914245311989,140.99999999999912,0.05707954158370627,3.270416829287848,52,53,0.7730541695293599,0.0009500044499362631,0.1695668262089991,0.005287158568779409,9.819328451911951e-05,0.16912950919656614,0.006126607673630217,0.00017935661306463002
1677,4.072999999999872,control,38.34969992749393,4.08120768942966e-05,83495.84623357998,83495.84623357998,7.766020987843323e-07,223.0,2.4696408915719608,141.49999999999912,0.05802863269412153,3.324795744288027,52,53,0.7729859271839843,0.0009500040571948903,0.16956683838893943,0.005286939531008561,0.00010011560504402641,0.16912951677713486,0.006126337520260948,0.00018177668619321957
1678,4.073999999999872,control,37.424499983899295,3.9028267465405136e-05,83543.9316706707,83543.9316706707,7.77087499735807e-07,223.0,2.4783675378319323,141.99999999999912,0.058988889208142256,3.37981438979136,52,53,0.772917902280017,0.0009500036284636686,0.16956685080974954,0.005286713853318451,0.00010205932318825755,0.16912952473842793,0.006126060056286705,0.00018422228929417347
1679,4.074999999999872,control,35.50040000118315,3.7275752523221706e-05,83591.51913892767,83591.51913892767,7.7826928419984e-07,223.0,2.487094184091904,142.4999999999991,0.05996038048236798,3.4354767396382804,52,53,0.7728500801301201,0.0009500032837917196,0.1695668634803583,0.005286481356858975,0.00010402337937052476,0.16912953304757553,0.006125775179255348,0.00018669266909997486
1680,4.075999999999873,control,32.94679999817163,3.5556480997129e-05,83638.61379527501,83638.61379527501,7.797793637450282e-07,223.0,2.4958208303518754,142.9999999999991,0.060943173610610524,3.4917866380210376,52,53,0.7727824583815274,0.0009500030852271376,0.1695668764013177,0.005286242124305124,0.00010600632975592958,0.16912954169122205,0.00612548302134033,0.00018918643573186892
1681,4.076999999999873,control,49.06750004738569,3.387242985252245e-05,83685.22074323217,83685.22074323217,7.77315826274473e-07,224.0,2.504547476611847,143.4999999999991,0.06193733381980064,3.5487478221674746,52,53,0.7727150324971661,0.0009500031420311747,0.16956688956489238,0.005285996540404554,0.00010800602606765266,0.16912955064380422,0.006125184041855816,0.00019170175701336124
1682,4.077999999999873,control,43.678399990312755,3.222546693055818e-05,83731.34503346702,83731.34503346702,7.775702144683849e-07,224.0,2.5132741228718185,143.9999999999991,0.06294291844187089,3.6063635769553577,52,53,0.772647886030397,0.0009500033397196511,0.16956690295739735,0.005285745347095201,0.00011001935895674415,0.16912955991460496,0.0061248788881747875,0.00019423520446589432
1683,4.078999999999874,control,50.9699999820441,3.061598718766615e-05,83776.99166434303,83776.99166434303,7.783851570364228e-07,224.0,2.52200076913179,144.4999999999991,0.06396011168028354,3.664644456465647,52,53,0.7725807431270538,0.0009500024273752928,0.16956691666848023,0.005285485247330298,0.00011206275083387702,0.16912957019321717,0.006124563033198255,0.00019680436904391543
1684,4.079999999999874,control,50.481799989938736,2.8961164083984707e-05,83822.1655824612,83822.1655824612,7.771031965849204e-07,226.0,2.5307274153917616,144.99999999999906,0.0649889545655507,3.723592811573518,52,53,0.7725133871151918,0.0009500016270229682,0.1695669307261901,0.005285215166447559,0.00011413460817471811,0.1691295808701321,0.0061242367238593925,0.00019940488992955884
1685,4.080999999999874,control,38.22980006225407,2.7291475304226272e-05,83866.87168319577,83866.87168319577,7.773786823124798e-07,228.0,2.539454061651733,145.49999999999906,0.06602949828765174,3.783211575248741,52,53,0.772445865296495,0.0009500009131977514,0.1695669451357226,0.005284935152431093,0.00011623285358708867,0.1691295919676195,0.0061238999397456376,0.00020203510922768477
1686,4.081999999999875,control,35.99110001232475,2.5629008231410418e-05,83911.11481122505,83911.11481122505,7.763489388990709e-07,230.0,2.5481807079117047,145.99999999999906,0.06708180042043371,3.843504046229763,52,53,0.7723782039211597,0.0009500002982809374,0.16956695990605297,0.005284645093319563,0.00011835470357587571,0.1691296034897789,0.0061235525235161,0.00020469273366004078
1687,4.082999999999875,control,35.01649992540479,2.3989551927492557e-05,83954.89976105609,83954.89976105609,7.77583794350771e-07,231.0,2.5569073541716762,146.49999999999906,0.06814591479882563,3.904473309030807,52,53,0.7723104771824892,0.0009499998628667548,0.16956697503031654,0.005284345513891249,0.00012049616515187708,0.16912961538041874,0.006123195053324424,0.00020737381636826353
1688,4.083999999999875,control,36.48360003717244,2.238364646381894e-05,83998.2312775446,83998.2312775446,7.797429557782767e-07,225.0,2.565634000431648,146.99999999999906,0.06922058961340201,3.966047640255038,52,53,0.7722435834863591,0.0009500009132152941,0.16956698962953903,0.005284048815239708,0.00012255013178824188,0.16912964196109664,0.006122789712007226,0.00021054138196414409
1689,4.084999999999876,control,38.25410001445562,2.0873671043810496e-05,84041.11405640886,84041.11405640886,7.769967295843927e-07,235.0,2.5743606466916193,147.49999999999903,0.07030800416539999,4.028351904665631,52,53,0.772176180021821,0.0009500024219311232,0.16956700525018648,0.0052837393173679175,0.0001246948028818372,0.16912965460588641,0.0061224197167715055,0.00021326230968630615
1690,4.085999999999876,control,37.47310000471771,1.934619918030406e-05,84083.55274473861,84083.55274473861,7.783099660519654e-07,231.0,2.583087292951591,147.99999999999903,0.07140754000470605,4.091350667681243,52,53,0.7721092492763941,0.0009500031686236944,0.16956702105827107,0.005283427623549229,0.00012684783209922844,0.1691296672745221,0.006122048312272598,0.0002159715028083778
1691,4.086999999999876,control,35.04119999706745,1.7815117284734833e-05,84125.55194149891,84125.55194149891,7.792253402457181e-07,230.0,2.5918139392115624,148.49999999999903,0.07251910992660057,4.155038932839486,52,53,0.7720430204587352,0.0009500051159713268,0.16956703693109215,0.005283118675260587,0.00012899222998433748,0.1691296795268404,0.006121680205199454,0.00021867378786810055
1692,4.087999999999877,control,35.228700027801096,1.6279699518233703e-05,84167.11619802819,84167.11619802819,7.759662151674591e-07,229.0,2.600540585471534,148.99999999999903,0.07364265859750077,4.2194135297596,52,53,0.7719778849363667,0.000950008545635039,0.16956705267993294,0.00528281930874128,0.00013111438882013217,0.16912969119090948,0.006121322429055654,0.00022135673986355567
1693,4.088999999999877,control,35.083799972198904,1.4727272712213146e-05,84208.25001853162,84208.25001853162,7.790521732721035e-07,225.0,2.6092672317315055,149.49999999999903,0.07477812523194996,4.2844709756914625,52,53,0.771914417402847,0.0009500130812537707,0.16956706811720157,0.0052825365425270745,0.00013320111594640607,0.1691297022339699,0.006120981745478366,0.00022400629413700312
1694,4.089999999999877,control,34.88259995356202,1.3141297287883921e-05,84248.95786056921,84248.95786056921,7.797798272722954e-07,221.0,2.617993877991477,149.999999999999,0.07592544182484086,4.3502073742294405,52,53,0.7718531149877425,0.0009500188811066321,0.1695670830573206,0.005282277160607428,0.00013524038594708547,0.16912971242790073,0.006120665179612595,0.0002266096180143178
1695,4.090999999999878,control,37.29010000824928,1.1505956175239867e-05,84289.24413553879,84289.24413553879,7.789626580649684e-07,217.0,2.6267205242514486,150.499999999999,0.07708451435840584,4.41661733855225,52,53,0.7717945174308007,0.0009500259193046147,0.1695670973014663,0.005282048172119865,0.0001372206264448201,0.16912972156285844,0.006120379989955477,0.00022915252424012347
1696,4.091999999999878,control,36.794599960558116,9.810802575883606e-06,84329.11320915421,84329.11320915421,7.758873177075233e-07,216.0,2.63544717051142,150.999999999999,0.07825386190041556,4.483616017493403,52,53,0.7717422343703422,0.0009500411924185765,0.16956710931307942,0.005281912555447506,0.00013899974667599239,0.16912972333477616,0.006120200380605043,0.00023144051402709627
1697,4.092999999999878,control,35.65209999214858,8.044520021586003e-06,84368.56940191831,84368.56940191831,7.267483147480254e-07,239.0,2.6441738167713917,151.499999999999,0.07943283755902578,4.551166346880425,52,53,0.7716980954273793,0.0009500670846883125,0.16956711834988533,0.005281891838419391,0.00014053345280828764,0.16912971730334503,0.0061201494849665115,0.00023344151434698924
1698,4.093999999999879,control,40.827499935403466,6.2164767933384995e-06,84407.61698959116,84407.61698959116,7.794660936641669e-07,273.0,2.6529004630313633,151.999999999999,0.08061999261635483,4.619185321292991,52,53,0.7716655230486918,0.0009500980749873787,0.16956712313058797,0.005282029583656001,0.000141686496514076,0.1691297033934088,0.006120268447039189,0.0002349920887092168
1699,4.094999999999879,control,41.675199987366796,4.588944735077214e-06,84446.26020365338,84446.26020365338,7.795864504358319e-07,279.0,2.661627109291335,152.49999999999898,0.08181828674549811,4.687842517508206,52,53,0.7716387531005292,0.0009501075461605026,0.16956712673848648,0.0052821921119161515,0.00014277743818403703,0.1691297006289162,0.006120386376338575,0.00023654909182566907
1700,4.095999999999879,control,33.55980000924319,3.075854110147462e-06,84484.50323176479,84484.50323176479,7.773764157727189e-07,240.0,2.6703537555513064,152.99999999999898,0.08302839891043791,4.757176837296695,52,53,0.7716147909047457,0.0009501107778194692,0.1695671297180062,0.005282364237677115,0.00014386747215221728,0.1691297004794452,0.0061205052736815965,0.00023813175566406077
1701,4.09699999999988,control,45.528899994678795,2.0839420408769126e-06,84522.35021821811,84522.35021821811,7.790151499348814e-07,233.0,2.679080401811278,153.49999999999898,0.08425102807498194,4.827228328334674,52,53,0.7715908206350305,0.0009501131895117475,0.16956713264693457,0.005282526892055044,0.00014500808182302995,0.1691297021568751,0.006120609445665072,0.00023980930852923868
1702,4.09799999999988,control,54.141500033438206,2.525732234552742e-06,84559.8052643881,84559.8052643881,7.779115087432552e-07,237.0,2.6878070480712495,153.99999999999898,0.08548674618299705,4.898029760591831,52,53,0.7715656124910113,0.0009501137928781499,0.16956713581756838,0.005282673103083162,0.00014623572391898594,0.16912970669623245,0.006120690487770264,0.0002416235962443955
1703,4.09899999999988,control,37.85359999164939,4.002932699068368e-06,84596.87242917613,84596.87242917613,7.79342839041523e-07,241.0,2.696533694331221,154.49999999999898,0.08673578492131483,4.969594408745785,52,53,0.7715391106848567,0.0009501125693920917,0.16956713940486312,0.005282801946115789,0.00014755175033815874,0.16912971348960223,0.0061207485983707415,0.0002435614954150847
1704,4.099999999999881,control,46.30889999680221,5.750522879001799e-06,84633.55572944978,84633.55572944978,7.76887215566789e-07,237.0,2.7052603405911926,154.99999999999895,0.0879981357989364,5.041921786298136,52,53,0.7715118007606936,0.0009501114236931971,0.16956714340479598,0.005282918035582154,0.00014893731838725824,0.16912972092282094,0.006120791509984378,0.0002455878775592476
1705,4.100999999999881,control,38.02960005123168,7.530823975165789e-06,84669.85914047831,84669.85914047831,7.765248802937122e-07,231.0,2.713986986851164,155.49999999999895,0.08927382341982172,5.11501330295195,52,53,0.7714839486401426,0.0009501112195924135,0.1695671478120107,0.005283022885600151,0.0001503807566398706,0.16912972869096496,0.006120821500428505,0.00024769120382122896
1706,4.101999999999881,control,32.160299946554005,9.274368364010815e-06,84705.78659636348,84705.78659636348,7.77495719743431e-07,226.0,2.7227136331111357,155.99999999999895,0.09056291504872174,5.188872812693566,52,53,0.7714557379072713,0.0009501118767200941,0.16956715261801691,0.005283116989313006,0.00015187773801904943,0.1691297370747551,0.006120838796902565,0.00024986954321941856
1707,4.102999999999882,control,35.56780004873872,1.0957554675528593e-05,84741.34199046581,84741.34199046581,7.777020728369633e-07,223.0,2.7314402793711072,156.49999999999895,0.0918654867352394,5.263504672844265,52,53,0.7714273177776209,0.0009501131256123769,0.16956715782391305,0.005283200610213311,0.00015342643115127296,0.16912974636019634,0.006120843346821602,0.00025212196639733293
1708,4.103999999999882,control,37.018399918451905,1.25708909185337e-05,84776.52917582645,84776.52917582645,7.790799864469786e-07,221.0,2.7401669256310788,156.99999999999895,0.0931816090586968,5.338912927301326,52,53,0.7713988282346419,0.0009501146659356729,0.16956716344388303,0.00528327379720417,0.00015502551147137333,0.1691297567399173,0.006120834965808742,0.0002544465484686719
1709,4.104999999999882,control,34.920500009320676,1.4109829123146326e-05,84811.35196558488,84811.35196558488,7.768397570978809e-07,221.0,2.7488935718910503,157.49999999999892,0.09451134720425096,5.415101310899132,52,53,0.7713703376853381,0.0009501163879792106,0.16956716950106568,0.00528333632808334,0.0001566736994166022,0.1691297683020695,0.006120813369928464,0.0002568412900120738
1710,4.105999999999883,control,33.77039998304099,1.5571575548571974e-05,84845.8141333918,84845.8141333918,7.792041103198269e-07,220.0,2.757620218151022,157.99999999999892,0.09585475387349064,5.4920728432162935,52,53,0.7713419590829278,0.0009501179853923131,0.16956717602617577,0.005283387793405564,0.00015836955132781364,0.16912978110261012,0.006120778059016539,0.00025930225199973954
1711,4.106999999999883,control,40.83640000317246,1.6954189938806485e-05,84879.91941381863,84879.91941381863,7.765299353981899e-07,221.0,2.7663468644109934,158.49999999999892,0.09721187637845995,5.5698302350332565,52,53,0.7713136865943149,0.0009501195983636839,0.1695671830509061,0.005283427597198997,0.0001601115497580221,0.16912979507464082,0.006120728648058964,0.00026182664029099703
1712,4.107999999999883,control,36.814299994148314,1.8255818744905712e-05,84913.67150276159,84913.67150276159,7.795411266534005e-07,220.0,2.775073510670965,158.99999999999892,0.0985827452367406,5.648375234878656,52,53,0.7712856124436921,0.0009501209619895707,0.16956719060377504,0.005283455233411917,0.00016189800314488908,0.1691298101943278,0.00612066469530847,0.0002644091574386281
1713,4.108999999999884,control,37.436499958857894,1.9475028024244352e-05,84947.07405784262,84947.07405784262,7.763860116159937e-07,221.0,2.7838001569309365,159.49999999999892,0.09996738478366397,5.727709237064272,52,53,0.7712576957388172,0.0009501223565539359,0.1695671987093462,0.0052834701165841045,0.00016372711204823594,0.16912982632121953,0.00612058600208883,0.00026704642662022315
1714,4.109999999999884,control,34.60280003491789,2.0610452902918823e-05,84980.13069880563,84980.13069880563,7.776018205703644e-07,220.0,2.792526803190908,159.9999999999989,0.10136580235746054,5.807832662039739,52,53,0.7712300043690181,0.0009501235764676886,0.16956720738397732,0.005283471866383163,0.00016559695288594604,0.1691298434071324,0.006120492351449212,0.00026973277716345226
1715,4.110999999999884,control,34.76880001835525,2.166174819232354e-05,85012.84500790872,85012.84500790872,7.797483672246449e-07,219.0,2.8012534494508796,160.4999999999989,0.10277799994103232,5.888745623416976,52,53,0.7712025193349558,0.0009501248220525052,0.16956721664331878,0.005283460003602979,0.00016750550059128972,0.1691298613244408,0.006120383623701716,0.0002724643337129953
1716,4.111999999999885,control,35.86239996366203,2.2630011669021403e-05,85045.22053031254,85045.22053031254,7.778057155813552e-07,219.0,2.809980095710851,160.9999999999989,0.1042039759771224,5.970448031971732,52,53,0.7711752031967922,0.0009501262324010221,0.1695672264885557,0.00528343440845942,0.00016945074185451974,0.16912988000976714,0.006120259971132061,0.0002752377573404362
1717,4.112999999999885,control,36.19999997317791,2.351846938237438e-05,85077.26077446414,85077.26077446414,7.782181635917018e-07,218.0,2.8187067419708227,161.4999999999989,0.1056437281163331,6.052939753093437,52,53,0.771148080355431,0.0009501276569426146,0.16956723692245576,0.0052833950152642705,0.00017143072255239718,0.1691298994889595,0.006120121332539468,0.00027804968770054543
1718,4.113999999999885,control,37.415900034829974,2.433301123655932e-05,85108.96921247756,85108.96921247756,7.792631312415375e-07,217.0,2.8274333882307943,161.9999999999989,0.10709726178051554,6.136221097431276,52,53,0.7711211323423143,0.0009501291831369162,0.16956724794973022,0.005283341763816092,0.00017344362892017414,0.16912991974716593,0.00611996772047355,0.0002808983474638867
1719,4.114999999999886,control,34.13300006650388,2.508179674686766e-05,85140.34928050991,85140.34928050991,7.762055129963322e-07,217.0,2.836160034490766,162.49999999999886,0.10856459037182425,6.2202928328721425,52,53,0.7710943246397493,0.0009501308875231725,0.16956725956835572,0.005283274834167116,0.00017548785865327792,0.16912994080401392,0.006119799337813788,0.00028378262574208033
1720,4.115999999999886,control,38.11900003347546,2.577433578074312e-05,85171.40437913366,85171.40437913366,7.797479905306783e-07,215.0,2.8448866807507374,162.99999999999886,0.11004573016395754,6.305155891830264,52,53,0.7710677086571938,0.0009501325198665307,0.16956727178248485,0.005283194353270571,0.00017756202364944132,0.16912996273772132,0.0061196161381380535,0.0002867004791774254
1721,4.116999999999886,control,49.06360001768917,2.642083234913108e-05,85202.13787370521,85202.13787370521,7.775224381436436e-07,215.0,2.853613327010709,163.49999999999886,0.11154070799654535,6.390811812103161,52,53,0.7710412129864452,0.0009501343809262746,0.1695672845934015,0.0052831005086888235,0.00017966486141664543,0.16912998550875305,0.006119418440604355,0.000289651993119884
1722,4.117999999999887,control,39.721100009046495,2.7031294320628473e-05,85232.55309472975,85232.55309472975,7.777085690819249e-07,214.0,2.8623399732706805,163.99999999999886,0.11304954900391327,6.47726203378161,52,53,0.7710148721217313,0.0009501362242089562,0.1695672979991164,0.005282993629702462,0.00018179531430010472,0.1691300092021872,0.006119206421953726,0.00029263537343763614
1723,4.118999999999887,control,52.602099953219295,2.76150906161241e-05,85262.65333822189,85262.65333822189,7.787169814827991e-07,213.0,2.871066619530652,164.49999999999886,0.11457228251262125,6.564508237153724,52,53,0.7709886746986162,0.0009501381025482364,0.1695673120043881,0.005282873860817069,0.00018395237374930194,0.1691300338129424,0.006118980237818365,0.00029564983807908035
1724,4.119999999999887,control,39.86339992843568,2.818078710672777e-05,85292.44186606302,85292.44186606302,7.7985741660268e-07,212.0,2.8797932657906236,164.99999999999883,0.11610893827324847,6.65255212680213,52,53,0.7709626068868912,0.0009501400450047424,0.16956732660840743,0.005282741462827629,0.00018613512817757888,0.16913005934195688,0.006118740179902278,0.0002986943919545831
1725,4.120999999999888,control,35.150500014424324,2.873595522278122e-05,85321.92190635482,85321.92190635482,7.767088716946361e-07,212.0,2.888519912050595,165.49999999999883,0.1176595473144135,6.741395480535713,52,53,0.7709366346835118,0.0009501421005659689,0.16956734180695957,0.005282596759425034,0.00018834270465657328,0.16913008580096847,0.00611848659013851,0.00030176839576059145
1726,4.121999999999888,control,33.88270002324134,2.9287060689915512e-05,85351.09665376898,85351.09665376898,7.792080948361974e-07,211.0,2.8972465583105667,165.99999999999883,0.11922413744176845,6.831039891500988,52,53,0.770910780625222,0.0009501441023259713,0.16956735759946417,0.00528243998408564,0.000190574309434063,0.16913011322572688,0.006118219635804202,0.0003048701824702594
1727,4.122999999999888,control,40.20100005436689,2.983947129173271e-05,85379.9692698934,85379.9692698934,7.776973632477885e-07,211.0,2.905973204570538,166.49999999999883,0.1208027393930008,6.921487120837718,52,53,0.7708849972794338,0.0009501462121291188,0.16956737398358301,0.005282271363768331,0.00019282911219290202,0.16913014158408538,0.006117939632149882,0.00030799941423743764
1728,4.123999999999889,control,34.24050007015467,3.039766280226165e-05,85408.54288357482,85408.54288357482,7.795069682683778e-07,210.0,2.9146998508305098,166.99999999999883,0.12239537995582017,7.012738703368608,52,53,0.7708592938008967,0.0009501483061607617,0.16956739095512183,0.00528209114915728,0.00019510637419157514,0.16913017089963323,0.006117646807398445,0.00031115450541255795
1729,4.124999999999889,control,35.80149996560067,3.0965074241165325e-05,85436.82059125805,85436.82059125805,7.773441647032051e-07,210.0,2.9234264970904813,167.4999999999988,0.1240020888590979,7.104796342432516,52,53,0.7708336171525533,0.0009501505334585866,0.16956740850791016,0.005281899604958691,0.0001974053030637174,0.16913020115288188,0.00611734149226561,0.000314335273019524
1730,4.125999999999889,control,33.15100003965199,3.154441994075856e-05,85464.8054573212,85464.8054573212,7.49783719642652e-07,215.0,2.932153143350453,167.9999999999988,0.12562290064419465,7.197662017103624,52,53,0.7708078536094667,0.0009501530669414722,0.16956742662126695,0.005281697377070191,0.0001997251305607404,0.16913023238585614,0.006117024319266993,0.00031754257740962584
1731,4.12699999999989,control,34.72899994812906,3.2137741862595505e-05,85492.500514408,85492.500514408,7.473370992391092e-07,213.0,2.9408797896104244,168.4999999999988,0.12725783254978326,7.291336715085133,52,53,0.7707821897268594,0.0009501550607187093,0.16956744530684598,0.005281484297241127,0.00020206539260865432,0.169130264702767,0.006116694847733445,0.0003207713114705494
1732,4.12799999999989,control,34.782900009304285,3.274562649426405e-05,85519.90876375644,85519.90876375644,7.473979301102094e-07,212.0,2.949606435870396,168.9999999999988,0.12890691724154213,7.385822307982548,52,53,0.7707565061165231,0.0009501572828783652,0.16956746457102184,0.0052812602090608375,0.00020442517492448182,0.16913029790175085,0.006116353270730981,0.0003240234350944951
1733,4.12899999999989,control,37.777099991217256,3.336926473951877e-05,85547.03317552377,85547.03317552377,7.477165747236878e-07,211.0,2.9583330821303675,169.4999999999988,0.13057018316355054,7.481120425521565,52,53,0.770730748588461,0.000950159775594527,0.16956748438991825,0.005281025690951964,0.00020680385030448088,0.1691303320203377,0.006116000213757084,0.00032729846094872673
1734,4.129999999999891,control,34.25340005196631,3.4009299601535874e-05,85573.8766891087,85573.8766891087,7.483522765379837e-07,210.0,2.967059728390339,169.99999999999878,0.13224765996673496,7.57723276657513,52,53,0.770704889299425,0.0009501624018646627,0.16956750474866913,0.005280781152065426,0.00020920081994188304,0.1691303671546835,0.0061156359152593435,0.0003305961996484297
1735,4.130999999999891,control,38.097099983133376,3.4665856565565575e-05,85600.44221346972,85600.44221346972,7.491638296663816e-07,209.0,2.9757863746503106,170.49999999999878,0.1339393794469812,7.674161152913305,52,53,0.7706788980673585,0.0009501651186110478,0.1695675256378978,0.005280526898502817,0.00021161554890201196,0.1691304033529343,0.006115260574256064,0.0003339166166689179
1736,4.131999999999891,control,32.96590002719313,3.533884813672451e-05,85626.73262744036,85626.73262744036,7.454248043595863e-07,209.0,2.984513020910282,170.99999999999878,0.13564537678753802,7.771907600387753,52,53,0.7706527232335694,0.0009501679631074323,0.16956754704758067,0.005280263250357808,0.00021404753934755358,0.16913044065382896,0.006114874417164847,0.00033726019656298305
1737,4.132999999999892,control,34.396300092339516,3.602820213238806e-05,85652.75078004117,85652.75078004117,7.488548085705056e-07,207.0,2.9932396671702537,171.49999999999878,0.1373656840479609,7.870473945875697,52,53,0.7706263854004792,0.0009501707760893872,0.16956756897527286,0.005279990329709432,0.00021649644147415204,0.1691304790846887,0.00611447749459377,0.0003406258212628702
1738,4.133999999999892,control,36.423199926503,3.673345311543404e-05,85678.49949078856,85678.49949078856,7.48895720520889e-07,206.0,3.0019663134302252,171.99999999999878,0.13910034007087732,7.969862414895757,52,53,0.770599820231311,0.0009501737747712822,0.16956759141441682,0.005279708352713102,0.00021896176410952608,0.16913051864367026,0.006114069964110065,0.0003440149398472698
1739,4.134999999999892,control,35.133900004439056,3.745466975600571e-05,85703.98155000016,85703.98155000016,7.471539633104346e-07,205.0,3.010692959690197,172.49999999999875,0.14084938218549498,8.070075146253986,52,53,0.7705730287360946,0.0009501769677747989,0.16956761435027348,0.005279417879917578,0.0002214433232169393,0.16913055935107688,0.006113652351188447,0.00034742762664549654
1740,4.135999999999893,control,38.09080005157739,3.819190108336773e-05,85729.19971909742,85729.19971909742,7.476551557308371e-07,205.0,3.0194196059501683,172.99999999999875,0.142612847617934,8.171114272849954,52,53,0.7705461119513095,0.0009501805063169506,0.1695676377707322,0.005279119987523736,0.00022394118904377018,0.16913060115607859,0.006113225806787426,0.0003508642929583042
1741,4.136999999999893,control,38.9376999810338,3.894540225776322e-05,85754.15673090462,85754.15673090462,7.465530859173811e-07,213.0,3.02814625221014,173.49999999999875,0.1443907818956426,8.272982403214298,52,53,0.7705188829268762,0.0009501835558588419,0.1695676617688923,0.005278811921264884,0.00022645383370206048,0.16913064473393066,0.006112786218146144,0.00035432788548469646
1742,4.137999999999893,control,42.80030005611479,3.9715277532226755e-05,85778.85528994522,85778.85528994522,7.430669291388422e-07,197.0,3.0368728984701114,173.99999999999875,0.14618324230955881,8.37568281987597,52,53,0.7704914445049189,0.0009501849841193475,0.16956768620057155,0.005278495279811794,0.00022898297100210828,0.16913068939875378,0.00611233612631129,0.0003578035514849089
1743,4.138999999999894,control,49.73109997808933,4.049724901545486e-05,85803.29807273477,85803.29807273477,7.496492361613318e-07,195.0,3.045599544730083,174.49999999999875,0.14799028657162008,8.479218829485411,52,53,0.7704635573569266,0.0009501883321812911,0.16956771114937358,0.005278169250102293,0.00023152723241180357,0.1691307344428954,0.006111875451351695,0.000361308566228466
1744,4.139999999999894,control,42.99590003211051,4.1294437295157694e-05,85827.48772807117,85827.48772807117,7.469731830713878e-07,192.0,3.0543261909900545,174.99999999999872,0.14981197094319798,8.583593655581767,52,53,0.7704351618789611,0.0009501901267462034,0.16956773666222227,0.005277831966105383,0.00023408496783039912,0.1691307816593523,0.006111399069483044,0.00036484232555624894
1745,4.140999999999894,control,39.24579999875277,4.210771409498111e-05,85851.4268773215,85851.4268773215,7.472994195093134e-07,193.0,3.063052837250026,175.49999999999872,0.15164833497134003,8.68880956404395,52,53,0.7704064578144609,0.0009501931465777144,0.1695677626635268,0.00527748827527207,0.0002366588583833906,0.16913082959004724,0.006110915588829689,0.0003683988223999996
1746,4.141999999999895,control,34.674900001846254,4.2939634345284434e-05,85875.11811470614,85875.11811470614,7.437146185926845e-07,194.0,3.0717794835099976,175.99999999999872,0.153499437173999,8.79486990770368,52,53,0.7703773921613362,0.0009501957807478678,0.16956778917377707,0.0052771369008121054,0.00023924826789211836,0.16913087894938494,0.006110421722643292,0.00037198064253537424
1747,4.142999999999895,control,39.03089999221265,4.378929632541163e-05,85898.5640075801,85898.5640075801,7.484905335677041e-07,193.0,3.080506129769969,176.49999999999872,0.15536532907335038,8.901777638564162,52,53,0.7703480251774735,0.0009501980597395429,0.1695678162304987,0.0052767770892294995,0.00024185313722481695,0.16913092961988344,0.006109916659649056,0.00037558756958613404
1748,4.143999999999895,control,35.82810005173087,4.465626148116202e-05,85921.7670967109,85921.7670967109,7.45111383449102e-07,193.0,3.0892327760299407,176.99999999999872,0.15724606691186196,9.009535979081432,52,53,0.7703182716730991,0.0009502005978467907,0.16956784383761273,0.005276408680062656,0.0002444732458324058,0.1691309815063315,0.00610940025032442,0.0003792231012266286
1749,4.144999999999896,control,33.28679990954697,4.554189141949425e-05,85944.72989655416,85944.72989655416,7.449544054248443e-07,209.0,3.0979594222899123,177.4999999999987,0.15914162225967318,9.11814330034447,52,53,0.7702879298693271,0.0009502050293429818,0.16956787184843705,0.005276034445920872,0.0002471077454808027,0.1691310346108754,0.006108875119798196,0.00038289889984572805
1750,4.145999999999896,control,35.04739992786199,4.6449767089379005e-05,85967.45489552597,85967.45489552597,7.479928380718782e-07,209.0,3.106686068549884,177.9999999999987,0.16105206836392275,9.227603799105179,52,53,0.7702573026370247,0.0009502092452014186,0.16956790034552852,0.005275653078560148,0.0002497578864184313,0.16913108981176178,0.006108338530374863,0.0003866122089398416
1751,4.146999999999896,control,35.0291000213474,4.738044463651412e-05,85989.94455627266,85989.94455627266,7.488326502434179e-07,207.0,3.1154127148098554,178.4999999999987,0.16297745621494136,9.337920396894308,52,53,0.7702262416359725,0.0009502134930089797,0.1695679293157745,0.0052752640391574655,0.0002524235370377643,0.16913114694913056,0.006107790265394135,0.00039036167213237947
1752,4.147999999999897,control,33.88620004989207,4.833425048625231e-05,86012.20131593753,86012.20131593753,7.462962336273113e-07,205.0,3.124139361069827,178.9999999999987,0.16491783106160404,9.449095686281424,52,53,0.7701947564187127,0.0009502178261809747,0.16956795875028827,0.0052748676706837775,0.0002551045854683817,0.1691312060736861,0.006107230248715469,0.0003941497413184448
1753,4.148999999999897,control,33.18939998280257,4.931265178950249e-05,86034.22758642503,86034.22758642503,7.443795136487407e-07,203.0,3.1328660073297985,179.4999999999987,0.16687323889131345,9.56113230215061,52,53,0.770162850704551,0.0009502222462901425,0.16956798864128833,0.005274464363130436,0.000257801207226792,0.1691312672433487,0.0061066584934719274,0.00039797847839266614
1754,4.149999999999897,control,33.63439999520779,5.0317250857460414e-05,86056.0257546622,86056.0257546622,7.446323890927255e-07,189.0,3.14159265358977,179.99999999999866,0.16884379593568596,9.674036904082929,52,53,0.7701306341700048,0.0009502252243249023,0.16956801909088512,0.005274052135235574,0.000260514654291598,0.16913133053983734,0.006106072968334697,0.0004018384655059214
1755,4.150999999999898,control,37.39579999819398,5.134681212521221e-05,86077.59818285715,86077.59818285715,7.440775719817107e-07,188.0,3.1503192998497416,180.49999999999866,0.17082952778805094,9.787810958468137,52,53,0.7700979419279139,0.0009502287184177163,0.16956805004613404,0.005273632362802163,0.00026324407877647676,0.1691313954126722,0.006105475353011305,0.00040573824715535553
1756,4.151999999999898,control,33.554599969647825,5.240403529546427e-05,86098.94720875524,86098.94720875524,7.438114864556101e-07,188.0,3.159045946109713,180.99999999999866,0.17283048544721755,9.902457387322759,52,53,0.7700648543146345,0.0009502323483946266,0.16956808151357644,0.005273205518996099,0.00026598988971369237,0.16913146220565314,0.006104865118875503,0.00040968194172972183
1757,4.152999999999898,control,38.40800002217293,5.3491424375577004e-05,86120.07514589229,86120.07514589229,7.439223527847083e-07,188.0,3.1677725923696847,181.49999999999866,0.17484672611172242,10.017979467881542,52,53,0.7700313673802532,0.0009502358960013437,0.16956811351067247,0.0052727713113625545,0.000268752645843384,0.1691315310069537,0.006104241773219356,0.0004136693341706939
1758,4.153999999999899,control,34.357800032012165,5.4610373840771965e-05,86140.98428384533,86140.98428384533,7.469783774756624e-07,204.0,3.176499238629656,181.99999999999866,0.17687821539867715,10.134375230150088,52,53,0.7699972963318216,0.0009502409487251977,0.16956814590977162,0.005272332261320813,0.000271531059056515,0.169131601937602,0.0061036066594806464,0.00041771620180545765
1759,4.154999999999899,control,35.67699994891882,5.576573253819412e-05,86161.67688848075,86161.67688848075,7.485204327559315e-07,205.0,3.1852258848896278,182.49999999999864,0.17892503470781865,10.251649337989779,52,53,0.7699629638184492,0.0009502454795857811,0.16956817883964265,0.005271886269172822,0.0002743269506013891,0.16913167564847578,0.006102956964765055,0.00042181571119756706
1760,4.155999999999899,control,32.46599994599819,5.6958515674342616e-05,86182.15520219978,86182.15520219978,7.439632501963221e-07,204.0,3.1939525311495993,182.99999999999864,0.18098723437112404,10.369804675210478,52,53,0.7699282232140451,0.0009502499473947419,0.16956821230385655,0.005271432447597818,0.0002771404847535911,0.16913175178725143,0.006102292660278445,0.00042596416214668755
1761,4.1569999999999,control,44.00400002487004,5.8189211011760516e-05,86202.4214441816,86202.4214441816,7.454435730637989e-07,201.0,3.202679177409571,183.49999999999864,0.18306484778971063,10.488843155555235,52,53,0.7698931322516136,0.0009502544406503889,0.16956824630353523,0.005270970773657079,0.0002799715145111994,0.1691318303296001,0.006101613350325384,0.00043016309049294827
1762,4.1579999999999,control,44.62930001318455,5.9458991669516156e-05,86222.47781062368,86222.47781062368,7.497136230511808e-07,198.0,3.2114058236695424,183.99999999999864,0.1851579124467872,10.60876692665372,52,53,0.7698576888127219,0.0009502591843901696,0.1695682808289796,0.005270501627880643,0.0002828199404017095,0.16913191138710265,0.0061009185418292,0.00043441801671546007
1763,4.1589999999999,control,42.97690000385046,6.077094758180282e-05,86242.32647497985,86242.32647497985,7.438940877892846e-07,197.0,3.220132469929514,184.49999999999864,0.18726647388347642,10.729578597820055,52,53,0.7698218661591737,0.0009502641117455229,0.16956831586768728,0.005270025554228142,0.0002856860660714997,0.1691319952014591,0.006100207770520283,0.00043873392148273746
1764,4.159999999999901,control,41.89400002360344,6.212918519173734e-05,86261.96958819583,86261.96958819583,7.44836475278537e-07,195.0,3.2288591161894855,184.9999999999986,0.1893905736421879,10.851280549258979,52,53,0.769785709024244,0.0009502688913767185,0.1695683514330471,0.005269542405350557,0.00028857079015529453,0.16913208178363412,0.0060994808988288594,0.0004431083453397069
1765,4.160999999999901,control,34.148799953982234,6.353545226988245e-05,86281.40927894239,86281.40927894239,7.445508655946508e-07,182.0,3.237585762449457,185.4999999999986,0.19153034153273682,10.973880218525043,52,53,0.7697492945729087,0.0009502722766420785,0.16956838766101734,0.00526904939926905,0.00029147661419957844,0.16913217092833724,0.0060987364153819315,0.0004475273020484938
1766,4.161999999999901,control,34.35349999926984,6.498991686772485e-05,86300.64765384592,86300.64765384592,7.459921312791753e-07,181.0,3.2463124087094286,185.9999999999986,0.1936857240785242,11.097374541634823,52,53,0.7697122911162562,0.0009502766033112663,0.16956842429300104,0.005268555616909438,0.0002943943010200324,0.16913226156705446,0.0060979847261863635,0.00045198570935100775
1767,4.162999999999902,control,35.49869998823851,6.669881959220685e-05,86319.68679771671,86319.68679771671,7.487207667917766e-07,180.0,3.2550390549694,186.4999999999986,0.19585676656502787,11.221766113255072,52,53,0.7696748905848588,0.0009502811197632928,0.16956846137261808,0.005268059564236056,0.000297324942632819,0.16913235466035254,0.006097220584391202,0.0004565014005365978
1768,4.163999999999902,control,33.38009992148727,6.859481028510846e-05,86338.528773775,86338.528773775,7.43115224215985e-07,195.0,3.2637657012293717,186.9999999999986,0.19804344195972143,11.347053384536116,52,53,0.7696370278721336,0.0009502868469584743,0.1695684988069497,0.005267562028112233,0.0003002703608736099,0.16913245113111314,0.006096440285797962,0.00046110676793267294
1769,4.164999999999902,control,34.08999997191131,7.06257480466413e-05,86357.17562387449,86357.17562387449,7.495135930291807e-07,194.0,3.2724923474893433,187.49999999999858,0.20024586730471683,11.473243061496996,52,53,0.7695991359403127,0.0009502916382956389,0.1695685368276562,0.005267057729947249,0.000303239673064582,0.16913255129406504,0.0060956396157231625,0.00046579080618232413
1770,4.165999999999903,control,33.72389997821301,7.2760150657825e-05,86375.62936872353,86375.62936872353,7.464402516881548e-07,191.0,3.281218993749315,187.99999999999858,0.20246414153366424,11.600340812618319,52,53,0.7695611786771936,0.0009502961257116733,0.16956857552857008,0.005266542948137059,0.0003062405964070306,0.16913265493444662,0.006094815243721629,0.0004705603046855605
1771,4.166999999999903,control,33.13660004641861,7.497641518499222e-05,86393.89200810429,86393.89200810429,7.473990008961235e-07,186.0,3.2899456400092864,188.49999999999858,0.20469834119248423,11.728351023658274,52,53,0.7695233224042277,0.0009503002340556154,0.16956861498023057,0.005266015162550181,0.0003092805586819772,0.16913276206889521,0.006093964652420973,0.00047542030934192414
1772,4.167999999999903,control,32.63349994085729,7.72575925642928e-05,86411.96552108924,86411.96552108924,7.468186271262497e-07,181.0,3.298672286269258,188.99999999999858,0.20694854876260693,11.857278420454692,52,53,0.7694857232081372,0.000950304074212807,0.16956865524602116,0.005265472229171712,0.00031236729954030253,0.16913287297764523,0.006093084380974649,0.0004803844838480504
1773,4.168999999999904,control,33.46179996151477,7.958987849863442e-05,86429.85186625589,86429.85186625589,7.499304391192842e-07,176.0,3.3073989325292295,189.49999999999858,0.20921484429024767,11.98712758931788,52,53,0.7694484944830633,0.0009503076599060075,0.16956869638159267,0.005264912288619521,0.00031550843223059804,0.16913298767665194,0.006092172782172138,0.00048545739139772533
1774,4.169999999999904,control,34.45530007593334,8.196205699547256e-05,86447.55298189874,86447.55298189874,7.475794959966164e-07,172.0,3.316125578789201,189.99999999999855,0.21149731011773537,12.117903248115761,52,53,0.7694117255413098,0.0009503109842192745,0.16956873844039158,0.005264333626034914,0.00031871095712805643,0.1691331062739968,0.006091228001326839,0.0004906448817635848
1775,4.170999999999904,control,35.0606000283733,8.436499553833784e-05,86465.07078623954,86465.07078623954,7.47447444305308e-07,159.0,3.3248522250491725,190.49999999999855,0.2137961156451697,12.249615102759094,52,53,0.7693754564362921,0.0009503129758166534,0.16956878160646996,0.0052637319181470625,0.0003219834406143668,0.16913322769899217,0.006090251914246897,0.000495915156334819
1776,4.171999999999905,control,36.6839999333024,8.678838302044504e-05,86482.40717763508,86482.40717763508,7.482026839917819e-07,156.0,3.333578871309144,190.99999999999855,0.2161112598082837,12.382263092269872,52,53,0.7693395202714531,0.0009503155213126556,0.16956882578017246,0.005263108519818298,0.00032532526391848657,0.16913335166598048,0.006089245052829408,0.000501280697880719
1777,4.172999999999905,control,36.882099928334355,8.922595368389245e-05,86499.56403478296,86499.56403478296,7.482316700274892e-07,154.0,3.3423055175691156,191.49999999999855,0.21844277115235478,12.515848852172018,52,53,0.769304085852301,0.0009503181441334893,0.1695688709609483,0.005262463590732639,0.00032873752049616934,0.16913347881022353,0.006088205287127767,0.0005067512867926918
1778,4.173999999999905,control,37.319299997761846,9.167285866876323e-05,86516.54321692507,86516.54321692507,7.438275191389898e-07,153.0,3.351032163829087,191.99999999999855,0.2207906859918521,12.650374463131351,52,53,0.7692690743933028,0.0009503209037134108,0.16956891714255123,0.005261796962399953,0.00033222130192481187,0.1691336090245613,0.0060871334290142865,0.0005123223272502993
1779,4.174999999999906,control,39.91709998808801,9.412494433436523e-05,86533.34656404918,86533.34656404918,7.414798658781878e-07,152.0,3.3597588100890587,192.49999999999852,0.22315502712758772,12.785841231538171,52,53,0.7692343797810558,0.0009503238029112585,0.1695689643201311,0.0052611084612573,0.00033577595421098287,0.16913374196662773,0.006086031242508775,0.0005179825357689185
1780,4.175999999999906,control,35.94749991316348,9.657813296142127e-05,86549.97589708834,86549.97589708834,7.402674696257627e-07,151.0,3.3684854563490303,192.99999999999852,0.22553580237058066,12.922249604930899,52,53,0.769199891085224,0.0009503269701046332,0.16956901247118347,0.005260398378057445,0.000339398973807119,0.16913387746401007,0.006084899814359264,0.0005237254699401832
1781,4.176999999999906,control,45.050299959257245,9.902913347639468e-05,86566.4330181181,86566.4330181181,7.41311198006271e-07,150.0,3.377212102609002,193.49999999999852,0.22793300603182176,13.059599257353323,52,53,0.7691654846884964,0.0009503305237657597,0.16956906155007184,0.0052596676651726825,0.00034308668548381407,0.16913401542474896,0.006083740421498746,0.000529545971987896
1782,4.177999999999907,control,44.32850005105138,0.00010148358370825268,86582.7197105519,86582.7197105519,7.437096271608792e-07,149.0,3.3859387488689734,193.99999999999852,0.23034661918521745,13.197889104420158,52,53,0.769131019290225,0.0009503345501618112,0.16956911150044895,0.005258917511145128,0.0003468338593599664,0.1691341558686943,0.006082554017679561,0.0005354399587838934
1783,4.178999999999907,control,46.352699981071055,0.00010393781492519664,86598.83773933428,86598.83773933428,7.494150148231994e-07,148.0,3.394665395128945,194.49999999999852,0.23277661371548955,13.337117535244623,52,53,0.769096343661362,0.0009503391054201797,0.16956916225637894,0.005258149458136137,0.0003506344695607588,0.169134298832776,0.0060813418121447825,0.0005414028275367701
1784,4.179999999999907,control,36.78800002671778,0.00010638910042209871,86614.78885113218,86614.78885113218,7.456933148612025e-07,148.0,3.4033920413889165,194.9999999999985,0.23522296049150207,13.477282880735578,52,53,0.7690613192927415,0.000950344088895755,0.16956921374088327,0.005257365381622548,0.000354482227564649,0.1691344446912648,0.006080103945526822,0.0005474356319338943
1785,4.180999999999908,control,37.31509996578097,0.00010883586682525097,86630.57477452418,86630.57477452418,7.441291458225251e-07,148.0,3.412118687648888,195.4999999999985,0.23768562226386689,13.618383006660288,52,53,0.7690257671974801,0.000950349500989288,0.16956926588828908,0.00525656703439903,0.00035837042378327377,0.16913459330560743,0.0060788426657260915,0.0005535285802132187
1786,4.181999999999908,control,34.76599999703467,0.00011127654710503404,86646.19722018788,86646.19722018788,7.445380472737317e-07,148.0,3.4208453339088596,195.9999999999985,0.2401645607501556,13.76041571959718,52,53,0.7689895500191298,0.0009503553428988229,0.16956931863504035,0.005255756225874068,0.00036229205052423807,0.1691347448094944,0.006077558795801364,0.0005596784836638569
1787,4.182999999999908,control,34.38339999411255,0.00011371023443390104,86661.65788108516,86661.65788108516,7.476305603283205e-07,148.0,3.429571980168831,196.4999999999985,0.24265973748720182,13.903378815769152,52,53,0.7689525268192131,0.0009503616486497658,0.16956937191804436,0.005254934788261178,0.0003662402099775088,0.16913489929753783,0.006076253349084331,0.0005658814554702104
1788,4.183999999999909,control,33.125000074505806,0.00011613649716629834,86676.9584326458,86676.9584326458,7.399604270321979e-07,149.0,3.4382986264288027,196.9999999999985,0.2451711184994984,14.047270348523039,52,53,0.7689145902984715,0.0009503682680503572,0.16956942566777994,0.00525410473188003,0.0003702083948272792,0.1691350572073491,0.006074926138320199,0.0005721393340851164
1789,4.184999999999909,control,40.32050003297627,0.00011855556732427975,86692.10053294899,86692.10053294899,7.460536446300951e-07,149.0,3.4470252726887742,197.49999999999847,0.24769866275417068,14.1920879668483,52,53,0.7688755877346299,0.0009503753373848201,0.16956947983722306,0.005253267672425484,0.0003741901240691219,0.16913521813690702,0.006073580142345369,0.0005784387696995501
1790,4.185999999999909,control,39.27439998369664,0.00012096737285319504,86707.08582290291,86707.08582290291,7.394797961220155e-07,150.0,3.455751918948746,197.99999999999847,0.2502423407314013,14.337829979383988,52,53,0.768835495705335,0.0009503826574467216,0.16956953436420513,0.005252425563492664,0.0003781793588648729,0.1691353829128906,0.006072213079922596,0.0005847904447306093
1791,4.18699999999991,control,33.624099916778505,0.00012337276810245093,86721.91592642269,86721.91592642269,7.47068872864162e-07,150.0,3.4644785652087173,198.49999999999847,0.2528021186230153,14.48449444906437,52,53,0.768794182606698,0.0009503904422050824,0.16956958920898058,0.005251579915379395,0.00038217082620350116,0.1691355510631328,0.0060708281419517805,0.0005911809308439175
1792,4.18799999999991,control,35.71289998944849,0.0001257724368556533,86736.59245060629,86736.59245060629,7.398284128588438e-07,151.0,3.473205211468689,198.99999999999847,0.2553779753571167,14.63208016855873,52,53,0.7687516809456737,0.00095039845547018,0.16956964432124177,0.005250732449352679,0.00038615959706929105,0.16913572355094683,0.006069422128414598,0.0005976240117215897
1793,4.18899999999991,control,32.95929997693747,0.0001281674562368783,86751.1169859087,86751.1169859087,7.438530231181734e-07,151.0,3.4819318577286604,199.49999999999847,0.25796988190168735,14.780585474454965,52,53,0.7687079170059298,0.0009504082222956848,0.16956969966565613,0.005249885161583302,0.00039014220796347566,0.16913589935972306,0.00606799977023607,0.000604108491962957
1794,4.189999999999911,control,36.763800075277686,0.00013055965150581532,86765.49110631434,86765.49110631434,7.426485329124179e-07,158.0,3.490658503988632,199.99999999999844,0.26057780771867023,14.930008617051291,52,53,0.7686626720487328,0.0009504170054644737,0.1695697550005046,0.005249042321232523,0.0003941059326587317,0.16913608132786165,0.00606655294631206,0.000610660793639695
1795,4.190999999999911,control,37.86989999935031,0.00013295256798231692,86779.71636950746,86779.71636950746,7.40516100781709e-07,163.0,3.4993851502486035,200.49999999999844,0.26320171502021017,15.080347431263089,52,53,0.7686161233577344,0.0009504247699026658,0.16956981035384897,0.0052482060462586575,0.00039804788587066513,0.16913626733677248,0.0060650951414887916,0.0006172279526715598
1796,4.191999999999911,control,38.38450007606298,0.00013535032858355155,86793.79431704123,86793.79431704123,7.40187159291332e-07,162.0,3.508111796508575,200.99999999999844,0.26584160385586386,15.231601919929751,52,53,0.7685683554056382,0.000950434299901099,0.16956986586477663,0.005247374491974115,0.00040196932379947417,0.16913645576715797,0.006063629388068121,0.000623800318733096
1797,4.192999999999912,control,38.777200039476156,0.0001377509209729048,86807.72647450445,86807.72647450445,7.432556427010133e-07,158.0,3.5168384427685466,201.49999999999844,0.26849751819381407,15.38377460224258,52,53,0.7685194812450672,0.0009504442506938017,0.16956992160620415,0.005246544573386644,0.0004058710555826286,0.16913664888616564,0.006062141988967993,0.0006304147694655953
1798,4.193999999999912,control,36.525200004689395,0.00014013367700912744,86821.5143516872,86821.5143516872,7.450857456146293e-07,165.0,3.525565089028518,201.99999999999844,0.2711693741745163,15.536860673403606,52,53,0.7684698415663647,0.0009504537834608391,0.1695699774656963,0.005245717673722378,0.00040975253062500367,0.1691368512635034,0.006060611556947551,0.0006371553594358397
1799,4.194999999999912,control,35.421199980191886,0.0001424983657188032,86835.15944274416,86835.15944274416,7.495582216212716e-07,167.0,3.5342917352884897,202.4999999999984,0.2738573056330274,15.690867801596736,52,53,0.7684197027624253,0.0009504594195590503,0.16957003365570744,0.005244890213286222,0.00041362277577248883,0.1691370638672927,0.0060590340298583584,0.0006440140006183251
1800,4.195999999999913,control,33.70889998041093,0.0001448576225858927,86848.66322635674,86848.66322635674,7.435188112416108e-07,170.0,3.5430183815484613,202.9999999999984,0.27656136044355323,15.845798729811913,52,53,0.7683687829514603,0.0009504681263992494,0.1695700902630769,0.0052440632595297364,0.00041748804908649554,0.16913728217339719,0.006057425392626806,0.0006509593690649467
1801,4.196999999999913,control,45.02039996441454,0.00014721266223854075,86862.02716589326,86862.02716589326,7.426693837513188e-07,169.0,3.551745027808433,203.4999999999984,0.2792815641603663,16.0016549222011,52,53,0.7683171227112482,0.0009504775649054852,0.16957014729646527,0.00524323536354465,0.00042134821325471726,0.16913750710693415,0.006055782943143146,0.0006579840065738145
1802,4.197999999999913,control,42.03810007311404,0.00014956348714214676,86875.25270956753,86875.25270956753,7.429392198369905e-07,167.0,3.5604716740684044,203.9999999999984,0.28201794107973815,16.15843777083812,52,53,0.7682648923205305,0.0009504874180826572,0.1695702047584188,0.005242406083608568,0.0004252030159104325,0.16913773974495946,0.006054101153375511,0.0006651018649762163
1803,4.198999999999914,control,58.52600000798702,0.00015190958238555776,86888.34129059566,86888.34129059566,7.484448929364072e-07,165.0,3.569198320328376,204.4999999999984,0.2847705314376511,16.316149581074935,52,53,0.7682121840803319,0.0009504975384102982,0.16957026267281233,0.005241574741888149,0.0004290541278720957,0.16913798049941295,0.006052377830381149,0.0006723153964196258
1804,4.199999999999914,control,38.236599997617304,0.00015425024424731555,86901.29432735169,86901.29432735169,7.40894006815003e-07,165.0,3.5779249665883475,204.99999999999838,0.2875393964459662,16.47479386009285,52,53,0.7681591200776436,0.0009505075615413549,0.169570321085768,0.005240740381280973,0.00043290446903995674,0.16913823005031559,0.006050609580822083,0.0006796307166578255
1805,4.200999999999914,control,36.04849998373538,0.00015658361551008394,86914.11322352085,86914.11322352085,7.45557984124173e-07,164.0,3.586651612848319,205.49999999999838,0.290324604728521,16.634374539748116,52,53,0.7681056566689329,0.0009505175344357096,0.16957038008217165,0.005239901185651725,0.00043675812122463345,0.16913848752464325,0.006048799430908894,0.0006870300350327733
1806,4.201999999999915,control,35.442099906504154,0.00015890800636049213,86926.79936825215,86926.79936825215,7.485672207599387e-07,163.0,3.5953782591082906,205.99999999999838,0.2931262259365224,16.79489561076094,52,53,0.7680518963469118,0.0009505274370848359,0.16957043973629757,0.005239055545904445,0.00044061814258561984,0.1691387532397074,0.006046944544563775,0.0006945168293841036
1807,4.202999999999915,control,31.952799996361136,0.00016122107023949775,86939.35413630852,86939.35413630852,7.42963450271162e-07,163.0,3.604104905368262,206.49999999999838,0.2959443345226639,16.956361338956427,52,53,0.767997883500455,0.0009505372639407948,0.16957050011554728,0.0052382019774952025,0.0004444882490896746,0.1691390271889157,0.006045044101682249,0.0007020886962192921
1808,4.203999999999915,control,32.593099982477725,0.00016352074309735032,86951.7788882161,86951.7788882161,7.45324598137195e-07,162.0,3.6128315516282337,206.99999999999838,0.2987790014288808,17.118775789008062,52,53,0.7679435979575763,0.00095054708925916,0.16957056130023906,0.005237338597192439,0.00044837196220936067,0.1691393087411848,0.006043099757336667,0.0007097336885796043
1809,4.204999999999916,control,32.86829998251051,0.00016580528725426987,86964.07497041138,86964.07497041138,7.462045081882967e-07,161.0,3.621558197888205,207.49999999999835,0.30163029386391804,17.282142811693276,52,53,0.7678891277191396,0.0009505569502440572,0.16957062335271628,0.0052364639101043714,0.0004522719574091737,0.16913959815214488,0.006041109134866525,0.000717454638587895
1810,4.205999999999916,control,35.446000052616,0.0001680729426798131,86976.24371538742,86976.24371538742,7.484965428891386e-07,160.0,3.6302848441481768,207.99999999999835,0.30449827908613664,17.446466260632292,52,53,0.7678344931053328,0.0009505668935015486,0.16957068633321737,0.005235576436328586,0.0004561912435206807,0.1691398952366695,0.006039072198761384,0.0007252470182381318
1811,4.206999999999916,control,31.87800000887364,0.00017032234216462583,86988.28644183795,86988.28644183795,7.412059936744924e-07,160.0,3.6390114904081483,208.49999999999835,0.3073830250705168,17.611750030504584,52,53,0.7677797638759928,0.0009505768248215564,0.16957075029647564,0.005234674853433815,0.0004601326302819975,0.16914020023573195,0.0060369871523043885,0.0007331123367849764
1812,4.207999999999917,control,33.421500003896654,0.00017255208278229694,87000.20445480055,87000.20445480055,7.442787202569188e-07,159.0,3.64773813666812,208.99999999999835,0.3102845959951792,17.777997798445615,52,53,0.7677248809165876,0.0009505868483085309,0.16957081531177237,0.005233757458802661,0.0004640989950843827,0.16914051234433794,0.006034856627226924,0.0007410373180810799
1813,4.208999999999917,control,36.54800006188452,0.00017476109853496472,87011.99904579777,87011.99904579777,7.471280590100652e-07,158.0,3.6564647829280914,209.49999999999835,0.31320305115785685,17.945212961965208,52,53,0.7676699200557303,0.0009505969768312988,0.16957088142920643,0.005232822993061409,0.00046809228478711894,0.16914083183224438,0.006032678463057026,0.0007490249878169947
1814,4.209999999999917,control,40.28349998407066,0.0001769483391119183,87023.67149297748,87023.67149297748,7.417047949046448e-07,158.0,3.665191429188063,209.99999999999832,0.31613845115760253,18.11339899313334,52,53,0.7676149077787474,0.0009506071864287505,0.16957094869215208,0.005231870374596092,0.00047211483181205244,0.16914115874203237,0.006030452022937268,0.0007570744299988208
1815,4.210999999999918,control,32.30089996941388,0.00017911298156606916,87035.22306125093,87035.22306125093,7.467989142199199e-07,157.0,3.6739180754480345,210.49999999999832,0.31909085122559205,18.282559056463278,52,53,0.7675597667728956,0.0009506175040645437,0.16957101715990103,0.0052308981202033025,0.00047616871464053567,0.16914149225323563,0.006028180181613864,0.000765172707936323
1816,4.211999999999918,control,34.66350003145635,0.00018125429328029528,87046.65500243023,87046.65500243023,7.413095062907707e-07,157.0,3.682644721708006,210.99999999999832,0.3220603024935663,18.452696081587973,52,53,0.7675045917240156,0.0009506278993226612,0.16957108686456349,0.005229905432125575,0.0004802552037966655,0.16914183291817925,0.006025859933926768,0.0007733266687102363
1817,4.212999999999918,control,33.984400099143386,0.00018337161747932325,87057.96855536371,87057.96855536371,7.476785326531594e-07,156.0,3.6913713679679776,211.49999999999832,0.32504685179918535,18.62381275210767,52,53,0.7674492664396099,0.0009506384579172063,0.16957115785468407,0.0052288910841204305,0.00048437585497891313,0.1691421797334898,0.006023495140035038,0.0007815216837093384
1818,4.213999999999919,control,33.265799982473254,0.00018546449618379027,87069.16494607035,87069.16494607035,7.43103500931367e-07,156.0,3.700098014227949,211.99999999999832,0.3280505411827249,18.79591147675274,52,53,0.7673938926910169,0.0009506491038104226,0.16957123015124323,0.005227854547587698,0.0004885312671357365,0.16914253336933419,0.00602108248172032,0.0007897657808755827
1819,4.214999999999919,control,33.48980005830526,0.00018753252360879702,87080.24538787258,87080.24538787258,7.400106384971815e-07,156.0,3.7088246604879207,212.4999999999983,0.3310714106579683,18.968994548144085,52,53,0.767338380506545,0.0009506598575567527,0.1695713037880563,0.005226794997026214,0.0004927224938843903,0.16914289312999656,0.006018624769658058,0.0007980486866757259
1820,4.215999999999919,control,41.68510006275028,0.00018957539719029448,87091.21108152768,87091.21108152768,7.472575388377085e-07,155.0,3.7175513067478922,212.9999999999983,0.33410949177286664,19.14306377384616,52,53,0.7672826907577529,0.0009506707386690553,0.1695713787977756,0.005225711632775815,0.0004969496689859849,0.16914325860878454,0.006016123189547428,0.0008063644845034571
1821,4.21699999999992,control,40.82390002440661,0.00019159282045985742,87102.06321535812,87102.06321535812,7.44805976952851e-07,155.0,3.726277953007864,213.4999999999983,0.33716481346905053,19.31812081209225,52,53,0.7672268987838511,0.0009506817632001272,0.16957145518664893,0.00522460431748172,0.0005012126905907716,0.16914363038115493,0.006013575106255232,0.000814720019288885
1822,4.21799999999992,control,50.30969996005297,0.00019358474622844607,87112.8029653801,87112.8029653801,7.437872336201116e-07,155.0,3.7350045992678353,213.9999999999983,0.34023740261348356,19.494167202245972,52,53,0.76717091706088,0.0009506928773927238,0.1695715329760256,0.005223472557793203,0.0005055117620851705,0.16914400785839867,0.006010983050447552,0.0008231065430288281
1823,4.21899999999992,control,45.8988999016583,0.00019555108629389792,87123.4314954311,87123.4314954311,7.422913270563075e-07,155.0,3.743731245527807,214.4999999999983,0.34332728008695684,19.671204140688538,52,53,0.7671147446537029,0.0009507040569709951,0.16957161218101344,0.005222316051307754,0.0005098464151061288,0.16914439102378226,0.006008346856808602,0.0008315230532986641
1824,4.219999999999921,control,33.89479999896139,0.00019749176645781223,87133.94995729605,87133.94995729605,7.4144231220798e-07,155.0,3.7524578917877784,214.99999999999827,0.34643446272851364,19.849232592226052,52,53,0.7670583561705903,0.0009507153473875922,0.16957169281169798,0.005221134619285429,0.000514216082006899,0.16914477973077072,0.006005667021258838,0.0008399672191428016
1825,4.220999999999921,control,34.31719995569438,0.0001994068413471808,87144.35949083205,87144.35949083205,7.411948831088655e-07,155.0,3.76118453804775,215.49999999999827,0.34955896387057345,20.028253320749887,52,53,0.7670017361663752,0.0009507267390362112,0.16957177487536557,0.005219928155547739,0.0005186200095689402,0.16914517392331616,0.006002943716251496,0.000848437522331295
1826,4.221999999999921,control,33.1573000876233,0.00020129641137313494,87154.66122409193,87154.66122409193,7.416657230568127e-07,155.0,3.7699111843077215,215.99999999999827,0.35270079352893874,20.208266900123245,52,53,0.7669448688463029,0.0009507382299334438,0.1695718583770985,0.005218696623669685,0.0005230573287125881,0.16914557355388884,0.006000177110378478,0.000856932575251575
1827,4.222999999999922,control,32.522100023925304,0.00020316063625036083,87164.85627344651,87164.85627344651,7.428529027287672e-07,155.0,3.778637830567693,216.49999999999827,0.35585995877514587,20.38927373551532,52,53,0.7668877406999752,0.00095074981406847,0.16957194332045472,0.005217440039727628,0.0005275270796886883,0.16914597859904099,0.005997367294267128,0.0008654512467567257
1828,4.223999999999922,control,32.98310004174709,0.00020499972022540238,87174.94574370554,87174.94574370554,7.447554916534745e-07,155.0,3.7873644768276646,216.99999999999827,0.3590364640251996,20.57127407994455,52,53,0.7668303398018437,0.000950761486934852,0.16957202970789373,0.0052161584626564585,0.000532028245412213,0.1691463890509289,0.005994514308897509,0.0008739925897516546
1829,4.224999999999922,control,32.39860001485795,0.0002068139048875545,87184.93072823754,87184.93072823754,7.472626559844127e-07,155.0,3.796091123087636,217.49999999999824,0.36223031127635247,20.75426804784507,52,53,0.7667726567124408,0.0009507732452214675,0.16957211754102205,0.005214851983914708,0.0005365597710208869,0.16914680492314285,0.0059916181149874135,0.0008825558960281475
1830,4.225999999999923,control,33.14750001300126,0.00020860346534273683,87194.8123090881,87194.8123090881,7.387467358816956e-07,156.0,3.8048177693476077,217.99999999999824,0.36544150197961117,20.93825572235344,52,53,0.7667147339608947,0.0009507850580170582,0.1695722068137076,0.005213520898908831,0.0005411206956474493,0.16914722665004786,0.005988677074482234,0.0008911449669696729
1831,4.226999999999923,control,32.878899946808815,0.00021036871183447028,87204.59155709724,87204.59155709724,7.419157269164434e-07,156.0,3.8135444156075793,218.49999999999824,0.36867003368762624,21.123236963246864,52,53,0.7666564465558602,0.0009507968991000369,0.16957229754148145,0.005212164969639373,0.0005457100686622543,0.16914765338817825,0.005985694657555263,0.000899749484993821
1832,4.227999999999923,control,33.93330005928874,0.00021210986853886248,87214.26953201546,87214.26953201546,7.444257665883171e-07,156.0,3.822271061867551,218.99999999999824,0.37191590096214383,21.309211458936353,52,53,0.7665978728173922,0.0009508088604669947,0.1695723897206302,0.005210784443300743,0.0005503264945031585,0.16914808572827755,0.005982668180091086,0.0009083755247974963
1833,4.228999999999924,control,32.240499975159764,0.0002138272685579238,87223.84728261865,87223.84728261865,7.485982250472881e-07,156.0,3.8309977081275224,219.49999999999824,0.3751790982387744,21.49617889060587,52,53,0.7665389892907098,0.000950820949394372,0.1695724833497135,0.005209379472113911,0.0005549690424900492,0.16914852362793442,0.005979597958379463,0.0009170216844235395
1834,4.229999999999924,control,34.3326999573037,0.00021552133424096093,87233.32584682154,87233.32584682154,7.418080753543086e-07,157.0,3.839724354387494,219.9999999999982,0.37845962083799833,21.68413899013869,52,53,0.7664798560737452,0.0009508330913677503,0.1695725784243118,0.0052079503215504905,0.0005596368866435618,0.16914896763463824,0.0059764818890632445,0.0009256924783895127
1835,4.230999999999924,control,32.01439999975264,0.00021719237994141573,87242.70625179037,87242.70625179037,7.467890009832203e-07,157.0,3.8484510006474655,220.4999999999982,0.38175746118679654,21.873091323632778,52,53,0.7664203491662412,0.0009508452400419815,0.16957267496304304,0.005206496695583401,0.0005643292909701793,0.16914941690528104,0.005973323382509721,0.0009343780975722783
1836,4.231999999999925,control,31.904299976304173,0.00021884064892424925,87251.98951405415,87251.98951405415,7.394991532992984e-07,158.0,3.857177646907437,220.9999999999982,0.3850726113655997,22.06303543733024,52,53,0.7663606070734788,0.0009508574947118285,0.16957277295995357,0.005205018922672009,0.0005690452749750625,0.1691498724720897,0.0059701179998166804,0.0009430887948581535
1837,4.232999999999925,control,34.25190004054457,0.00022046641263836155,87261.17663961471,87261.17663961471,7.447190237435262e-07,158.0,3.8659042931674086,221.4999999999982,0.3884050616466853,22.25397077387363,52,53,0.766300492874255,0.0009508697929042099,0.16957287243113808,0.005203516655057142,0.000573784220942454,0.16915033342524755,0.005966869462128257,0.0009518141714693672
1838,4.233999999999925,control,34.582799999043345,0.0002220676992406563,87270.26862405591,87270.26862405591,7.488235034074593e-07,158.0,3.87463093942738,221.9999999999982,0.3917548014036292,22.445896724413693,52,53,0.7662401022601526,0.0009508822075629307,0.1695729733807323,0.00520198996982584,0.000578545198203785,0.1691508004406828,0.005963574657423254,0.0009605605708877636
1839,4.234999999999926,control,35.62830004375428,0.00022364524677565093,87279.26645265137,87279.26645265137,7.432336582678906e-07,159.0,3.8833575856873517,222.4999999999982,0.39512182185271455,22.638812785680525,52,53,0.7661794662348487,0.0009508947352896578,0.16957307580863665,0.005200439001823159,0.0005833278942346716,0.16915127386836742,0.00596023230475874,0.0009693305595116714
1840,4.235999999999926,control,36.92770004272461,0.00022519976381425356,87288.17110047133,87288.17110047133,7.491716490157297e-07,160.0,3.8920842319473232,222.99999999999818,0.3985061134662711,22.832718411778835,52,53,0.766118527473133,0.0009509072423904575,0.16957317973295835,0.005198863453118066,0.000588132028299747,0.1691517533613142,0.0059568437974734535,0.000978119456923221
1841,4.236999999999926,control,36.913400050252676,0.00022673170335934877,87296.98353248819,87296.98353248819,7.481904451530081e-07,162.0,3.9008108782072948,223.49999999999818,0.40190766639140113,23.027613038179165,52,53,0.7660573500097155,0.0009509197907537328,0.16957328516307646,0.005197263273911077,0.0005929572647302385,0.1691522393944318,0.005953406962091394,0.0009869314161394653
1842,4.237999999999927,control,46.97869997471571,0.0002282414078534548,87305.7047036813,87305.7047036813,7.476075349915656e-07,164.0,3.9095375244672663,223.99999999999818,0.4053264691816872,23.223496009050105,52,53,0.7659958626145619,0.0009509323368426677,0.1695733921189855,0.005195638089486908,0.0005978033811322053,0.16915273151301824,0.005949923512909563,0.0009957612480633864
1843,4.238999999999927,control,43.130300007760525,0.00022972915940288802,87314.33555914027,87314.33555914027,7.465114752194054e-07,166.0,3.918264170727238,224.49999999999818,0.40876250863276636,23.42036656783739,52,53,0.7659340826374808,0.0009509449401849128,0.16957350061680065,0.0051939876273858505,0.0006026699205725324,0.16915322983198489,0.005946392591279432,0.0010046096138126058
1844,4.239999999999927,control,43.62989997025579,0.0002311951946834251,87322.87703416741,87322.87703416741,7.459210975629703e-07,168.0,3.9269908169872094,224.99999999999818,0.4122157707238161,23.618223911207064,52,53,0.7658720074807018,0.0009509576392788033,0.1695736106702592,0.005192311636467374,0.0006075565509276865,0.16915373436408193,0.00594281389564944,0.0010134760973605564
1845,4.240999999999928,control,38.267700001597404,0.00023263978204498696,87331.33005437921,87331.33005437921,7.458524119103449e-07,170.0,3.935717463247181,225.49999999999815,0.41568624117955083,23.817067221245505,52,53,0.7658096429730382,0.0009509704280914995,0.169573722294218,0.00519060984028874,0.0006124630056136161,0.16915424517590508,0.005939186912714802,0.001022360637900566
1846,4.241999999999928,control,35.86359997279942,0.0002340631418016529,87339.69553580639,87339.69553580639,7.462733203056037e-07,172.0,3.9444441095071525,225.99999999999815,0.4191739055830086,24.01689567192165,52,53,0.7657469933691505,0.0009509833010546379,0.1695738355051268,0.005188881933643296,0.0006173891094418466,0.16915476231496707,0.005935511191508451,0.0010312630654645003
1847,4.242999999999928,control,35.38479993585497,0.0002354654580902276,87347.97438499345,87347.97438499345,7.469887660473332e-07,174.0,3.953170755767124,226.49999999999815,0.42267874930695554,24.217708425156722,52,53,0.7656840625863078,0.0009509962523830204,0.16957395032083697,0.005187127580931929,0.0006223347491546372,0.16915528582134845,0.005931786288038369,0.00104018318919617
1848,4.243999999999929,control,33.240800024941564,0.00023684688897299648,87356.16749909679,87356.16749909679,7.4778428735599e-07,176.0,3.9618974020270956,226.99999999999815,0.4262007573638708,24.419504622229038,52,53,0.7656208535175212,0.000951009278156681,0.16957406676015452,0.0051853464210670965,0.0006272998495266012,0.16915581572524888,0.0059280117791427975,0.001049120765146893
1849,4.244999999999929,control,34.91209994535893,0.00023820758129522188,87364.27576598187,87364.27576598187,7.48489021186356e-07,178.0,3.970624048287067,227.49999999999815,0.4297399142660087,24.622283375756137,52,53,0.76555736789777,0.0009510223758441902,0.16957418484243553,0.005183538073441426,0.0006322843521603134,0.16915635204799362,0.005924187264480062,0.0010580754876469613
1850,4.245999999999929,control,33.77440001349896,0.00023954768107205783,87372.30006431963,87372.30006431963,7.49009297610684e-07,180.0,3.9793506945470387,227.99999999999812,0.433296203909435,24.82604376305055,52,53,0.7654936062060687,0.0009510355438091757,0.16957430458722564,0.005181702146045913,0.0006372882013793192,0.1691568948023798,0.005920312372776666,0.0010670469826416853
1851,4.24699999999993,control,39.07320008147508,0.00024086733914226006,87380.24126368132,87380.24126368132,7.493078159777643e-07,182.0,3.9880773408070103,228.49999999999812,0.4368696095243227,25.03078482327196,52,53,0.7654295677720521,0.0009510487807042065,0.1695744260140488,0.005179838242127751,0.0006423113370464958,0.16915744399396773,0.0059163867623996495,0.0010760348151905253
1852,4.24799999999993,control,35.68829991854727,0.000242166712341744,87388.10022463326,87388.10022463326,7.493742462094995e-07,184.0,3.996803987066982,228.99999999999812,0.4404601136609925,25.236505556627407,52,53,0.765365250813762,0.0009510620849777465,0.1695745491422815,0.005177945965731342,0.0006473536915558662,0.16915799962164993,0.00591241012356163,0.0010850384950463038
1853,4.24899999999993,control,36.44319996237755,0.0002434459624553592,87395.87779882958,87395.87779882958,7.492151628680074e-07,186.0,4.005530633326954,229.49999999999815,0.4440676981696258,25.44320492320887,52,53,0.7653006524238569,0.0009510754547088446,0.16957467399104503,0.005176024926233052,0.0006524151857561759,0.16915856167798776,0.00590838217985047,0.0010940574805442952
1854,4.249999999999931,control,38.57610002160072,0.000244705255541787,87403.57482910491,87403.57482910491,7.48840914726088e-07,188.0,4.014257279586926,229.99999999999815,0.447692344172831,25.65088184142149,52,53,0.7652357686767624,0.0009510888878375574,0.1695748005790874,0.005174074742640348,0.0006574957241631382,0.16915913015033496,0.005904302685856339,0.0011030911888790591
1855,4.250999999999931,control,35.43729998636991,0.0002459447621477673,87411.19214956548,87411.19214956548,7.482587793475453e-07,190.0,4.022983925846898,230.49999999999818,0.45133403204267175,25.85953518666735,52,53,0.7651705947176003,0.0009511023822658772,0.16957492892468184,0.005172095046946334,0.000662595190492417,0.16915970502187735,0.005900171424838595,0.0011121390037597328
1856,4.251999999999931,control,38.364000036381185,0.0002471646578878382,87418.73058567953,87418.73058567953,7.474811269037816e-07,192.0,4.03171057210687,230.9999999999982,0.454992741364279,26.06916378926062,52,53,0.7651051248042339,0.0009511159359293828,0.1695750590455081,0.005170085487545418,0.0006677134427043126,0.16916028627234594,0.00589598820794812,0.0011212002790448607
1857,4.252999999999932,control,33.369199954904616,0.00024836512450697755,87426.19095436693,87426.19095436693,7.465223440716261e-07,194.0,4.040437218366842,231.4999999999982,0.45866845091210323,26.27976643306689,52,53,0.7650393524363368,0.0009511295468595353,0.16957519095857498,0.005168045731739895,0.0006728503097993461,0.16916087387906875,0.005891752871445239,0.0011302743455453492
1858,4.253999999999932,control,36.40650003217161,0.00024954635155170584,87433.57406408759,87433.57406408759,7.495542565954626e-07,195.0,4.049163864626814,231.99999999999824,0.46236113867520706,26.491341856952342,52,53,0.7649732434783364,0.0009511431747318416,0.16957532468386866,0.005165975364990495,0.0006780054821596789,0.16916146763143458,0.005887465975749664,0.0011393589015421602
1859,4.254999999999932,control,36.273299949243665,0.00025070850440008207,87440.88071492898,87440.88071492898,7.487632334578654e-07,197.0,4.057890510886786,232.49999999999827,0.46607078178858224,26.703888750848513,52,53,0.7649068445565189,0.0009511569494836605,0.1695754602301106,0.005163874291296522,0.000683178824448429,0.16916206786048288,0.00588312597367656,0.0011484564928122983
1860,4.255999999999933,control,36.46819991990924,0.0002518518929894878,87448.111698693,87448.111698693,7.478558798020159e-07,199.0,4.066617157146758,232.99999999999827,0.4697973567270804,26.91740576686368,52,53,0.7648401190323275,0.0009511707286970492,0.1695755976131585,0.005161742190855432,0.0006883701106180626,0.16916267438139435,0.005878733541385644,0.001157564700382684
1861,4.256999999999933,control,51.30319995805621,0.0002529766793750843,87455.2677989817,87455.2677989817,7.466368699748397e-07,201.0,4.07534380340673,233.4999999999983,0.47354083888200743,27.131891495023538,52,53,0.7647730627718238,0.0009511845471855197,0.16957573684843236,0.005159578805128718,0.0006935790263001234,0.16916328717592144,0.0058742884942774186,0.001166683000799521
1862,4.257999999999933,control,43.88800007291138,0.00025408306744957994,87462.3497912822,87462.3497912822,7.489186441442041e-07,202.0,4.084070449666702,233.99999999999832,0.47730120288223293,27.347344481669392,52,53,0.7647056412957772,0.0009511983778959706,0.16957587795225437,0.005157383822247433,0.000698805118270444,0.16916390604863887,0.0058697913989189145,0.001175809258131321
1863,4.258999999999934,control,42.22830000799149,0.00025517125622219385,87469.35844305079,87469.35844305079,7.480894647116774e-07,204.0,4.092797095926674,234.49999999999835,0.48107842209289453,27.563763200736037,52,53,0.7646378935909504,0.0009512123461809972,0.16957602093018861,0.005155157233253587,0.0007040480996563239,0.16916453128687414,0.005865240968631747,0.0011849454792743517
1864,4.259999999999934,control,45.425400021485984,0.0002562415901035144,87476.29451379592,87476.29451379592,6.863783514158337e-07,206.0,4.101523742186646,234.99999999999835,0.4848724695744606,27.781146108702014,52,53,0.7645697806144688,0.0009512264022935526,0.16957616579091792,0.005152898884143395,0.000709307605869691,0.16916516273148405,0.00586063779059963,0.0011940898186668077
1865,4.260999999999934,control,36.735399975441396,0.00025729426788261787,87483.15875516082,87483.15875516082,5.978513574409998e-07,205.0,4.110250388446618,235.49999999999838,0.48868331800549364,27.999491640164255,52,53,0.7645012341255254,0.0009512404275593727,0.16957631255718458,0.005150608341911626,0.0007145828959967351,0.16916579992690303,0.005855983423884123,0.0012032379124807106
1866,4.261999999999935,control,34.78550002910197,0.000258329398849621,87489.95191100465,87489.95191100465,6.659171767362356e-07,202.0,4.11897703470659,235.9999999999984,0.4925109394744161,28.218798195907176,52,53,0.7644322781076441,0.0009512543412473281,0.16957646124956255,0.00514828534046502,0.0007198733000827698,0.16916644292933722,0.005851277493523327,0.0012123891186713027
1867,4.262999999999935,control,36.391900037415326,0.0002593472941298036,87496.67471748314,87496.67471748314,6.553515502640019e-07,200.0,4.127703680966562,236.4999999999984,0.4963553079636605,28.439064285233968,52,53,0.7643629322673924,0.0009512685577911672,0.1695766118564872,0.005145930204337984,0.0007251786917714187,0.16916709204982383,0.0058465186063220275,0.0012215467890519813
1868,4.263999999999935,control,33.02079997956753,0.00026034842770578467,87503.32790312867,87503.32790312867,7.069954407373114e-07,198.0,4.136430327226534,236.99999999999844,0.5002163939242502,28.66028821511297,52,53,0.7642931966035722,0.0009512826816565256,0.16957676439238556,0.00514354277167306,0.0007304986306246685,0.16916774726764114,0.005841707121489859,0.0012307088591589558
1869,4.264999999999936,control,34.84570002183318,0.0002613330340881517,87509.9121889288,87509.9121889288,6.124905422386919e-07,196.0,4.145156973486506,237.49999999999847,0.5040941698249871,28.882468408122737,52,53,0.7642230421503083,0.0009512970268462563,0.16957691885703333,0.005141123115914127,0.0007358327884058964,0.1691684085272898,0.00583684294001486,0.00123987571329682
1870,4.265999999999936,control,32.19489997718483,0.0002623014018465576,87516.42828840473,87516.42828840473,6.345849430301437e-07,192.0,4.153883619746478,237.99999999999847,0.5079886044607389,29.105603076340884,52,53,0.7641524441137039,0.0009513111408617045,0.16957707528503219,0.005138670697126025,0.0007411803040553683,0.16916907548914611,0.00583192741738443,0.00124904266050747
1871,4.266999999999936,control,32.32589992694557,0.0002632536655217364,87522.8769076884,87522.8769076884,6.58987814640687e-07,188.0,4.16261026600645,238.4999999999985,0.5118996701078546,29.329690631319217,52,53,0.764081411783117,0.0009513253791689567,0.1695772336690924,0.005136185727488354,0.0007465408227173881,0.16916974837232113,0.005826959457677717,0.0012582119706693422
1872,4.267999999999937,control,33.4100000327453,0.0002641902695294343,87529.2587455992,87529.2587455992,7.057251267457339e-07,183.0,4.171336912266422,238.99999999999852,0.5158273350339432,29.554729254925654,52,53,0.76400991915395,0.0009513396215680884,0.1695773940355223,0.005133667859867815,0.000751913634248451,0.16917042687574824,0.005821940112677234,0.0012673805220728702
1873,4.268999999999937,control,33.7065999628976,0.00026511147390745137,87535.57449371953,87535.57449371953,7.222619808520745e-07,179.0,4.180063558526394,239.49999999999855,0.5197715700237177,29.780717273247557,52,53,0.7639380078397376,0.0009513540548970912,0.16957755636286212,0.005131117565321202,0.0007572985319578348,0.16917111151678288,0.00581686746574412,0.0012765520335682894
1874,4.269999999999937,control,33.19680003914982,0.0002660177977557349,87541.82483646982,87541.82483646982,7.458641725390785e-07,177.0,4.188790204786366,239.99999999999855,0.5237323400361509,30.00765267858196,52,53,0.763865747414562,0.0009513683525902905,0.169577720633672,0.005128535287341607,0.0007626951322218825,0.16917180293346942,0.005811739677967447,0.0012857289013058647
1875,4.270999999999938,control,33.213599934242666,0.0002669097738088534,87548.01045118274,87548.01045118274,7.494253642992775e-07,183.0,4.197516851046338,240.49999999999858,0.5277095945761207,30.235532577771473,52,53,0.7637933063263739,0.0009513830785384633,0.16957788678972413,0.005125922276656044,0.0007681025941014517,0.16917250297749095,0.005806549954834524,0.0012949229530531442
1876,4.271999999999938,control,37.18690003734082,0.0002677885858434318,87554.1320081765,87554.1320081765,7.492784659806855e-07,185.0,4.20624349730631,240.9999999999986,0.5317032915647355,30.46435455987321,52,53,0.7637204202984351,0.0009513973548572393,0.1695780549139328,0.005123277383304779,0.0007735201181566256,0.16917320876686606,0.005801309592250682,0.0013041130390164047
1877,4.272999999999938,control,35.341199953109026,0.00026865320744952033,87560.19017082767,87560.19017082767,7.48777497506314e-07,185.0,4.214970143566282,241.4999999999986,0.5357134002185936,30.694116861128165,52,53,0.7636471312169262,0.0009514118606929793,0.16957822501788605,0.005120600463621519,0.000778946855023959,0.16917392063540673,0.005796016300480178,0.0013133024878152768
1878,4.273999999999939,control,33.286400022916496,0.0002695039485643032,87566.18559564282,87566.18559564282,7.465675155701008e-07,185.0,4.223696789826254,241.99999999999864,0.5397398909147177,30.92481778426477,52,53,0.7635734952076207,0.0009514265650129424,0.16957839710639752,0.005117891498086785,0.0007843825555253663,0.1691746390378809,0.005790668468535238,0.0013224932121325937
1879,4.274999999999939,control,37.90080000180751,0.00027034121497855775,87572.11893232986,87572.11893232986,7.485589613856918e-07,184.0,4.232423436086226,242.49999999999866,0.54378273901239,31.156455917473888,52,53,0.7634994107543316,0.0009514411562680753,0.1695785712092985,0.005115149873434192,0.000789827135100165,0.1691753634422847,0.005785268231786829,0.0013316805804700757
1880,4.275999999999939,control,33.20619999431074,0.00027116485078275995,87577.99082386828,87577.99082386828,7.46485858671004e-07,185.0,4.241150082346198,242.99999999999866,0.5478419124362189,31.389029422970953,52,53,0.7634249685785677,0.0009514559236723935,0.16957874732993747,0.005112375743323643,0.0007952806598707754,0.16917609438141212,0.005779813371956059,0.0013408684068195779
1881,4.27699999999994,control,39.6654000505805,0.00027197512850236206,87583.8019065791,87583.8019065791,7.474927419709099e-07,185.0,4.24987672860617,243.4999999999987,0.551917382653659,31.62253666596153,52,53,0.763350031147352,0.0009514704239995994,0.16957892549840062,0.0051095684793285405,0.0008007428638307528,0.1691768310441396,0.005774307095477391,0.0013500502366185479
1882,4.27799999999994,control,40.002900059334934,0.0002727716863130867,87589.55281019348,87589.55281019348,7.464613563971528e-07,186.0,4.258603374866142,243.99999999999872,0.5560091137390608,31.85697558805754,52,53,0.7632746817395536,0.000951485029275279,0.169579105719078,0.00510672821517218,0.0008062133974185903,0.16917757384825824,0.005768747397883796,0.0013592292374926397
1883,4.27899999999994,control,43.039800017140806,0.0002735547867390893,87595.24415792126,87595.24415792126,7.485984132774289e-07,186.0,4.267330021126114,244.49999999999872,0.5601170722955585,32.092344275759515,52,53,0.7631988347361632,0.0009514994935142883,0.1695792880094945,0.0051038546014725485,0.0008116916954314694,0.16917832230620888,0.005763136182938016,0.0013684013031148665
1884,4.279999999999941,control,46.120300074107945,0.000274324354664132,87600.87656651827,87600.87656651827,7.484691281496254e-07,187.0,4.276056667386086,244.99999999999875,0.5642412192692764,32.3286404914452,52,53,0.7631225866714115,0.0009515141198382386,0.16957947236548265,0.005100947919078074,0.0008171772833992117,0.16917907696246148,0.005757471155528199,0.0013775698971015215
1885,4.280999999999941,control,39.42699998151511,0.0002750808251733841,87606.45064635338,87606.45064635338,7.475961030263459e-07,188.0,4.284783313646058,245.49999999999878,0.568381517148734,32.56586208586508,52,53,0.7630459056949179,0.0009515287088253439,0.16957965879252793,0.005098008098235409,0.0008226696310482274,0.16917983768151693,0.005751753011537139,0.0013867330594327203
1886,4.281999999999941,control,37.73219999857247,0.00027582435334784066,87611.96700147445,87611.96700147445,7.498269963883088e-07,188.0,4.29350995990603,245.9999999999988,0.5725379299803367,32.80400699902994,52,53,0.7629687558537088,0.0009515432204727349,0.1695798473079243,0.00509503488883623,0.0008281681793101369,0.16918060419238382,0.0057459826267207475,0.0013958886014055366
1887,4.282999999999942,control,40.478199953213334,0.00027655498820012994,87617.42622967386,87617.42622967386,7.493840328573595e-07,189.0,4.302236606166002,246.4999999999988,0.5767104183062954,33.043072970174975,52,53,0.7628912308732045,0.0009515579177841586,0.16958003790901371,0.005092028533676296,0.0008336725937196339,0.16918137703290279,0.0057401577972665705,0.0014050397562641037
1888,4.283999999999942,control,48.976599937304854,0.0002772731821692095,87622.82892255332,87622.82892255332,5.454916664951503e-07,190.0,4.310963252425974,246.99999999999883,0.5808989489997634,33.28305810127169,52,53,0.7628135303320872,0.0009515649919522241,0.16958023056266552,0.005088989287543899,0.0008391835977383875,0.16918215761305286,0.005734281787779333,0.0014141718148660176
1889,4.284999999999942,control,43.373099993914366,0.000277978835192567,87628.17566558803,87628.17566558803,4.845503049846694e-07,189.0,4.3196898986859456,247.49999999999886,0.5851035057666234,33.52396145873595,52,53,0.7627351256746532,0.0009515720923750315,0.16958042541784166,0.005085914860220965,0.0008447011004520438,0.16918294219475308,0.005728360037503328,0.0014232862096077701
1890,4.285999999999943,control,41.68310004752129,0.00027867251597539597,87633.46703818992,87633.46703818992,7.050972321277053e-07,186.0,4.3284165449459175,247.99999999999886,0.5893240533661305,33.76578102342177,52,53,0.7626552939078235,0.0009515988402537883,0.16958062262678678,0.005082803407247529,0.000850222413538672,0.1691837258734317,0.0057223892470967255,0.0014324107622824011
1891,4.286999999999943,control,49.77719997987151,0.00027935507184895643,87638.7036137707,87638.7036137707,5.236112897238429e-07,184.0,4.3371431912058895,248.4999999999989,0.5935605246775427,34.00851294959395,52,53,0.7625758159708906,0.0009516062163384839,0.1695808217812489,0.00507966046274109,0.0008557495080405353,0.16918452095259334,0.005716366139597381,0.001441501951688825
1892,4.287999999999943,control,47.11769998539239,0.00028002480395289013,87643.88595980384,87643.88595980384,6.999225403139237e-07,180.0,4.3458698374658615,248.99999999999892,0.5978129047241685,34.252156379151245,52,53,0.7624953113798918,0.0009516261589253799,0.16958102324377453,0.005076481252556862,0.0008612797612058188,0.16918531755910615,0.005710291953742074,0.0014505957651759428
1893,4.288999999999944,control,55.1273999735713,0.00028068294157750697,87649.01463788607,87649.01463788607,6.490528282123775e-07,176.0,4.3545964837258335,249.49999999999892,0.6020811408026113,34.49670829241149,52,53,0.762414685399187,0.0009516376367631359,0.16958122679195078,0.0050732687334186476,0.0008668141621145257,0.16918612212499898,0.0057041658639936915,0.0014596676891253752
1894,4.289999999999944,control,47.42640000768006,0.0002813289044382006,87654.09020379827,87654.09020379827,6.28378500728499e-07,171.0,4.3633231299858055,249.99999999999895,0.6063652070121976,34.742167205375395,52,53,0.7623335169034665,0.0009516495309021936,0.16958143256108543,0.005070021048370331,0.0008723520164787386,0.16918693151732228,0.005697989458393834,0.0014687255840927832
1895,4.290999999999944,control,46.30449996329844,0.0002819633171027719,87659.11320756577,87659.11320756577,7.197092683326551e-07,165.0,4.3720497762457775,250.49999999999898,0.6106650675987085,34.98853106947712,52,53,0.762251607653227,0.0009516653014433698,0.16958164058996827,0.005066737642588377,0.0008778925629735155,0.16918774446571624,0.005691763663669219,0.0014777718526996896
1896,4.291999999999945,control,46.08619993086904,0.0002825866205347355,87664.08419351782,87664.08419351782,5.682937553067409e-07,159.0,4.3807764225057495,250.999999999999,0.6149806813834799,35.235797525353,52,53,0.7621695245126802,0.000951671293836952,0.16958185077174942,0.005063419883323376,0.0008834367629494526,0.16918856477443897,0.0056854891885384905,0.001486789193409468
1897,4.292999999999945,control,43.39649993926287,0.00028319878097926685,87669.00370034661,87669.00370034661,5.873815685953915e-07,152.0,4.3895030687657215,251.499999999999,0.619312029861852,35.48396551276412,52,53,0.7620864148175663,0.0009516827688287576,0.16958206328945646,0.005060065129412039,0.0008889836538327128,0.1691893867718018,0.005679170562383418,0.001495789807256924
1898,4.293999999999945,control,40.44739995151758,0.00028380071859093227,87673.87226116577,87673.87226116577,6.632172113647844e-07,145.0,4.3982297150256935,251.99999999999903,0.6236590735400751,35.73303276888534,52,53,0.7620023840244395,0.0009516955260159152,0.16958227806025883,0.005056674488629006,0.000894533326483263,0.16919021172091067,0.005672808274028364,0.0015047689516956091
1899,4.294999999999946,control,42.32800006866455,0.0002843925773258369,87678.69040356796,87678.69040356796,7.449473148283739e-07,138.0,4.4069563612856655,252.49999999999906,0.6280217665914648,35.98299666804102,52,53,0.7619175600982729,0.0009517091666092879,0.16958249509685971,0.005053247927739679,0.0009000846306511219,0.1691910402131244,0.005666399936131055,0.0015137278709899471
1900,4.295999999999946,control,42.808900005184114,0.000284974411670687,87683.45864968222,87683.45864968222,7.476574886336171e-07,137.0,4.4156830075456375,252.99999999999906,0.6324000922600309,36.23385625018365,52,53,0.7618303163021123,0.0009517326812133861,0.16958271404186598,0.00504978909478785,0.0009056376987828679,0.16919187010195041,0.005659951295037713,0.0015226775682460544
1901,4.296999999999946,control,57.339999941177666,0.0002855470413905602,87688.17751623034,87688.17751623034,7.488855445354798e-07,147.0,4.4244096538056095,253.4999999999991,0.6367938995291732,36.4856028626994,52,53,0.7617438548754308,0.0009517608949166142,0.1695829351355321,0.005046298295289003,0.0009111897003401784,0.16919271332234062,0.005653416800973565,0.001531659568792604
1902,4.297999999999947,control,58.089999947696924,0.0002861112282328061,87692.84751458316,87692.84751458316,7.471937231900701e-07,147.0,4.4331363000655815,253.99999999999912,0.64120319633209,36.73823696012706,52,53,0.7616594050264972,0.000951773557534258,0.16958315860158826,0.005042772354612858,0.0009167444637968741,0.1691935704631599,0.0056468060650499315,0.0015406332871243575
1903,4.298999999999947,control,41.4831000380218,0.0002866609329744617,87697.46915081564,87697.46915081564,7.478288835425458e-07,147.0,4.4418629463255535,254.49999999999912,0.6456279579837148,36.9917571281165,52,53,0.7615747434380729,0.000951787536834576,0.16958338438893578,0.0050392103644689564,0.0009222982468095223,0.16919443345078605,0.005640137849542999,0.0015495962945258094
1904,4.299999999999947,control,45.38790008518845,0.00028720081768965664,87702.04292576194,87702.04292576194,7.481283133982302e-07,147.0,4.4505895925855254,254.99999999999915,0.6500681434608683,37.246161016212675,52,53,0.7614897369911943,0.0009518020884221975,0.16958361242879685,0.005035613269464479,0.0009278504803453729,0.16919530255028545,0.005633413759144372,0.0015585463090249307
1905,4.300999999999948,control,37.717800005339086,0.00028773217322847075,87706.56933506968,87706.56933506968,7.380784731845305e-07,148.0,4.459316238845497,255.49999999999918,0.6545237118830693,37.50144628213656,52,53,0.7614044208877758,0.0009518168691579476,0.16958384270676702,0.005031981439067319,0.0009334012312669109,0.1691961781497184,0.005626633342477082,0.0015674837632712918
1906,4.301999999999948,control,38.948000059463084,0.0002882554107857101,87711.04886925344,87711.04886925344,7.419861412124389e-07,148.0,4.468042885105469,255.9999999999992,0.658994625695178,37.757610774137135,52,53,0.7613186219335821,0.0009518311178376298,0.16958407526134606,0.005028314207139343,0.0009389501435058899,0.1691970590481545,0.005619801552407272,0.0015764010420061514
1907,4.302999999999948,control,43.51480002515018,0.0002887698333980577,87715.4820137482,87715.4820137482,7.478816770237491e-07,148.0,4.476769531365441,256.4999999999992,0.6634808438739074,38.014652141753196,52,53,0.7612323908715312,0.00095184550686448,0.16958431010202493,0.005024611642809067,0.000944497168193021,0.16919794544041622,0.005612917054555399,0.0015853005387428828
1908,4.303999999999949,control,54.17759995907545,0.000289275519798722,87719.86924896181,87719.86924896181,7.401341066447975e-07,149.0,4.485496177625413,256.9999999999992,0.6679823262014,38.27256808067125,52,53,0.7611458025899748,0.0009518601965783499,0.16958454722378694,0.0050208739398918375,0.0009500425368931181,0.16919883787884307,0.0056059778935812704,0.0015941849888632897
1909,4.304999999999949,control,60.842699953354895,0.00028977269391890486,87724.21105032698,87724.21105032698,7.428496588622909e-07,149.0,4.494222823885385,257.49999999999926,0.6724990338789036,38.531356367886545,52,53,0.7610587057140753,0.0009518743889978963,0.1695847866606818,0.005017100459085629,0.0009555856582640612,0.16919973533409202,0.005598988307582482,0.0016030475182166547
1910,4.305999999999949,control,61.527099926024675,0.00029026073770340187,87728.50788835298,87728.50788835298,7.459506584648178e-07,149.0,4.502949470145357,257.99999999999926,0.6770309233066856,38.79101450531841,52,53,0.7609711610139599,0.0009518887326624727,0.1695850284146738,0.0050132913771130695,0.0009611261056395195,0.16920063809739422,0.0055919466519989075,0.0016118905147756296
1911,4.30699999999995,control,69.02749999426305,0.0002907399290527243,87732.76022867637,87732.76022867637,7.484835484642235e-07,149.0,4.511676116405329,258.49999999999926,0.6815779515967625,39.0515400356664,52,53,0.7608831738424111,0.0009519031330547451,0.16958527248511104,0.005009446783562748,0.0009666634656951593,0.16920154624484965,0.0055848528889996495,0.001620713586924589
1912,4.30799999999995,control,61.80539994966239,0.00029121043777324146,87736.96853211177,87736.96853211177,7.779339761133923e-07,147.0,4.520402762665301,258.9999999999993,0.6861400763471514,39.31293052947586,52,53,0.7607945887555283,0.0009519169904661712,0.1695855189017333,0.005005566188280792,0.0009721966665061186,0.16920245867119543,0.005577711371418872,0.0016295099144559447
1913,4.30899999999995,control,70.98860002588481,0.0002916718518547915,87741.1332547016,87741.1332547016,7.699415602071097e-07,148.0,4.529129408925273,259.4999999999993,0.6907172498280955,39.575183252033156,52,53,0.7607058017041793,0.000951932129507845,0.1695857676087898,0.005001650943384465,0.0009777264003510756,0.1692033779913874,0.005570511530373524,0.0016382947861088696
1914,4.309999999999951,control,62.758599990047514,0.000292125769004148,87745.25484776551,87745.25484776551,7.711982069968939e-07,148.0,4.537856055185245,259.9999999999994,0.6953094340621249,39.83829602738956,52,53,0.7606165273263523,0.0009519463962633267,0.16958601864897468,0.004997700017333254,0.0009832520216888421,0.16920430246289947,0.005563261482569974,0.0016470553989672498
1915,4.310999999999951,control,49.34729996602982,0.0002925711677368161,87749.33375794928,87749.33375794928,7.737398838645623e-07,148.0,4.546582701445217,260.4999999999994,0.6999165837484781,40.10226626000262,52,53,0.7605268258296614,0.0009519606870626994,0.169586272035664,0.00499371342465175,0.0009887730714739805,0.16920523222101563,0.005555959684906792,0.0016557940248141565
1916,4.311999999999951,control,49.84290001448244,0.00029300823441269936,87753.3704272734,87753.3704272734,7.76065508235528e-07,148.0,4.555309347705189,260.9999999999994,0.7045386545617501,40.36709141021371,52,53,0.7604367056433077,0.0009519750262657242,0.16958652776971891,0.004989691223651307,0.0009942891699259008,0.16920616733291505,0.00554860597030146,0.0016645105473266765
1917,4.312999999999952,control,52.5384999345988,0.00029343715986751567,87757.36529318072,87757.36529318072,7.782798823586811e-07,148.0,4.564035993965161,261.49999999999943,0.7091756021149025,40.63276893483285,52,53,0.760346176044455,0.0009519893614995761,0.16958678585578796,0.0049856334071238136,0.0009997999331259647,0.16920710783396473,0.005541200279573839,0.0016732045621484157
1918,4.313999999999952,control,52.26390005555004,0.00029385808027130385,87761.31878858397,87761.31878858397,7.666942940733122e-07,149.0,4.572762640225133,261.99999999999943,0.7138273813775109,40.89929625380679,52,53,0.7602553267208123,0.0009520039645282362,0.16958704628740146,0.004981540191047532,0.001005305336964991,0.16920805429718772,0.00553374041329311,0.0016818787139044346
1919,4.314999999999952,control,48.58920001424849,0.00029427139389329323,87765.23134191276,87765.23134191276,7.673007079039353e-07,149.0,4.581489286485105,262.49999999999943,0.718493949660235,41.1666709212165,52,53,0.760164004356171,0.0009520180216653959,0.16958730909523034,0.004977410989016991,0.0010108046225121244,0.16920900567632158,0.005526230696437628,0.0016905264520603303
1920,4.315999999999953,control,51.19939998257905,0.0002946765879971588,87769.10337715982,87769.10337715982,7.693237984447471e-07,149.0,4.590215932745077,262.9999999999995,0.7231752602906225,41.434890262927425,52,53,0.7600722840002744,0.0009520322404765546,0.16958757428003107,0.004973245983007026,0.0010162974126421134,0.16920996232516788,0.0055186691745838685,0.00169915035474703
1921,4.316999999999953,control,53.80560003686696,0.0002950740373031928,87772.93531392707,87772.93531392707,7.714274238167556e-07,149.0,4.598942579005049,263.4999999999995,0.7278712682287027,41.70395169833935,52,53,0.7599801793795259,0.0009520465100670209,0.16958784184258816,0.00496904520248215,0.001021783407554729,0.16921092435293397,0.00551105564240692,0.0017077502043722865
1922,4.317999999999953,control,54.6372999669984,0.00029546394094673165,87776.72756747111,87776.72756747111,7.736365911193816e-07,149.0,4.607669225265021,263.9999999999995,0.7325819285434342,41.97385265309323,52,53,0.7598876990416698,0.0009520607637527104,0.16958811179005895,0.004964808572944837,0.0010272623126188019,0.16921189177573212,0.005503390079439274,0.0017163255604846985
1923,4.318999999999954,control,52.4652999592945,0.0002958464141408307,87780.48054874815,87780.48054874815,7.758775759345605e-07,149.0,4.616395871524993,264.49999999999955,0.7373071962211188,42.24459054809415,52,53,0.7597948486265715,0.0009520749936492425,0.1695883841309861,0.004960535995278502,0.0010327338394621347,0.16921286457929843,0.005495672501124224,0.0017248760068986646
1924,4.319999999999954,control,63.835800043307245,0.00029622156011538387,87784.19466445856,87784.19466445856,7.780505549808201e-07,149.0,4.625122517784965,264.99999999999955,0.7420470261072166,42.516162796177525,52,53,0.7597016332117026,0.0009520892002295116,0.16958865887387597,0.0049562273677584215,0.001038197692383053,0.16921384274750612,0.005487902921786126,0.0017334011315690934
1925,4.320999999999954,control,45.0692999875173,0.00029658948496692175,87787.87031709096,87787.87031709096,7.661486015677954e-07,150.0,4.633849164044937,265.49999999999955,0.7468013722990143,42.78856676731163,52,53,0.7596081425361638,0.000952103677092441,0.1695889360146782,0.004951882828431084,0.0010436539178772268,0.169214826837987,0.00548007912855292,0.0017419034466174775
1926,4.321999999999955,control,43.48210000898689,0.0002969505834869609,87791.50790496581,87791.50790496581,7.664434960740645e-07,150.0,4.642575810304909,265.9999999999996,0.7515701913238988,43.061799970699205,52,53,0.7595142170517818,0.0009521175837296093,0.16958921558469534,0.004947501759357296,0.0010491017575349998,0.16921581577748424,0.005472205558965149,0.001750376596595196
1927,4.322999999999955,control,40.56900006253272,0.0002973043207603701,87795.10782227862,87795.10782227862,7.680873803260576e-07,150.0,4.651302456564881,266.4999999999996,0.7563534354946319,43.33585967406276,52,53,0.7594199301402104,0.0009521316491564177,0.16958949758499228,0.004943084319390895,0.0010545408567461175,0.16921680990188512,0.005464280300649561,0.0017588229858004829
1928,4.323999999999955,control,47.6267000194639,0.0002976510805635517,87798.67045914274,87798.67045914274,7.697987528328055e-07,150.0,4.660029102824853,266.9999999999996,0.7611510587991759,43.61074324110674,52,53,0.7593252942792419,0.0009521457596811178,0.1695897820163312,0.004938630523661596,0.001059970921049517,0.1692178093098566,0.005456303192260238,0.0017672423410168836
1929,4.324999999999956,control,43.64830011036247,0.0002979910628011969,87802.19620163133,87802.19620163133,7.716283387900842e-07,150.0,4.668755749084825,267.49999999999966,0.7659630153144465,43.88644804063223,52,53,0.759230316054247,0.0009521598484371209,0.16959006888548886,0.004934140290911479,0.0010653916566993914,0.16921881400442645,0.005448274270426869,0.0017756341796243494
1930,4.325999999999956,control,37.568300031125546,0.0002983243812640087,87805.68543181955,87805.68543181955,7.735361581894434e-07,150.0,4.677482395344797,267.99999999999966,0.7707892590387421,44.16297143693586,52,53,0.7591349992520856,0.0009521739071280864,0.16959035820037877,0.0049296135219437185,0.001070802771096948,0.16921982396020682,0.0054401936037954245,0.001783998050310202
1931,4.326999999999956,control,39.383299998007715,0.00029865113651201175,87809.1385278258,87809.1385278258,7.754161137759673e-07,150.0,4.686209041604769,268.49999999999966,0.775629743859072,44.44031078793791,52,53,0.7590393474878301,0.0009521879363840411,0.1695906499686837,0.004925050121023249,0.0010762039650875888,0.16922083915247377,0.005432061253016222,0.0017923335193196757
1932,4.327999999999957,control,38.4673000080511,0.0002989714303582309,87812.55586385271,87812.55586385271,7.772078929506235e-07,150.0,4.694935687864741,268.9999999999997,0.7804844235121343,44.718463442946415,52,53,0.7589433641312802,0.0009522019358023629,0.16959094419761214,0.0049204500016541575,0.0010815949274369282,0.1692218595570233,0.005423877286439275,0.0018006401440687127
1933,4.328999999999957,control,41.57220001798123,0.0002992853677564529,87815.93781022774,87815.93781022774,7.78914540769413e-07,150.0,4.703662334124713,269.4999999999997,0.7853532515515926,44.99742674078233,52,53,0.7588470523499957,0.0009522159048945658,0.1695912408937919,0.004915813090349576,0.001086975331786107,0.16922288515008455,0.005415641782420263,0.0018089174722619769
1934,4.329999999999957,control,40.5027000233531,0.0002995930583815624,87819.28473344313,87819.28473344313,7.663968480096581e-07,151.0,4.712388980384685,269.9999999999998,0.790236180657505,45.2771979702127,52,53,0.7587505035766043,0.0009522301510470928,0.1695915400514308,0.00491113954887158,0.0010923452087605713,0.16922391649264518,0.005407352531000265,0.0018171678463457447
1935,4.330999999999958,control,38.62939996179193,0.0002998949152352118,87822.59699619593,87822.59699619593,7.663782621131976e-07,151.0,4.721115626644657,270.4999999999998,0.7951331663161741,45.55777458079053,52,53,0.7586535518892878,0.0009522437990825132,0.16959184169910446,0.0049064288156370605,0.0010977037421085456,0.16922495249548233,0.005399014117398074,0.001825385187279185
1936,4.331999999999958,control,40.072200004942715,0.0003001903772809893,87825.87495742702,87825.87495742702,7.677799732197178e-07,151.0,4.729842272904629,270.9999999999998,0.8000441596349677,45.839153771174345,52,53,0.7585562714308849,0.0009522576044928046,0.1695921458354945,0.004901681097951435,0.0011030505752415703,0.16922599349515444,0.0053906246433354345,0.00183357177165218
1937,4.332999999999958,control,41.00650001782924,0.0003004798377910966,87829.11897236013,87829.11897236013,7.692764695598368e-07,151.0,4.738568919164601,271.49999999999983,0.8049691135890279,46.12133284703826,52,53,0.7584586753136234,0.0009522714490901021,0.16959245245921895,0.004896896454878963,0.0011083854006426533,0.16922703959607707,0.005382183970485517,0.0018417273259401508
1938,4.333999999999959,control,38.42670004814863,0.0003007634943779498,87832.32939254036,87832.32939254036,7.709098336423198e-07,151.0,4.747295565424573,271.99999999999983,0.8099079812641907,46.40430912039868,52,53,0.7583607694290821,0.0009522852646453827,0.169592761574719,0.004892074852098104,0.0011137079033575127,0.1692280908009161,0.005373692181222337,0.001849851367827561
1939,4.334999999999959,control,40.65079998690635,0.00030104145925267375,87835.50656587223,87835.50656587223,7.726098551200393e-07,151.0,4.756022211684545,272.49999999999983,0.8148607157173444,46.68807990161342,52,53,0.7582625572113224,0.0009522990434378175,0.16959307318743788,0.004887216240938523,0.0011190177675085861,0.16922914708624934,0.0053651493806931875,0.001857943457230182
1940,4.335999999999959,control,40.28650000691414,0.00030131383300259485,87838.65083665735,87838.65083665735,7.742765375387403e-07,151.0,4.764748857944517,272.9999999999999,0.8198272699409458,46.97264249734865,52,53,0.7581640418977392,0.0009523127861558546,0.16959338730241658,0.004882320581606588,0.001124314665852924,0.16923020842984335,0.00535655566866578,0.0018660031660970135
1941,4.33699999999996,control,65.44580007903278,0.0003015807194218852,87841.76254563182,87841.76254563182,7.758597574883917e-07,151.0,4.773475504204489,273.4999999999999,0.824807596826343,47.25799420847745,52,53,0.7580652267220466,0.0009523264929116713,0.16959370392405257,0.004877387849208126,0.0011295982565324861,0.16923127481153033,0.005347911150511336,0.0018740300602784802
1942,4.33799999999996,control,56.99899990577251,0.0003018422273188216,87844.84203000306,87844.84203000306,7.773667112114823e-07,151.0,4.782202150464461,273.9999999999999,0.8298016491693319,47.54413233039813,52,53,0.7579661149169533,0.0009523401632629327,0.16959402305615573,0.004872418032986679,0.001134868186272659,0.1692323462121114,0.005339215940558188,0.001882023699223381
1943,4.33899999999996,control,49.9072999227792,0.00030209846873222013,87847.88962348642,87847.88962348642,7.788422190746289e-07,151.0,4.790928796724433,274.49999999999994,0.8348093796730965,47.831054153202764,52,53,0.7578667098021677,0.0009523537970896935,0.16959434470195578,0.0048674111364962035,0.0011401240910629907,0.1692334226140169,0.0053304701587102215,0.0018899836400554572
1944,4.339999999999961,control,62.40660010371357,0.0003023495590597201,87850.90565634142,87850.90565634142,7.65939937079161e-07,152.0,4.799655442984405,274.99999999999994,0.8398307401024422,48.11875691321827,52,53,0.7577671067249657,0.0009523677158953409,0.16959466885275923,0.004862367382945855,0.0011453659821577154,0.16923450459494835,0.005321671568567578,0.0018979120862241791
1945,4.340999999999961,control,44.227100093849,0.0003025959317354269,87853.89045540722,87853.89045540722,7.658389666114484e-07,152.0,4.808382089244377,275.49999999999994,0.8448656856063466,48.407238040670364,52,53,0.7576671338373482,0.0009523810083586964,0.16959499553369461,0.0048572862921433995,0.0011505929905546866,0.16923559105450187,0.00531282490670912,0.0019058032765400276
1946,4.3419999999999614,control,47.47049999423325,0.00030283699407241766,87856.8443441384,87856.8443441384,7.671741512917849e-07,152.0,4.817108735504349,276.0,0.8499141667723672,48.69649470443463,52,53,0.7575668676094582,0.0009523944572279963,0.16959532474053246,0.004852168137221117,0.001155804764215475,0.1692366823378393,0.005303928263919596,0.0019136593789500357
1947,4.342999999999962,control,46.15940002258867,0.00030307314433789906,87859.76764263985,87859.76764263985,7.68571663107974e-07,152.0,4.825835381764321,276.5,0.8549761363007046,48.986524194432185,52,53,0.7574663226425871,0.000952407940319958,0.16959565646938932,0.004847013034437665,0.0011610009852645155,0.16923777855915528,0.0052949815175144,0.0019214801265438506
1948,4.343999999999962,control,52.16720001772046,0.00030330457505796875,87862.66066770155,87862.66066770155,7.700652843648737e-07,152.0,4.834562028024293,277.0,0.8600515470713535,49.27732381088561,52,53,0.7573655048962644,0.0009524213878981382,0.16959599072212606,0.004841821005138351,0.0011661813222288025,0.1692388797238696,0.0052859847895434416,0.0019292650448130616
1949,4.3449999999999624,control,47.53580002579838,0.00030353139239273246,87865.52373283275,87865.52373283275,7.716111591589357e-07,152.0,4.843288674284265,277.50000000000006,0.8651403520118351,49.56889085674053,52,53,0.7572644177417622,0.0009524347921897474,0.16959632750156312,0.004836592056856459,0.0011713454379140057,0.16923998581097496,0.005276938224622977,0.001937013698622027
1950,4.345999999999963,control,45.062299934215844,0.0003037536917761886,87868.35714829594,87868.35714829594,7.731441796619395e-07,152.0,4.852015320544237,278.00000000000006,0.8702425040822886,49.861222636811455,52,53,0.7571630644036892,0.0009524481540294018,0.1695966668101287,0.004831326206019354,0.0011764929845052802,0.16924109680044072,0.005267841962767208,0.0019447256630834302
1951,4.346999999999963,control,45.35649996250868,0.0003039715712483265,87871.16122114072,87871.16122114072,7.746259544872761e-07,152.0,4.860741966804209,278.50000000000006,0.8753579562785695,50.154316457959276,52,53,0.75706144820948,0.0009524614734887226,0.16959700864979052,0.004826023478959538,0.0011816236069965833,0.16924221267378087,0.0052586961476757685,0.0019524005109277025
1952,4.3479999999999634,control,43.20270009338856,0.00030418513011657133,87873.93625523687,87873.93625523687,7.76075877329209e-07,152.0,4.869468613064181,279.0000000000001,0.8804866616265226,50.44816962876316,52,53,0.7569595723933491,0.0009524747499625859,0.16959735302205808,0.004820683912694296,0.0011867369412873461,0.16924333341283307,0.005249500931761233,0.001960037807547694
1953,4.348999999999964,control,35.95719998702407,0.0003043944689632953,87876.68255130725,87876.68255130725,7.775029491696586e-07,152.0,4.878195259324153,279.5000000000001,0.885628573223707,50.7427794619112,52,53,0.7568574404042987,0.0009524879831792109,0.16959769992816706,0.0048153075495236414,0.0011918326233354697,0.16924445900022156,0.005240256468695907,0.001967637122561482
1954,4.349999999999964,control,33.88010000344366,0.0003045996865643406,87879.40040696051,87879.40040696051,7.7891758371228e-07,152.0,4.886921905584125,280.0000000000001,0.8907836442615803,51.03814327547146,52,53,0.756755055684123,0.0009525011725118065,0.1695980493691524,0.004809894435090464,0.0011969102889400863,0.1692455894186269,0.00523096291530371,0.0019751980261445484
1955,4.3509999999999645,control,34.74699996877462,0.00030480087913573473,87882.09011672327,87882.09011672327,7.665033648541184e-07,153.0,4.895648551844097,280.50000000000017,0.895951827368637,51.33425835525662,52,53,0.7566525178926934,0.000952514646383033,0.16959840133556453,0.004804444793692433,0.0012019699626305102,0.16924672526951495,0.005221617923667402,0.0019827225968040846
1956,4.351999999999965,control,36.44340008031577,0.00030499843935284394,87884.75197207207,87884.75197207207,7.697141170114216e-07,153.0,4.904375198104069,281.00000000000017,0.9011330800460954,51.63112226626585,52,53,0.7565496532396823,0.0009525274608887784,0.16959875585235526,0.004798958141550239,0.0012070107546390397,0.16924786548824242,0.00521222609220734,0.0019902055688964244
1957,4.352999999999965,control,38.20459998678416,0.0003051916523919503,87887.38626146497,87887.38626146497,7.74431393596103e-07,153.0,4.913101844364041,281.5000000000002,0.906327352402279,51.92873214991664,52,53,0.7564465310611383,0.0009525404328000413,0.1695991129114585,0.00479343483711038,0.0012120323233545463,0.16924901032267192,0.00520278597938947,0.001997648702867244
1958,4.3539999999999655,control,36.20440000668168,0.0003053808697443802,87889.9932703727,87889.9932703727,7.792125192800182e-07,153.0,4.921828490624013,282.0000000000002,0.9115345980818894,52.22708535024605,52,53,0.7563431676120607,0.0009525534407062966,0.1695994725066282,0.00478787503954612,0.0012170343459180996,0.16925015990149145,0.005193297448756326,0.002005051751439173
1959,4.354999999999966,control,35.81449994817376,0.000305566229123026,87892.5732813098,87892.5732813098,7.696081105256773e-07,154.0,4.930555136883985,282.5000000000002,0.9167547698290534,52.52617915969198,52,53,0.7562396646713185,0.0009525667422446291,0.1695998346266375,0.0047822789970625185,0.001222016870280989,0.16925131483194578,0.005183758239757115,0.0020124166228264713
1960,4.355999999999966,control,36.72549990005791,0.0003057481163562474,87895.12657386494,87895.12657386494,7.730357971726991e-07,154.0,4.939281783143957,283.0000000000003,0.9219878246309506,52.82601111380136,52,53,0.7561358423555024,0.0009525793828778402,0.1696001992940849,0.004776646271182634,0.001226979018167788,0.16925247399403598,0.005174173260264132,0.0020197380542825534
1961,4.3569999999999665,control,54.243599995970726,0.00030592583552010647,87897.6534247316,87897.6534247316,7.778117057503691e-07,154.0,4.948008429403929,283.5000000000003,0.927233714503599,53.126578463294535,52,53,0.7560317787359325,0.0009525921739910199,0.16960056650259456,0.0047709771622926195,0.0012319204763259635,0.1692536377311919,0.00516454059114021,0.002027018020653517
1962,4.357999999999967,control,60.04220002796501,0.000306099737276705,87900.15410773763,87900.15410773763,7.681324207547239e-07,155.0,4.956735075663901,284.0000000000003,0.9324923926111374,53.42787852467432,52,53,0.7559275850626554,0.0009526053258665147,0.16960093623570074,0.00476527200152442,0.0012368413177266478,0.1692548067550531,0.005154857727675938,0.0020342585557362376
1963,4.358999999999967,control,42.969000060111284,0.0003062703025025416,87902.62889387533,87902.62889387533,7.713711504451604e-07,155.0,4.965461721923873,284.50000000000034,0.9377638166091588,53.72990887178493,52,53,0.7558230828978749,0.0009526178212683058,0.16960130851456412,0.004759530369177411,0.0012417406741228763,0.16925597997014127,0.005145129575184272,0.0020414544742611827
1964,4.3599999999999675,control,43.937799986451864,0.00030643684980314326,87905.0780513306,87905.0780513306,7.758689779262906e-07,155.0,4.974188368183845,285.00000000000034,0.9430479390679242,54.03266678710248,52,53,0.7557183501825653,0.0009526304649306105,0.16960168333250053,0.004753752565393531,0.0012466182428067956,0.16925715771722832,0.005135354230788159,0.0020486076891857766
1965,4.360999999999968,control,37.257299991324544,0.00030659973782819997,87907.50184551184,87907.50184551184,7.658836055547908e-07,156.0,4.982915014443817,285.50000000000034,0.9483447136324027,54.33614961467934,52,53,0.7556134985199963,0.0009526434695477156,0.1696020606726873,0.004747938927387717,0.0012514740908482428,0.16925834070688128,0.005125529196718798,0.0020557201686656644
1966,4.361999999999968,control,37.00480004772544,0.0003067594606993198,87909.90053907911,87909.90053907911,7.689552566514518e-07,156.0,4.991641660703789,286.0000000000004,0.9536540987628753,54.64035497446494,52,53,0.7555083463845423,0.0009526558063975949,0.1696024405565237,0.004742089021070521,0.0012563073617087373,0.16925952782706025,0.0051156594466266045,0.0020627867988829386
1967,4.3629999999999685,control,26.603100006468594,0.0003069153214013919,87912.27439197229,87912.27439197229,7.735350042383585e-07,156.0,5.000368306963761,286.5000000000004,0.9589760476689148,54.94528018556527,52,53,0.7554029704193301,0.000952668286048356,0.16960282297711793,0.004736203145967229,0.0012611177514914166,0.16926071940959156,0.005105743101495214,0.0020698094316739307
1968,4.363999999999969,control,28.988200007006526,0.00030706767983527716,87914.62366143936,87914.62366143936,7.77943915449086e-07,156.0,5.009094953223733,287.0000000000004,0.9643105161860923,55.250922717544945,52,53,0.7552973866573078,0.0009526807887660362,0.16960320792905517,0.00473028142110673,0.0012659049894434137,0.16926191556601544,0.005095780055557744,0.0020767878147819937
1969,4.364999999999969,control,26.123599964194,0.0003072166769528637,87916.94860206432,87916.94860206432,7.684657644454212e-07,157.0,5.017821599483705,287.50000000000045,0.969657459007085,55.5572799744856,52,53,0.7551916920836621,0.0009526935667492685,0.16960359540128106,0.004724324073417167,0.0012706691070389516,0.16926311686364273,0.005085768185731563,0.002083723564751574
1970,4.3659999999999695,control,26.322599966078997,0.00030736270688060287,87919.24946579462,87919.24946579462,7.715877632419907e-07,157.0,5.026548245743677,288.00000000000045,0.9750168354203911,55.864349623790005,52,53,0.7550857077029688,0.0009527056882735719,0.16960398541401028,0.004718330699463174,0.001275409235094672,0.16926432220738494,0.005075712328848545,0.0020906119126612175
1971,4.36699999999997,control,24.248400004580617,0.0003075050971123974,87921.52650196863,87921.52650196863,7.756804915240751e-07,157.0,5.035274892003649,288.50000000000045,0.9803885995393038,56.17212903634351,52,53,0.7549795110995305,0.0009527179570914476,0.16960437795892983,0.004712301619389427,0.0012801250744168399,0.16926553193919733,0.005065610591675646,0.0020974546595769524
1972,4.36799999999997,control,23.467699997127056,0.00030764421886910186,87923.77995734254,87923.77995734254,7.795937946294332e-07,157.0,5.044001538263621,289.0000000000005,0.9857727081328711,56.48061573519504,52,53,0.7548731155212565,0.0009527302375332873,0.16960477302970625,0.004706236971659682,0.0012848163294395224,0.16926674615606502,0.005055462956070818,0.0021042514702643714
1973,4.3689999999999705,control,23.393600014969707,0.0003077802093101327,87926.0100761172,87926.0100761172,7.697381755144083e-07,158.0,5.052728184523593,289.5000000000005,0.9911691167550135,56.789807173771806,52,53,0.7547666181731076,0.0009527427902150674,0.1696051706144411,0.004700136998828218,0.0012894830217032355,0.16926796542126255,0.005045267313895147,0.002111003896436192
1974,4.369999999999971,control,24.320899974554777,0.00030791346394704657,87928.21709996456,87928.21709996456,7.723237058673507e-07,158.0,5.061454830783565,290.0000000000005,0.9965777857672888,57.09970108095837,52,53,0.7546598404167968,0.000952754687747744,0.16960557073189922,0.004694001323611871,0.0012941242798843347,0.16926918865160465,0.005035028479612306,0.002117707347918308
1975,4.370999999999971,control,25.892099947668612,0.00030804331178425426,87930.40126805373,87930.40126805373,7.760010444296546e-07,158.0,5.070181477043537,290.50000000000057,1.0019986703792465,57.410294890450956,52,53,0.7545528580159502,0.0009527667235836755,0.16960597337322747,0.00468783026791658,0.001298739810806789,0.16927041617753286,0.005024744609949937,0.002124363529045412
1976,4.3719999999999715,control,25.512699969112873,0.00030817011109583324,87932.56281707712,87932.56281707712,7.795703489464894e-07,158.0,5.078908123303509,291.00000000000057,1.0074317284053453,57.7215861851961,52,53,0.7544456848347141,0.0009527787702277136,0.16960637853108027,0.0046816239909005745,0.0013033293118654317,0.1692716481008538,0.005014415674411983,0.0021309721209701073
1977,4.372999999999972,control,24.47030006442219,0.00030829400237226604,87934.70198127585,87934.70198127585,7.69391819960383e-07,159.0,5.087634769563481,291.50000000000057,1.012876916433142,58.03357247784401,52,53,0.7543384193572537,0.0009527910909776658,0.16960678619269803,0.00467538274746228,0.0013078928068355825,0.16927288498985057,0.005004039549685583,0.00213753463083904
1978,4.373999999999972,control,24.915099958889186,0.0003084153835407963,87936.8189924654,87936.8189924654,7.713979932604404e-07,159.0,5.096361415823453,292.0000000000006,1.018334196133947,58.34625157232255,52,53,0.7542308828168688,0.0009528027554484055,0.16960719637603322,0.004669106166516584,0.0013124294377991588,0.169274125768419,0.004993621037494776,0.002144046633176678
1979,4.3749999999999725,control,24.703799979761243,0.0003085335742043971,87938.9140800605,87938.9140800605,7.742825398720254e-07,159.0,5.105088062083425,292.5000000000006,1.023803523946821,58.65962097277376,52,53,0.7541231503700432,0.0009528145541656507,0.16960760907166755,0.0046627945712592244,0.0013169389223252836,0.16927537076370872,0.004983158305412005,0.0021505097706604583
1980,4.375999999999973,control,26.861099991947412,0.000308648920477779,87940.98747110015,87940.98747110015,7.767314233930413e-07,159.0,5.113814708343397,293.0000000000007,1.02928485898182,58.97367833637639,52,53,0.7540152363117252,0.0009528263615409204,0.16960802427189972,0.004656448119664895,0.001321420970686855,0.1692766200785946,0.004972651314209054,0.0021569237388852336
1981,4.376999999999973,control,24.83330003451556,0.00030876155573491475,87943.03939027198,87943.03939027198,7.78729688019946e-07,159.0,5.122541354603369,293.5000000000007,1.0347781606710604,59.28842133876195,52,53,0.7539071440140682,0.0009528381099309993,0.16960844197333813,0.00465006689565994,0.0013258752564782445,0.16927787370687292,0.004962100284828132,0.002163288087158115
1982,4.3779999999999735,control,31.101200031116605,0.0003088715347017538,87945.070059937,87945.070059937,7.666535403287797e-07,160.0,5.131268000863341,294.0000000000007,1.0402833870539174,59.60384757576373,52,53,0.7537989700632063,0.0009528501244736408,0.1696088621629864,0.0046436511595597816,0.0013303017878928403,0.1692791321948885,0.004951503107666913,0.0021696042875282394
1983,4.378999999999974,control,28.80069997627288,0.00030897924563835294,87947.07970015332,87947.07970015332,7.791906715624466e-07,159.0,5.139994647123313,294.50000000000074,1.0458005033395714,59.9199550540146,52,53,0.7536904430794191,0.0009528611450079479,0.16960928486802343,0.0046372003593434,0.0013346993936969695,0.16928039391442382,0.004940866844656411,0.0021758663022257325
1984,4.379999999999974,control,33.33020000718534,0.00030908365221777716,87949.0685287002,87949.0685287002,7.793035927423875e-07,159.0,5.148721293383285,295.00000000000074,1.051329464289479,60.23674118153695,52,53,0.7535818184240226,0.0009528728758934483,0.16960971005849687,0.004630715257792704,0.0013390683183700518,0.1692816602312243,0.004930185116059622,0.002182079488183046
1985,4.3809999999999745,control,26.136700063943863,0.000309185824511294,87951.03676110151,87951.03676110151,7.751191970357003e-07,159.0,5.157447939643257,295.50000000000074,1.056870233186948,60.55420385461927,52,53,0.7534730508387792,0.0009528843555453847,0.16961013773456882,0.004624195731611905,0.0013434082889077729,0.16928293094250474,0.004919459761369822,0.0021882416825431063
1986,4.381999999999975,control,24.783600005321205,0.00030928556469058207,87952.98461064936,87952.98461064936,7.692073779461305e-07,158.0,5.166174585903229,296.0000000000008,1.0624227730176272,60.87234095249548,52,53,0.7533641292999345,0.0009528948833031866,0.16961056791392085,0.004617641454709271,0.001347719065309049,0.16928420558980858,0.004908692846662339,0.0021943508502472345
1987,4.382999999999975,control,24.334699963219464,0.0003093822861588007,87954.91228842687,87954.91228842687,7.715819940300759e-07,165.0,5.174901232163201,296.5000000000008,1.0679870228307045,61.19114898294126,52,53,0.7532555676678134,0.0009529092474747454,0.1696110004353048,0.004611056885293615,0.0013519993957533815,0.16928548827164325,0.00489786817708974,0.002200419779837531
1988,4.3839999999999755,control,23.872399935498834,0.00030947998965781006,87956.82000333119,87956.82000333119,7.776001236506845e-07,164.0,5.183627878423173,297.0000000000008,1.0735629652835479,61.51062695229701,52,53,0.7531461752574508,0.0009529185363716497,0.16961143541374124,0.00460443997055896,0.0013562444379921668,0.16928677199069617,0.004887019822521907,0.0022064185530779774
1989,4.384999999999976,control,25.35759995225817,0.0003095734001497867,87958.70796209629,87958.70796209629,7.740293914852994e-07,164.0,5.192354524683145,297.50000000000085,1.0791505589310364,61.830772485932215,52,53,0.7530366655550624,0.000952929616298371,0.169611872897478,0.004597788696077349,0.001360458687492317,0.1692880595903533,0.00487612751766258,0.002212366720173119
1990,4.385999999999976,control,25.088900001719594,0.00030966359425664927,87960.57636931507,87960.57636931507,7.713592091556156e-07,164.0,5.201081170943117,298.00000000000085,1.084749772937654,62.151583817101944,52,53,0.752926964972297,0.0009529408111700636,0.1696123128719711,0.004591103224012112,0.0013646413400742634,0.16928935128791453,0.004865192781158727,0.0022182612317592607
1991,4.3869999999999765,control,24.20769992750138,0.00030975076493593314,87962.42542746173,87962.42542746173,7.710893773227585e-07,164.0,5.209807817203089,298.50000000000085,1.0903605722173815,62.473058935525366,52,53,0.7528170715994468,0.000952951887761151,0.16961275533659034,0.004584383536337917,0.001368792084203765,0.16929064703142555,0.004854216075590506,0.002224101350429674
1992,4.387999999999977,control,25.358099956065416,0.00030983494644460264,87964.25533691373,87964.25533691373,7.732707493110353e-07,164.0,5.218534463463061,299.0000000000009,1.0959829209353236,62.79519578801423,52,53,0.7527069790216486,0.0009529628793958163,0.16961320028575683,0.004577629733762657,0.0013729106081227255,0.16929194674146483,0.004843197807313347,0.002229886691859473
1993,4.388999999999977,control,23.84159993380308,0.00030991623961871667,87966.06629597335,87966.06629597335,7.775162711265757e-07,164.0,5.227261109723033,299.5000000000009,1.1016167831770929,63.11799231682573,52,53,0.7525966866260362,0.000952973802939859,0.16961364770946702,0.004570842007071906,0.0013769966352321444,0.16929325038428683,0.004832138294650657,0.002235616966463941
1994,4.3899999999999775,control,24.15479999035597,0.0003099947763594347,87967.85850088926,87967.85850088926,7.696248132270791e-07,165.0,5.235987755983005,300.0000000000009,1.107262121823774,63.44144639520265,52,53,0.7524862857559312,0.0009529849806556548,0.16961409758984547,0.004564020615721618,0.0013810503546263235,0.16929455845622984,0.004821035607261239,0.0022412935816076944
1995,4.390999999999978,control,23.940499988384545,0.00031007097464340414,87969.63214587791,87969.63214587791,7.753881631895454e-07,165.0,5.244714402242977,300.50000000000097,1.112918903095459,63.76555608769885,52,53,0.7523756100952458,0.0009529955231093987,0.16961454991942346,0.004557165886366979,0.0013850706496120286,0.16929587004352598,0.004809894446481708,0.0022469127921572038
1996,4.391999999999978,control,23.913700017146766,0.00031014443593092183,87971.38742314438,87971.38742314438,7.689156550483266e-07,166.0,5.253441048502949,301.00000000000097,1.1185870872606347,64.0903191178663,52,53,0.7522648419468557,0.0009530065205158003,0.16961500466727125,0.00455027848735024,0.0013890577777356692,0.16929718604705146,0.00479871074451042,0.0022524778182660705
1997,4.3929999999999785,control,23.30549992620945,0.0003102048214964426,87973.12452290325,87973.12452290325,7.769808465574438e-07,166.0,5.262167694762921,301.50000000000097,1.1242666416791718,64.41573361556335,52,53,0.7521538253804281,0.0009530169546693496,0.1696154618241643,0.004543358747716596,0.0013930107108855744,0.16929850566746257,0.004787488946201298,0.0022579850207953773
1998,4.393999999999979,control,23.998199962079525,0.00031025394421594775,87974.8436333993,87974.8436333993,7.710883334221461e-07,167.0,5.270894341022893,302.000000000001,1.1299575289941564,64.74179744039651,52,53,0.7520427318627795,0.0009530278352918929,0.1696159213714942,0.004536406913466067,0.0013969299798604641,0.16929982974361588,0.004776224981918999,0.0022634375860993753
1999,4.394999999999979,control,25.55620006751269,0.0003102942410487353,87976.54494092785,87976.54494092785,7.792044325295224e-07,167.0,5.279620987282865,302.500000000001,1.1356597173272782,65.06850876587313,52,53,0.7519314066902616,0.0009530381539523547,0.16961638329916523,0.004529423374381641,0.0014008144949254535,0.16930115749578398,0.004764923266132744,0.0022688319007168204
2000,4.3959999999999795,control,25.392199982888997,0.0003103268030452559,87978.22862985506,87978.22862985506,7.731927846732649e-07,168.0,5.288347633542837,303.000000000001,1.1413731704022854,65.39586551351708,52,53,0.7518200176102544,0.0009530489127675621,0.16961684759108753,0.004522408312011615,0.0014046647826022286,0.16930248973172085,0.004753579810390932,0.0022741710245113332
2001,4.39699999999998,control,27.862499933689833,0.0003103534125796775,87979.89488263766,87979.89488263766,7.668744739339951e-07,169.0,5.297074279802809,303.5000000000011,1.1470978563576673,65.72386585779829,52,53,0.7517084936334418,0.0009530594146595678,0.1696173142352622,0.0045153620593613095,0.0014084801641272378,0.16930382614475717,0.004742196900814185,0.00227945285008576
2002,4.39799999999998,control,29.53269996214658,0.00031037489580310545,87981.54387984291,87981.54387984291,7.74070810476603e-07,169.0,5.305800926062781,304.0000000000011,1.1528337436373992,66.05250799068969,52,53,0.7515967503998756,0.0009530695025388602,0.16961778322890622,0.004508284788145111,0.0014122599236865369,0.16930516617653765,0.004730776927808694,0.0022846757093220207
2003,4.3989999999999805,control,37.629100028425455,0.0003103917538298716,87983.17580016825,87983.17580016825,7.671833200116716e-07,170.0,5.314527572322753,304.50000000000114,1.158580797942747,66.3817899470186,52,53,0.7514849538371885,0.0009530800712589673,0.16961825455597412,0.004501176684253892,0.0014160045054971491,0.16930651068188515,0.00471931588532812,0.002289842401307176
2004,4.399999999999981,control,27.28669997304678,0.0003104052087522726,87984.79082046034,87984.79082046034,7.72998285561742e-07,170.0,5.323254218582725,305.00000000000114,1.164338990610276,66.7117100844912,52,53,0.7513729532973111,0.0009530901028639268,0.16961872821062318,0.0044940380429788805,0.0014197128332489486,0.1693078589111532,0.004707818037333271,0.0022949494508775997
2005,4.400999999999981,control,26.130700018256903,0.00031041534140940403,87986.3891157346,87986.3891157346,7.787180811445603e-07,170.0,5.331980864842697,305.50000000000114,1.1701082899478892,67.04226658728406,52,53,0.7512608179664608,0.000953100239745513,0.16961920418735382,0.004486868901109932,0.001423384941818807,0.1693092111121784,0.004696281767191006,0.002299998090172141
2006,4.4019999999999815,control,25.277199922129512,0.0003104227574711004,87987.97085919391,87987.97085919391,7.706932307876521e-07,171.0,5.340707511102669,306.0000000000012,1.1758886650027756,67.37345768193175,52,53,0.7511486353581064,0.000953110655647131,0.16961968247248999,0.004479669448103434,0.0014270208949128415,0.1693105678034932,0.0046847052003669365,0.0023049892221393186
2007,4.402999999999982,control,26.319799944758415,0.00031042812601234484,87989.53622224752,87989.53622224752,7.757820969307507e-07,171.0,5.349434157362641,306.5000000000012,1.1816800889417745,67.70528183100741,52,53,0.7510362450216017,0.0009531204736090744,0.16962016306552727,0.0044724398531708984,0.0014306196229199976,0.16931192811862025,0.004673092765836116,0.0023099194940430293
2008,4.403999999999982,control,26.159700006246567,0.0003104311755646992,87991.08537452966,87991.08537452966,7.675392358320963e-07,172.0,5.358160803622613,307.0000000000012,1.1874825303429717,68.03773723416799,52,53,0.7509237986942278,0.0009531306977541191,0.16962064595722484,0.004465180136262086,0.001434181522029909,0.16931329276174922,0.00466144074480453,0.0023147914889089637
2009,4.4049999999999825,control,24.602500023320317,0.0003104325670024574,87992.61848391761,87992.61848391761,7.73135486374355e-07,172.0,5.366887449882585,307.50000000000125,1.1932959636942706,68.37082242967801,52,53,0.7508111395898266,0.0009531403743807236,0.16962113114330696,0.004457890552258552,0.0014377055064548254,0.1693146609456643,0.00464975345713278,0.0023196018818667672
2010,4.405999999999983,control,25.178300100378692,0.00031043199110320136,87994.13571655034,87994.13571655034,7.695098183050179e-07,173.0,5.375614096142557,308.00000000000125,1.1991203588114727,68.7045356881103,52,53,0.7506984183543131,0.0009531504498047463,0.1696216186143515,0.0044505711105140774,0.0014411919697726594,0.1693160333692515,0.004638027255888297,0.0023243531280566993
2011,4.406999999999983,control,24.812899995595217,0.00031043001439469837,87995.63723684622,87995.63723684622,7.769803378389034e-07,173.0,5.384340742402529,308.50000000000125,1.2049556913277697,69.03887561334957,52,53,0.7505854817894212,0.0009531599891445575,0.16962210836548022,0.0044432220663223505,0.0014446398581200105,0.16931740926569042,0.004626266365887329,0.0023290420335414083
2012,4.4079999999999835,control,24.257399956695735,0.000310426272616863,87997.1232075209,87997.1232075209,7.738856851472957e-07,174.0,5.393067388662501,309.0000000000013,1.2108019320517311,69.37384053285007,52,53,0.750472479317169,0.0009531699223054026,0.1696226003857867,0.004435843467199566,0.001448049536496126,0.16931878933180447,0.004614467191832396,0.002333670961973284
2013,4.408999999999984,control,24.61989992298186,0.0003104212931582889,87998.59378960505,87998.59378960505,7.704063145316797e-07,175.0,5.401794034922473,309.5000000000013,1.2166590564485362,69.7094290408701,52,53,0.7503593379528577,0.0009531795996867642,0.16962309466657266,0.004428435542264541,0.0014514203521974677,0.1693201732385137,0.004602631996437128,0.0023382380070935786
2014,4.409999999999984,control,25.131599977612495,0.0003104149142797804,88000.04914246155,88000.04914246155,7.793383137704746e-07,173.0,5.410520681182445,310.0000000000013,1.2225270948644544,70.04564287612286,52,53,0.7502455471104675,0.0009531883149628307,0.16962359164503776,0.004420987256029148,0.0014547506834698808,0.16932155734382467,0.004590767482679832,0.0023427359982757306
2015,4.4109999999999845,control,24.86579993274063,0.00031039702330041614,88001.48942380313,88001.48942380313,7.724757985060009e-07,175.0,5.419247327442417,310.50000000000136,1.2284059378041714,70.38247576498892,52,53,0.7501319053313428,0.0009531986016456554,0.16962409053403396,0.004413521319663318,0.0014580367748223745,0.16932294851690385,0.004578861381851553,0.002347173279265665
2016,4.411999999999985,control,24.815900018438697,0.0003103652862265448,88002.9147897091,88002.9147897091,7.797185839000908e-07,178.0,5.427973973702389,311.00000000000136,1.2342955648406067,70.7199265370828,52,53,0.7500184546482278,0.0009532084922435025,0.16962459142385,0.004406032770536955,0.0014612836759127744,0.16932434528249216,0.004566917908575849,0.002351550297011792
2017,4.412999999999985,control,22.67150010447949,0.0003103229501150892,88004.32539464252,88004.32539464252,7.722592131430844e-07,176.0,5.436700619962361,311.50000000000136,1.2401959857388047,71.05799575190035,52,53,0.7499044790437608,0.0009532166369778914,0.1696250945984069,0.004398512030454694,0.001464492745839378,0.16932574305396722,0.0045549487408345565,0.002355861449294093
2018,4.4139999999999855,control,22.789099952206016,0.00031028475307071183,88005.7213914668,88005.7213914668,7.718061429501618e-07,177.0,5.445427266222333,312.0000000000014,1.2461071635157723,71.39668129047212,52,53,0.7497906729306699,0.0009532262100003935,0.16962559999321994,0.004390961193165886,0.001467664488891279,0.16932714553712322,0.004542937408837039,0.002360115257806854
2019,4.414999999999986,control,22.455999976955354,0.00031025199184116475,88007.10293146236,88007.10293146236,7.715751311670903e-07,190.0,5.454153912482305,312.5000000000014,1.2520291926310152,71.73598856492912,52,53,0.7496732248292013,0.0009532379978397776,0.16962610957089067,0.004383328594914054,0.0014707907272525265,0.16932853625564012,0.004530919303352437,0.0023642837520484925
2020,4.415999999999986,control,22.893400047905743,0.00031022425772059915,88008.47016434286,88008.47016434286,7.782381180966308e-07,186.0,5.462880558742277,313.0000000000014,1.2579622599905325,72.0759282841963,52,53,0.7495460974294587,0.0009532392020441266,0.1696266260939481,0.004375537942603822,0.0014738593475927555,0.16932988696292703,0.0045189678414353975,0.002368308188251485
2021,4.4169999999999865,control,22.646499914117157,0.0003101961831868055,88009.82323827165,88009.82323827165,7.765578314943739e-07,189.0,5.471607205002249,313.5000000000015,1.2639059939580723,72.41647915508487,52,53,0.7494135697676583,0.0009532470849685767,0.16962714555913516,0.004367693583858518,0.0014768758964702256,0.1693312188965742,0.004507055551344894,0.002372244902749174
2022,4.417999999999987,control,24.128400022163987,0.00031015887977830126,88011.16229987772,88011.16229987772,7.703773099286436e-07,198.0,5.480333851262221,314.0000000000015,1.269860232051503,72.75763186805446,52,53,0.7492816397795159,0.0009532572566040101,0.1696276660522456,0.004359844167031662,0.001479852787616127,0.16933256254911408,0.004495089516868611,0.002376135117607735
2023,4.418999999999987,control,28.14200008288026,0.0003101294798340072,88012.48749427147,88012.48749427147,7.747917495641983e-07,201.0,5.489060497522193,314.5000000000015,1.2758249578606145,73.09938548286931,52,53,0.7491511797075818,0.0009532649910606514,0.16962818746802258,0.0043519939989826615,0.0014827893162679812,0.1693339229581032,0.00448305227154986,0.0023799772957770007
2024,4.4199999999999875,control,30.816799961030483,0.0003101086235032345,88013.79896506063,88013.79896506063,7.73953341834091e-07,198.0,5.497787143782165,315.00000000000153,1.2818001665364442,73.44173972170431,52,53,0.7490216982798036,0.0009532721353328698,0.16962871009778704,0.0043441378181248115,0.0014856820147308206,0.16933529820142484,0.004470945613136993,0.0023837672034514538
2025,4.420999999999988,control,23.04609993007034,0.0003100977040357063,88015.09685436574,88015.09685436574,7.788212914778679e-07,195.0,5.506513790042137,315.50000000000153,1.2877858394138195,73.78469351512385,52,53,0.7488930330746952,0.0009532802100515281,0.16962923403240263,0.00433627417922514,0.0014885305110619235,0.16933668779926273,0.004458770258653811,0.0023875046880415213
2026,4.421999999999988,control,21.432099980302155,0.0003100990442751175,88016.38130283552,88016.38130283552,7.777566135013766e-07,194.0,5.515240436302109,316.0000000000016,1.2937819579871026,74.12824580283296,52,53,0.7487652221876432,0.0009532889259442468,0.16962975926846163,0.004328403432615234,0.0014913356579334398,0.16933809202419223,0.004446526552290262,0.002391189492479065
2027,4.4229999999999885,control,21.093199960887432,0.0003101137570654983,88017.65244966219,88017.65244966219,7.702007546369719e-07,194.0,5.523967082562081,316.5000000000016,1.2997885105014813,74.47239591133055,52,53,0.7486381931938877,0.0009532976154651017,0.16963028582850745,0.0043205253599315,0.00149409778719996,0.16933951036578182,0.004434217427373521,0.002394819768573183
2028,4.423999999999989,control,20.98709996789694,0.00031014171229197594,88018.91043259643,88018.91043259643,7.732932972908627e-07,193.0,5.532693728822053,317.0000000000016,1.3058054916662931,74.81714353748399,52,53,0.7485116998270467,0.0009533059262419966,0.16963081378383438,0.004312638676806688,0.0014968164908122678,0.1693409413028701,0.004421848720229845,0.0023983924999225617
2029,4.424999999999989,control,20.999099942855537,0.0003101821026002201,88020.15538796248,88020.15538796248,7.796802532001352e-07,192.0,5.541420375082025,317.50000000000165,1.3118328933731171,75.16248821671495,52,53,0.7483856864323102,0.0009533143916226793,0.16963134316869513,0.004304742940934096,0.0014994919426355939,0.1693423842491172,0.004409422358488166,0.0024019071971674646
2030,4.4259999999999895,control,21.25520003028214,0.00031023461032325537,88021.38745067273,88021.38745067273,7.779656877517821e-07,192.0,5.550147021341997,318.00000000000165,1.317870709346567,75.5084295894703,52,53,0.7482601522039541,0.0009533231198089726,0.1696318740064086,0.004296837853770056,0.001502124577335683,0.1693438389056604,0.004396939793528283,0.002405363390250586
2031,4.42699999999999,control,21.91869996022433,0.00031029883579729306,88022.60675424247,88022.60675424247,7.762965833012461e-07,192.0,5.5588736676019685,318.50000000000165,1.3239189395412732,75.85496765315055,52,53,0.748134913593189,0.0009533316898950077,0.1696324063610064,0.004288922099783396,0.001504714253045719,0.1693453039728818,0.004384406332076363,0.0024087586607352118
2032,4.42799999999999,control,21.941999904811382,0.000310373684119098,88023.8134308044,88023.8134308044,7.756116153594807e-07,192.0,5.5676003138619405,319.0000000000017,1.3299775830887972,76.20210235799784,52,53,0.748009827800335,0.0009533402228909059,0.16963294028543544,0.00428099463803919,0.0015072608529168984,0.16934677830002962,0.00437182633204914,0.002412091501189582
2033,4.4289999999999905,control,22.604000056162477,0.00031045551038903893,88025.00761112262,88025.00761112262,7.754742462835773e-07,192.0,5.5763269601219125,319.5000000000017,1.336046640518832,76.54983373436136,52,53,0.7478847686089644,0.0009533487434474156,0.16963347583205757,0.004273054293921832,0.001509764353340268,0.16934826081528342,0.0043592038427861714,0.0024153605525757565
2034,4.429999999999991,control,22.611199994571507,0.0003105437213248933,88026.18942460735,88026.18942460735,7.759674677696256e-07,192.0,5.5850536063818845,320.0000000000017,1.342126112753921,76.89816183509892,52,53,0.7477596238930305,0.0009533572437893446,0.16963401304436745,0.004265100071155742,0.001512224708768071,0.16934975051887774,0.004346542763662172,0.002418564567058066
2035,4.430999999999991,control,23.482199991121888,0.00031063762955957526,88027.35899932838,88027.35899932838,7.769101593022793e-07,192.0,5.5937802526418565,320.50000000000176,1.3482160011206763,77.24708673621981,52,53,0.747634295430335,0.0009533657120306133,0.16963455196203772,0.004257131013785619,0.0015146418464549794,0.16935124648317154,0.004333846689967694,0.0024217024241166753
2036,4.4319999999999915,control,22.925399942323565,0.0003107364693102407,88028.51646202947,88028.51646202947,7.781342675453442e-07,192.0,5.6025068989018285,321.00000000000176,1.3543163072102087,77.59660852888798,52,53,0.7475086946683844,0.0009533741360064632,0.16963509262101745,0.004249146211443804,0.0015170156488272372,0.16935274784190596,0.004321118961023737,0.0024247731011417086
2037,4.432999999999992,control,23.020299966447055,0.0003108394354177601,88029.66193814161,88029.66193814161,7.795273675429638e-07,192.0,5.6112335451618005,321.50000000000176,1.3604270326879988,77.94672730852842,52,53,0.7473827435594753,0.0009533825045816659,0.16963563505294335,0.004241144818657129,0.0015193459530583192,0.16935425380043817,0.004308362626527586,0.002427775673557443
2038,4.433999999999992,control,24.44049995392561,0.0003109457154862851,88030.79555179701,88030.79555179701,7.717362442205118e-07,193.0,5.6199601914217725,322.0000000000018,1.3665481768857333,78.2974430368496,52,53,0.7472564739785841,0.0009533910183253366,0.16963617926635285,0.004233126489297078,0.0015216328902327447,0.16935576414995748,0.004295578474060525,0.00243071019493213
2039,4.4349999999999925,control,25.14000004157424,0.0003110547447853214,88031.91742584224,88031.91742584224,7.725255491217938e-07,193.0,5.6286868376817445,322.5000000000018,1.3726797455648514,78.64875604395766,52,53,0.7471296601049279,0.0009533990671848368,0.1696367253167083,0.004225089771132765,0.0015238756519304732,0.16935727739710904,0.004282772456681578,0.002433574145569133
2040,4.435999999999993,control,24.115599924698472,0.00031116526151837506,88033.02768185173,88033.02768185173,7.739905775072365e-07,193.0,5.6374134839417165,323.0000000000018,1.3788217380015135,79.00066628837968,52,53,0.7470023098226206,0.0009534071733767802,0.16963727321214928,0.004217034295955142,0.001526074100636936,0.1693587932255729,0.004269945291290281,0.002436367768578974
2041,4.436999999999993,control,31.444899970665574,0.0003112767388334398,88034.12644014097,88034.12644014097,7.754800899210514e-07,193.0,5.6461401302016885,323.5000000000019,1.3849741551192876,79.35317382303218,52,53,0.7468744109715094,0.0009534152310929395,0.16963782295998053,0.004208959663679084,0.0015282280041801527,0.16936031130854765,0.004257098362148064,0.0024390905360194568
2042,4.4379999999999935,control,36.81620000861585,0.00031138856774030324,88035.21381977937,88035.21381977937,7.768445770824502e-07,193.0,5.6548667764616605,324.0000000000019,1.3911369976166401,79.70627868793434,52,53,0.7467459530671589,0.0009534231969537971,0.169638374565823,0.004200865507760726,0.0015303370546869473,0.16936183134050603,0.004244232839335548,0.0024417419655651815
2043,4.438999999999994,control,32.62910002376884,0.0003115001782134177,88036.28993860334,88036.28993860334,7.780697589377571e-07,193.0,5.6635934227216325,324.5000000000019,1.3973102659968553,80.05998091192222,52,53,0.7466169309178479,0.0009534310631024787,0.1696389280325341,0.0041927515200939035,0.0015324008989850426,0.1693633530712574,0.00423134963003996,0.0024443216294844985
2044,4.439999999999994,control,29.338399996049702,0.00031161107367904496,88037.35491322889,88037.35491322889,7.791965140274361e-07,193.0,5.6723200689816045,325.00000000000193,1.4034939606093713,80.41428051501718,52,53,0.7464873465161104,0.0009534388269144201,0.16963948335960974,0.004184617461671166,0.0015344191614090807,0.16936487631581723,0.0042184493855576015,0.0024468291400336177
2045,4.4409999999999945,control,28.929999913088977,0.0003117208311147592,88038.40885906447,88038.40885906447,7.709358166229349e-07,194.0,5.6810467152415765,325.50000000000193,1.4096880794950364,80.76917738496807,52,53,0.7463573075968133,0.000953446701303645,0.1696400405264837,0.004176463542317677,0.0015363918006126103,0.16936640145118576,0.004205530566093969,0.002449264944497165
2046,4.441999999999995,control,26.591999921947718,0.0003118293233378073,88039.45189032335,88039.45189032335,7.713278383338717e-07,194.0,5.689773361501548,326.00000000000193,1.4158926270179564,81.12467177181973,52,53,0.7462266576326932,0.0009534540723219591,0.1696405995568299,0.004168288964204512,0.0015383178277528467,0.16936792755200558,0.004192596985768976,0.0024516270666747144
2047,4.442999999999995,control,25.38580005057156,0.0003119357698774102,88040.48412003591,88040.48412003591,7.723687494441134e-07,194.0,5.69850000776152,326.500000000002,1.4221076014135352,81.48076357446827,52,53,0.7460954713116634,0.0009534614803738301,0.16964116043236263,0.004160093902598479,0.0015401969928370402,0.16936945483324647,0.004179647283752581,0.0024539160564725914
2048,4.4439999999999955,control,25.376299978233874,0.000312040131645711,88041.50566006218,88041.50566006218,7.734622556224965e-07,194.0,5.707226654021492,327.000000000002,1.428333002956973,81.83745280868149,52,53,0.7459637921409225,0.0009534688236923828,0.16964172313698675,0.004151878453217016,0.0015420289663767225,0.1693709834344668,0.004166681054563823,0.002456131637976643
2049,4.444999999999996,control,25.895100086927414,0.00031214228310380793,88042.51662110358,88042.51662110358,7.745150770726969e-07,194.0,5.715953300281464,327.50000000000205,1.4345688320843466,82.19473949944474,52,53,0.7458316566554893,0.0009534760645203556,0.16964228765542194,0.004143642706334139,0.0015438133657562584,0.16937251345844923,0.0041536979201119316,0.002458273523957169
2050,4.445999999999996,control,26.337299961596727,0.000312242121035229,88043.51711271524,88043.51711271524,7.755355209708314e-07,194.0,5.724679946541436,328.00000000000205,1.440815089476678,82.55262368577772,52,53,0.7456990986883552,0.0009534832008675501,0.16964285397229684,0.004135386766437386,0.0015455497865892787,0.16937404500518213,0.004140697479875722,0.0024603414294556373
2051,4.4469999999999965,control,25.60679998714477,0.0003123395881944313,88044.50724331778,88044.50724331778,7.76563172015589e-07,194.0,5.733406592801408,328.50000000000205,1.4470717761486276,82.91110542581619,52,53,0.7455661511044521,0.0009534902349911758,0.1696434220716927,0.004127110757027071,0.001547237822384143,0.16937557817953952,0.004127679324051327,0.002462335060054165
2052,4.447999999999997,control,25.081399944610894,0.00031243466460557776,88045.48712020888,88045.48712020888,7.77626977323674e-07,194.0,5.74213323906138,329.0000000000021,1.4533388934977516,83.27018479963421,52,53,0.745432846643525,0.0009534971692059306,0.16964399193693402,0.004118814825352098,0.0015488770718299545,0.16937711309290535,0.004114643034334623,0.002464254114612515
2053,4.448999999999997,control,25.88349999859929,0.00031252735960523144,88046.45684957519,88046.45684957519,7.787822825330078e-07,194.0,5.750859885321352,329.5000000000021,1.4596164433633718,83.62986191261716,52,53,0.7452992177488171,0.0009535040056930793,0.1696445635507371,0.004110499140216845,0.001550467140136987,0.16937864986031442,0.004101588195536392,0.002466098284858182
2054,4.4499999999999975,control,26.05850005056709,0.0003126177053482413,88047.41653650362,88047.41653650362,7.712807381430284e-07,195.0,5.759586531581324,330.0000000000021,1.465904425937159,83.99013677574698,52,53,0.7451653944908497,0.0009535109677258687,0.16964513688078356,0.0041021642157823245,0.001552007997330387,0.16938018908707309,0.00408851245016078,0.002467867954680248
2055,4.450999999999998,control,25.654400000348687,0.00031270597175039443,88048.36628499281,88048.36628499281,7.731771285937097e-07,195.0,5.768313177841296,330.50000000000216,1.4722028482241234,84.35100979038117,52,53,0.7450312302203396,0.0009535174267617181,0.16964571193697525,0.004093809626185278,0.001553498638450519,0.16938173001194248,0.004075419181674543,0.002469561309857328
2056,4.451999999999998,control,25.449400069192052,0.00031279172891744754,88049.30619796448,88049.30619796448,7.755798828764688e-07,195.0,5.777039824101268,331.00000000000216,1.4785117117416249,84.71248104345807,52,53,0.7448968076328739,0.0009535239397005432,0.1696462886935276,0.004085435774143106,0.0015549388515636777,0.16938327296215275,0.004062306685385767,0.002471178816793666
2057,4.4529999999999985,control,25.02900001127273,0.0003128752234266387,88050.23637727444,88050.23637727444,7.779742772061669e-07,195.0,5.78576647036124,331.50000000000216,1.4848310206305257,85.07455077223159,52,53,0.7447621680127773,0.0009535304043054705,0.16964686712920587,0.0040770429399279605,0.0015563283406603884,0.1693848181229515,0.004049174515430711,0.0024727201243272276
2058,4.453999999999999,control,28.24359992519021,0.0003129565627473965,88051.15692372363,88051.15692372363,7.718589946234727e-07,196.0,5.794493116621212,332.0000000000022,1.4911607775354236,85.43721912822603,52,53,0.7446274378297585,0.0009535370042510358,0.16964744721125533,0.004068631675000909,0.0015576671226965977,0.16938636608207566,0.004036020485505308,0.0024741855201016873
2059,4.454999999999999,control,25.076700025238097,0.0003130360395623934,88052.06793706917,88052.06793706917,7.737250190259276e-07,196.0,5.803219762881184,332.5000000000022,1.4975009919420332,85.80048665493281,52,53,0.744492462715516,0.0009535431065301232,0.16964802894811612,0.00406020162152371,0.0015589542128942439,0.16938791604214326,0.004022848224402712,0.0024755732481978937
2060,4.4559999999999995,control,23.983200080692768,0.00031311324374938283,88052.96951603523,88052.96951603523,7.761061983007636e-07,196.0,5.811946409141156,333.0000000000022,1.5038516680166583,86.16435359106353,52,53,0.7443573161132878,0.0009535492683919283,0.16964861231468323,0.00405175319760112,0.001560189425094455,0.1693894682750219,0.0040096563041797945,0.00247688371738773
2061,4.457,control,31.697799917310476,0.0003131884191969111,88053.86175832333,88053.86175832333,7.785042738538442e-07,196.0,5.820673055401128,333.5000000000023,1.5102128126359204,86.52882033061961,52,53,0.7442220286483439,0.0009535553871103705,0.16964919729045352,0.004043286696335958,0.0015613724856908117,0.16939102290216917,0.003996444596839165,0.0024781165498853628
2062,4.458,control,28.607300017029047,0.00031326166066599723,88054.74476062335,88054.74476062335,7.724582926487417e-07,197.0,5.8293997016611,334.0000000000023,1.5165844312503372,86.89388718589268,52,53,0.744086716096188,0.0009535616463575741,0.1696497838438472,0.00403480266815624,0.0015625034367835462,0.16939258044367353,0.003983211235946046,0.002479271972710562
2063,4.4590000000000005,control,37.71100006997585,0.000313333235451083,88055.6186186239,88055.6186186239,7.745827924603103e-07,197.0,5.838126347921072,334.5000000000023,1.522966535472674,87.25955482224519,52,53,0.7439512169785409,0.0009535674160017082,0.16965037197572275,0.004026301132505704,0.001563581157333874,0.1693941400713274,0.003969960346016148,0.0024803481636161903
2064,4.460000000000001,control,27.845900040119886,0.000313391167356988,88056.4834270226,88056.4834270226,7.771072411665281e-07,197.0,5.846852994181044,335.00000000000233,1.529359132601589,87.62582365785947,52,53,0.7438155892803755,0.0009535732452776444,0.16965096166714277,0.0040177823398898915,0.0015646054567763886,0.16939570196110895,0.003956690819226512,0.0024813454650054944
2065,4.461000000000001,control,28.6692000227049,0.0003134378581831234,88057.33927953639,88057.33927953639,7.796847812460435e-07,197.0,5.855579640441016,335.50000000000233,1.5357622323347109,87.99269424836871,52,53,0.7436798539356968,0.0009535790336897332,0.16965155289606207,0.0040092466447696476,0.0015655760894611238,0.16939726617748987,0.003943402846240845,0.002482263512984393
2066,4.4620000000000015,control,26.22739993967116,0.00031347519189698665,88058.18626891162,88058.18626891162,7.738704087270355e-07,198.0,5.864306286700988,336.00000000000233,1.5421758429769992,88.360167069612,52,53,0.743544121314594,0.000953584965261211,0.1696521456306767,0.004000694607527715,0.001566493138278096,0.16939883319895715,0.003930094761858374,0.0024831025205669837
2067,4.463000000000002,control,26.745700044557452,0.0003135048632335333,88059.02448693429,88059.02448693429,7.285522491446282e-07,301.0,5.87303293296096,336.5000000000024,1.548591790606731,88.72777379037261,52,53,0.7435246266764085,0.0009537707312463822,0.16965270625230824,0.003992805634492269,0.0015675780219248634,0.16940129579221866,0.0039131548833190215,0.0024841625222178474
2068,4.464000000000002,control,28.204799978993833,0.00031397679013065886,88059.85402443977,88059.85402443977,4.3295639812542985e-07,284.0,5.881759579220932,337.0000000000024,1.5550146363326216,89.09577574292977,52,53,0.7435166738698531,0.0009536787406696939,0.16965326344688914,0.003984942488147182,0.0015685393736366016,0.16940391498392648,0.0038957184497838172,0.0024847094208448857
2069,4.4650000000000025,control,28.908099979162216,0.0003144524835680326,88060.67497132286,88060.67497132286,8.075327557648332e-07,501.0,5.890486225480904,337.5000000000024,1.5614446551617929,89.46418868403094,52,53,0.7435296238411764,0.0009537084472726213,0.16965381637419044,0.0039771899218653435,0.001569463250732756,0.169406710308853,0.0038774429365582104,0.0024851864260399745
2070,4.466000000000003,control,25.584799936041236,0.00031501525842145213,88061.4874165472,88061.4874165472,7.788008281398493e-07,205.0,5.899212871740876,338.00000000000244,1.5678870916163292,89.8333131026571,52,53,0.7435003735453901,0.0009537002712066112,0.16965438637251615,0.003969129239682095,0.001570293638529038,0.16940919273047078,0.003860450747550703,0.0024855057836342806
2071,4.467000000000003,control,26.137599954381585,0.000315495812836132,88062.29144815537,88062.29144815537,7.731157787960682e-07,210.0,5.907939518000848,338.50000000000244,1.574341765066702,90.20313864949861,52,53,0.7434414182508126,0.0009537345154110171,0.1696549704764319,0.0039608388266893346,0.0015710793009060277,0.16941142034826165,0.0038444715227651804,0.0024858205274460587
2072,4.4680000000000035,control,24.76359996944666,0.00031590461966294936,88063.08715327812,88063.08715327812,7.733561703565637e-07,214.0,5.91666616426082,339.0000000000025,1.5808087907826789,90.57367192902666,52,53,0.7433464001577315,0.0009537310441076038,0.16965556906962045,0.003952281821350589,0.0015717817676131388,0.16941335956899164,0.0038296540296392833,0.0024860573754031156
2073,4.469000000000004,control,26.75650001037866,0.00031622109393753466,88063.87461814379,88063.87461814379,7.752435838320295e-07,214.0,5.925392810520792,339.5000000000025,1.5872880033638992,90.94490346449864,52,53,0.7432175998149438,0.0009537210673309073,0.16965618033057175,0.003943487895351853,0.0015723873192814179,0.16941502916892348,0.003815875035596311,0.002486249972819413
2074,4.470000000000004,control,27.490200009196997,0.0003164168351612955,88064.6539280878,88064.6539280878,7.793088773294731e-07,205.0,5.934119456780764,340.0000000000025,1.593779198159188,91.31682153026597,52,53,0.7430613592861562,0.0009537111757034845,0.16965680162743327,0.003934506075046379,0.0015728972714481506,0.16941647773050283,0.003802942224443288,0.0024864071971962953
2075,4.4710000000000045,control,28.486000024713576,0.0003164702478388208,88065.42516756193,88065.42516756193,7.02850806770689e-07,322.0,5.942846103040736,340.50000000000256,1.6002747003901878,91.68898639392008,52,53,0.742991223097398,0.0009539069842542345,0.16965740311652314,0.00392594080623628,0.0015736008831448204,0.16941856125220467,0.00378749074912608,0.002486686136636557
2076,4.472000000000005,control,26.362600037828088,0.00031686395247357974,88066.18842014323,88066.18842014323,7.529368236024436e-07,243.0,5.951572749300708,341.00000000000256,1.6067794757780582,92.06168257032563,52,53,0.7428841412115661,0.0009538302124292113,0.16965801251829937,0.003917143544607595,0.0015741386423323747,0.16942047393062795,0.0037728380685125382,0.002486576817267422
2077,4.473000000000005,control,25.926899979822338,0.0003171285281907901,88066.94376854328,88066.94376854328,7.721413485563734e-07,273.0,5.96029939556068,341.50000000000256,1.613291217438377,92.4347778847414,52,53,0.7427938629375063,0.0009538290415657855,0.16965861613510588,0.003908485154952873,0.0015746611155540578,0.1694225089431887,0.00375765026876901,0.002486413314108679
2078,4.4740000000000055,control,27.123100007884204,0.0003174096149350072,88067.6912946172,88067.6912946172,7.793514060038821e-07,312.0,5.969026041820652,342.0000000000026,1.6198106076381242,92.80831142818587,52,53,0.7427114222292174,0.0009538587294446174,0.16965921919370983,0.003899843113834186,0.0015751462937993498,0.16942462804484387,0.0037420988163765012,0.0024861513460526473
2079,4.475000000000006,control,27.556900051422417,0.00031772143210336516,88068.43107937234,88068.43107937234,4.121142710093571e-07,378.0,5.977752688080624,342.5000000000026,1.6263378838024636,93.18229680411885,52,53,0.7426337032807727,0.0009538874157177287,0.16965982292741089,0.0038911920304771077,0.001575596716601392,0.1694268007025965,0.00372633957866641,0.0024857755527315237
2080,4.476000000000006,control,27.482499950565398,0.0003180491705140451,88069.16320297719,88069.16320297719,1.323980496976237e-06,501.0,5.986479334340596,343.0000000000026,1.632873256190031,93.5567460594728,52,53,0.7425589136134956,0.0009539223124579007,0.16966042839650317,0.0038825195790682544,0.0015760061791967425,0.16942900363546748,0.003710458418847912,0.0024852945357307045
2081,4.4770000000000065,control,25.58270003646612,0.00031837903864914935,88069.88774476993,88069.88774476993,7.786459900946172e-07,237.0,5.995205980600568,343.5000000000027,1.6394218747025193,93.93195426187962,52,53,0.7424231859729579,0.0009538404337050048,0.16966105316297223,0.0038734830691551664,0.0015762117644012412,0.16943073297653222,0.003696457022013784,0.0024847413254625687
2082,4.478000000000007,control,30.782500049099326,0.000318453250798296,88070.60478326725,88070.60478326725,7.736715981534664e-07,190.0,6.00393262686054,344.0000000000027,1.645983304648512,94.30789650535576,52,53,0.7422529526146152,0.0009538365594892063,0.16966169135314377,0.003864221559780805,0.0015763164586075303,0.16943215146489782,0.003683603952324533,0.0024843323735556193
2083,4.479000000000007,control,28.66890002042055,0.0003183657354829174,88071.31439617263,88071.31439617263,5.310388751736341e-07,418.0,6.012659273120512,344.5000000000027,1.6525501587173175,94.68414952817662,52,53,0.7421619537882002,0.0009540375382733991,0.16966231742003396,0.0038552563523289525,0.0015766052524289532,0.16943407181005463,0.003668772749946659,0.0024839725606357523
2084,4.4800000000000075,control,29.226899961940944,0.00031856050844964964,88072.01666038489,88072.01666038489,6.728403051958115e-07,292.0,6.021385919380484,345.00000000000273,1.659126749725195,95.06096043651169,52,53,0.7420335739364805,0.0009539407029198611,0.16966294999117343,0.0038460980226061115,0.0015767243795473222,0.16943580164234107,0.0036548673431542073,0.002483276815728668
2085,4.481000000000008,control,41.884300066158175,0.0003186097841340901,88072.71165200653,88072.71165200653,7.313746912979831e-07,371.0,6.030112565640456,345.50000000000273,1.6657111801569453,95.43822051074848,52,53,0.7419099280517142,0.0009539509987081622,0.16966358067962375,0.003836984228728385,0.0015767968254774994,0.16943756935155216,0.003640701614231313,0.0024825641922808124
2086,4.482000000000008,control,45.38899997714907,0.0003186794918664544,88073.3994463518,88073.3994463518,7.799310270609447e-07,419.0,6.038839211900428,346.00000000000273,1.6723037420357194,95.81594648258108,52,53,0.7417920909038371,0.0009539716310225947,0.16966421121578384,0.0038278805761066317,0.001576817254305923,0.1694393856768125,0.0036263331980369616,0.0024817448780501605
2087,4.4830000000000085,control,32.06230001524091,0.0003187514041460676,88074.08011795525,88074.08011795525,1.3820017992570789e-06,501.0,6.0475658581604,346.5000000000028,1.678904639172393,96.19415002951246,52,53,0.741677382341649,0.0009539941595153289,0.16966484212496563,0.00381877470281457,0.001576789701002359,0.1694412303947345,0.003611854946614579,0.0024808288953886044
2088,4.484000000000009,control,28.351100045256317,0.0003188199436257899,88074.75374057931,88074.75374057931,7.795837580493067e-07,240.0,6.056292504420372,347.0000000000028,1.685518763308014,96.57311142765916,52,53,0.7415061675107559,0.0009538905198270091,0.16966548804585826,0.003809375750885072,0.0015765311451964048,0.16944264552151223,0.0035990818351176795,0.002479872056563837
2089,4.485000000000009,control,30.836899997666478,0.0003186051100533319,88075.4203872227,88075.4203872227,1.6401409431848964e-06,501.0,6.065019150680344,347.5000000000028,1.6921394913232453,96.95245120023594,52,53,0.7413945063417581,0.0009540725790683365,0.16966612560782912,0.0038002031629832053,0.0015764236821972175,0.1694444251246058,0.0035847733203869963,0.002479027340946521
2090,4.4860000000000095,control,27.4078999646008,0.0003186398682476394,88076.08013012804,88076.08013012804,7.749191238561284e-07,233.0,6.073745796940316,348.00000000000284,1.6987738006958897,97.33256912727255,52,53,0.7412094245012976,0.0009538807046759743,0.16966677668985355,0.003790706384119546,0.0015760083618038033,0.1694457277806992,0.003572528663671709,0.002477908722605918
2091,4.48700000000001,control,28.299300000071526,0.0003183105724098861,88076.7330407899,88076.7330407899,4.582788251521668e-07,465.0,6.082472443200288,348.50000000000284,1.7054138421092357,97.71301547604936,52,53,0.7410960664126733,0.000954074533520989,0.16966741556547066,0.0037815193411397485,0.001575779748060528,0.1694474848025859,0.003558317857651658,0.002476928888224871
2092,4.48800000000001,control,27.412299998104572,0.0003183038579463518,88077.37918996243,88077.37918996243,6.744080735010289e-07,357.0,6.09119908946026,349.0000000000029,1.7120633833306398,98.09400612373408,52,53,0.7409628999416905,0.0009539980026685701,0.1696680573447793,0.0037722324912392515,0.0015754107363326925,0.16944915266028415,0.0035446504658073552,0.0024756325700503695
2093,4.4890000000000105,control,30.812500044703484,0.000318206441882267,88078.01864766706,88078.01864766706,3.569679068074723e-07,456.0,6.099925735720232,349.5000000000029,1.7187211291946773,98.47546686281412,52,53,0.7408353828218631,0.0009540024054015561,0.1696686967384496,0.003763002893760025,0.0015749863929631703,0.16945086855183947,0.0035307119397107265,0.0024742707658380516
2094,4.490000000000011,control,26.21399995405227,0.00031812517060294913,88078.65148320011,88078.65148320011,7.76527532771262e-07,241.0,6.108652381980204,350.0000000000029,1.7253921510989223,98.85768826296668,52,53,0.7406532520212452,0.0009538917945936759,0.1696693490806063,0.003753518369174532,0.0015743070800919696,0.16945217876215243,0.003518368354352187,0.0024728898971460474
2095,4.491000000000011,control,28.242900036275387,0.0003177679417089167,88079.27776514024,88079.27776514024,4.447043723213172e-07,493.0,6.117379028240176,350.50000000000296,1.7320692459670584,99.24025761831933,52,53,0.7405421020792352,0.0009540902762352104,0.1696699896765128,0.003744329712667808,0.0015738228632735589,0.16945394582838502,0.003504132805223247,0.0024715526425205135
2096,4.4920000000000115,control,27.207500068470836,0.00031773577752449984,88079.89756135589,88079.89756135589,3.4127495243550416e-07,400.0,6.126105674500148,351.00000000000296,1.7387559792145721,99.62337921213168,52,53,0.7404125113832649,0.0009540144177228496,0.16967063226643647,0.0037350617450006623,0.0015732025308859842,0.1694556357309821,0.00349040993432953,0.0024698995201198177
2097,4.493000000000012,control,26.036700000986457,0.00031762345111228626,88080.51093901267,88080.51093901267,7.490985842451076e-07,247.0,6.13483232076012,351.50000000000296,1.7454559026336476,100.00725654710556,52,53,0.7402272310344886,0.0009538914848265936,0.16967128631702894,0.0037255686602340053,0.0015723146881168734,0.16945691382397043,0.003478231608088086,0.0024682933606757313
2098,4.494000000000012,control,27.902400004677474,0.00031723364887027846,88081.11796458077,88081.11796458077,4.856089281928832e-07,479.0,6.143558967020092,352.000000000003,1.7521619253661214,100.39148334699509,52,53,0.7401154781461298,0.0009540935654666253,0.16967192805163464,0.0037163860151630873,0.001571629501558672,0.16945866868574358,0.0034640645313113354,0.002466698685092219
2099,4.4950000000000125,control,28.362399898469448,0.0003171810857432902,88081.71870384176,88081.71870384176,3.5890380940666885e-07,383.0,6.152285613280064,352.500000000003,1.7588776746780832,100.77626743883839,52,53,0.7399863157327429,0.0009540145810741351,0.16967257099555355,0.0037071405210001417,0.0015708069328299074,0.1694603575726313,0.003450377782426618,0.0024647768317157186
2100,4.496000000000013,control,26.896800030954182,0.0003170554654990662,88082.31322189621,88082.31322189621,7.478171684098086e-07,248.0,6.161012259540036,353.000000000003,1.765606725138654,101.16181363035966,52,53,0.7398008252280861,0.0009538873943671196,0.16967322497860035,0.0036976762493533396,0.001569710597485299,0.16946163448500678,0.003438240953878709,0.0024629205121276046
2101,4.497000000000013,control,28.36230001412332,0.000316670450658175,88082.90158317037,88082.90158317037,5.045574012274558e-07,469.0,6.169738905800008,353.50000000000307,1.7723418779285072,101.54770945959402,52,53,0.739692643316704,0.0009540975698155382,0.16967386600870676,0.003688539551818213,0.0015688314861004437,0.16946341400944004,0.003424002477623837,0.0024610378888510814
2102,4.4980000000000135,control,35.27539991773665,0.0003166373934642647,88083.48385142339,88083.48385142339,5.790224290129294e-07,376.0,6.17846555205998,354.00000000000307,1.7790869167870977,101.93417171884299,52,53,0.7395670643864192,0.0009540172758047241,0.16967450786463728,0.0036793471503304294,0.0015678128469305244,0.1694651317990039,0.0034102381141927775,0.0024588184318416525
2103,4.499000000000014,control,33.25790003873408,0.000316532015696177,88084.0600897541,88084.0600897541,7.466959422215304e-07,249.0,6.187192198319952,354.50000000000307,1.7858454034331337,102.32140447955638,52,53,0.7393836908300115,0.0009538863162550509,0.1696751607015917,0.003669936425440337,0.0015665161724393488,0.16946643044881668,0.003398063087678303,0.002456693499790052
2104,4.500000000000014,control,28.1360000371933,0.0003161690408514014,88084.63036060783,88084.63036060783,4.960063658138332e-07,473.0,6.195918844579924,355.0000000000031,1.7926100893041026,102.70899242969467,52,53,0.7392792261040289,0.0009540977038998418,0.16967580039550878,0.0036608613618548842,0.0015654433021524633,0.16946824188942797,0.003383735982778876,0.0024545009040053637
